-- phpMyAdmin SQL Dump
-- version 4.9.0.1
-- https://www.phpmyadmin.net/
-- cecep
-- Servidor: 127.0.0.1
-- Tiempo de generación: 15-10-2019 a las 05:45:34
-- Versión del servidor: 10.4.6-MariaDB
-- Versión de PHP: 7.1.31

SET SQL_MODE = "NO_AUTO_VALUE_ON_ZERO";
SET AUTOCOMMIT = 0;
START TRANSACTION;
SET time_zone = "+00:00";


/*!40101 SET @OLD_CHARACTER_SET_CLIENT=@@CHARACTER_SET_CLIENT */;
/*!40101 SET @OLD_CHARACTER_SET_RESULTS=@@CHARACTER_SET_RESULTS */;
/*!40101 SET @OLD_COLLATION_CONNECTION=@@COLLATION_CONNECTION */;
/*!40101 SET NAMES utf8mb4 */;

--
-- Base de datos: `persona`
--

-- --------------------------------------------------------

--
-- Estructura de tabla para la tabla `tb_barrio`
--

CREATE TABLE `tb_barrio` (
  `barr_codi` int(10) UNSIGNED NOT NULL COMMENT 'Codigo del barrio',
  `barr_nomb` varchar(30) COLLATE utf8_spanish_ci NOT NULL COMMENT 'Nombre del barrio',
  `barr_estr` tinyint(3) UNSIGNED NOT NULL,
  `comu_codi` int(10) UNSIGNED NOT NULL COMMENT 'Codigo de la comuna a la que pertenece'
) ENGINE=MyISAM DEFAULT CHARSET=utf8 COLLATE=utf8_spanish_ci COMMENT='Se almacena la informacion del barrio';

--
-- Volcado de datos para la tabla `tb_barrio`
--

INSERT INTO `tb_barrio` (`barr_codi`, `barr_nomb`, `barr_estr`, `comu_codi`) VALUES
(1, 'Aguacatal', 0, 1),
(2, 'Bajo Aguacatal', 0, 1),
(3, 'La Legua', 0, 1),
(4, 'Palermo', 0, 1),
(5, 'Terrón Colorado', 0, 1),
(6, 'Vista Hermosa', 0, 1),
(7, 'Villa del Mar', 0, 1),
(8, 'Palmas 1', 0, 1),
(9, 'Palmas 2', 0, 1),
(10, 'Rialengo', 0, 1),
(11, 'Patio Bonito', 0, 1),
(12, 'Bosque Municipal', 0, 1),
(13, 'Altos de Menga', 0, 2),
(14, 'Arboledas', 0, 2),
(15, 'Área Libre-Parque del Amor.', 0, 2),
(16, 'Arroyohondo', 0, 2),
(17, 'Brisas de los Álamos', 0, 2),
(18, 'Centenario', 0, 2),
(19, 'Ciudad los Álamos', 0, 2),
(20, 'Chipichape', 0, 2),
(21, 'Dapa', 0, 2),
(22, 'El Bosque', 0, 2),
(23, 'Granada', 0, 2),
(24, 'Juanambú', 0, 2),
(25, 'La Campiña', 0, 2),
(26, 'La Flora', 0, 2),
(27, 'La Paz', 0, 2),
(28, 'Menga', 0, 2),
(29, 'Normandía', 0, 2),
(30, 'Prados del Norte', 0, 2),
(31, 'San Vicente', 0, 2),
(32, 'Santa Mónica', 0, 2),
(33, 'Santa Rita', 0, 2),
(34, 'Santa Teresita', 0, 2),
(35, 'Sector Altos de Normandía-Bata', 0, 2),
(36, 'Urbanización La Flora', 0, 2),
(37, 'Urbanización La Merced', 0, 2),
(38, 'Versalles', 0, 2),
(39, 'Vipasa', 0, 2),
(40, 'Acueducto San Antonio', 0, 3),
(41, 'El Calvario', 0, 3),
(42, 'El Hoyo', 0, 3),
(43, 'El Nacional', 0, 3),
(44, 'El Peñón', 0, 3),
(45, 'El Piloto', 0, 3),
(46, 'La Merced', 0, 3),
(47, 'Los Libertadores', 0, 3),
(48, 'Navarro-La Chanca', 0, 3),
(49, 'San Antonio', 0, 3),
(50, 'San Cayetano', 0, 3),
(51, 'San Juan Bosco', 0, 3),
(52, 'San Nicolás', 0, 3),
(53, 'San Pascual', 0, 3),
(54, 'San Pedro', 0, 3),
(55, 'Jorge Isaacs', 0, 4),
(56, 'Santander', 0, 4),
(57, 'Porvenir', 0, 4),
(58, 'Las Delicias', 0, 4),
(59, 'Manzanares', 0, 4),
(60, 'Salomia', 0, 4),
(61, 'Fátima', 0, 4),
(62, 'Sultana-Berlín-San Francísco', 0, 4),
(63, 'Popular', 0, 4),
(64, 'Ignacio Rengifo', 0, 4),
(65, 'Guillermo Valencia', 0, 4),
(66, 'La Isla', 0, 4),
(67, 'Marco Fidel Suárez', 0, 4),
(68, 'Evaristo García', 0, 4),
(69, 'La Esmeralda', 0, 4),
(70, 'Bolivariano', 0, 4),
(71, 'Olaya Herrera', 0, 4),
(72, 'Unidad Residencial Bueno Madri', 0, 4),
(73, 'Flora Industrial', 0, 4),
(74, 'Calima', 0, 4),
(75, 'El Sena', 0, 5),
(76, 'Los Andes', 0, 5),
(77, 'Los Guayacanes', 0, 5),
(78, 'la rivera 2', 0, 5),
(79, 'Chiminangos Etapa 1', 0, 5),
(80, 'Chiminangos Etapa 2', 0, 5),
(81, 'Metropolitano del Norte', 0, 5),
(82, 'Los Parques', 0, 5),
(83, 'Barranquilla', 0, 5),
(84, 'Villa del Sol', 0, 5),
(85, 'Paseo de los Almendros', 0, 5),
(86, 'Los Andés B', 0, 5),
(87, 'gaitan', 0, 5),
(88, 'la rivera 1', 0, 5),
(89, 'Portales de Comfandi', 0, 5),
(90, 'Torres de Comfandi', 0, 5),
(91, 'Villa del Prado', 0, 5),
(92, 'El Guabito', 0, 5),
(93, 'Ciudadela Floralia', 0, 6),
(94, 'Fonaviemcali', 0, 6),
(95, 'Jórge Elíecer Gaitán', 0, 6),
(96, 'La Rivera I', 0, 6),
(97, 'Los Alcazares', 0, 6),
(98, 'Los Guaduales', 0, 6),
(99, 'Paso del Comercio', 0, 6),
(100, 'Petecuy Etapa 1', 0, 6),
(101, 'Petecuy Etapa 2', 0, 6),
(102, 'Petecuy Etapa 3', 0, 6),
(103, 'San Luís 1', 0, 6),
(104, 'San Luís 2', 0, 6),
(105, 'Sector Puente del Comercio', 0, 6),
(106, 'Urbanización Calimio', 0, 6),
(107, 'Alfonzo López Etapa1', 0, 7),
(108, 'Alfonzo López Etapa 2', 0, 7),
(109, 'Alfonzo López Etapa 3', 0, 7),
(110, 'Puerto Nuevo', 0, 7),
(111, 'Puerto Mallarino', 0, 7),
(112, 'Urbanización El Ángel del Hoga', 0, 7),
(113, 'Siete de Agosto', 0, 7),
(114, 'Los Pinos', 0, 7),
(115, 'San Marino', 0, 7),
(116, 'Las Ceibas', 0, 7),
(117, 'las veraneras', 0, 7),
(118, 'Base Aérea', 0, 7),
(119, 'Fepicol', 0, 7),
(120, 'Atanasio Girardot', 0, 8),
(121, 'Benjamín Herrera', 0, 8),
(122, 'Chapinero', 0, 8),
(123, 'El trébol', 0, 8),
(124, 'El troncal', 0, 8),
(125, 'Industrial', 0, 8),
(126, 'La Base', 0, 8),
(127, 'La Floresta', 0, 8),
(128, 'Las Americas', 0, 8),
(129, 'Municipal', 0, 8),
(130, 'Primitivo Crespo', 0, 8),
(131, 'Rafael Uribe Uribe', 0, 8),
(132, 'Saavedra Galindo', 0, 8),
(133, 'Santa Fe', 0, 8),
(134, 'Santa Mónica Popular', 0, 8),
(135, 'Simón Bolívar', 0, 8),
(136, 'Urbanización La Base', 0, 8),
(137, 'Villacolombia', 0, 8),
(138, 'Alameda', 0, 9),
(139, 'Bretaña', 0, 9),
(140, 'Junín', 0, 9),
(141, 'Guayaquil', 0, 9),
(142, 'Aranjuez', 0, 9),
(143, 'Manuel María Buenaventura', 0, 9),
(144, 'Belalcázar', 0, 9),
(145, 'Santa Mónica Belalcázar', 0, 9),
(146, 'Sucre', 0, 9),
(147, 'Obrero', 0, 9),
(148, 'El Dorado', 0, 10),
(149, 'Cristóbal Colón', 0, 10),
(150, 'Departamental', 0, 10),
(151, 'Panamericano', 0, 10),
(152, 'Colseguros Andes', 0, 10),
(153, 'El Guabal', 0, 10),
(154, 'Jorge Zawadsky', 0, 10),
(155, 'Las Granjas', 0, 10),
(156, 'La Libertad', 0, 10),
(157, 'La Selva', 0, 10),
(158, 'Olímpico', 0, 10),
(159, 'Pasoancho', 0, 10),
(160, 'San Judas Tadeo 1', 0, 10),
(161, 'San Judas Tadeo 2', 0, 10),
(162, 'Santa Elena', 0, 10),
(163, 'Santo Domingo', 0, 10),
(164, '20 de julio', 0, 11),
(165, 'Aguablanca', 0, 11),
(166, 'El jardin', 0, 11),
(167, 'El prado', 0, 11),
(168, 'El recuerdo', 0, 11),
(169, 'Jose Holguín Garcés', 0, 11),
(170, 'Jose María Córdoba', 0, 11),
(171, 'La Fortaleza', 0, 11),
(172, 'La Gran Colombia', 0, 11),
(173, 'La Independencia', 0, 11),
(174, 'León XIII', 0, 11),
(175, 'Los Conquistadores', 0, 11),
(176, 'Los Sauces', 0, 11),
(177, 'Maracaibo', 0, 11),
(178, 'Prados de Oriente', 0, 11),
(179, 'Primavera', 0, 11),
(180, 'San Benito', 0, 11),
(181, 'San Carlos', 0, 11),
(182, 'San Pedro Claver', 0, 11),
(183, 'Urbanización Boyacá', 0, 11),
(184, 'Villa del Sur', 0, 11),
(185, 'Villanueva', 0, 12),
(186, 'Asturias', 0, 12),
(187, 'Eduardo Santos', 0, 12),
(188, 'Alfonso Barberena', 0, 12),
(189, 'Paraiso', 0, 12),
(190, 'Fenalco Kennedy', 0, 12),
(191, 'Nueva Floresta', 0, 12),
(192, 'Julio Rincon', 0, 12),
(193, 'Doce de Octubre', 0, 12),
(194, 'El Rodeo', 0, 12),
(195, 'Sindical', 0, 12),
(196, 'Bello Horizonte', 0, 12),
(197, 'Villanueva', 0, 12),
(198, 'Asturias', 0, 12),
(199, 'Eduardo Santos', 0, 12),
(200, 'Alfonso Barberena', 0, 12),
(201, 'Paraiso', 0, 12),
(202, 'Fenalco Kennedy', 0, 12),
(203, 'Nueva Floresta', 0, 12),
(204, 'Julio Rincon', 0, 12),
(205, 'Doce de Octubre', 0, 12),
(206, 'El Rodeo', 0, 12),
(207, 'Sindical', 0, 12),
(208, 'Bello Horizonte', 0, 12),
(209, 'Ulpiano Lloreda', 0, 13),
(210, 'El Vergel', 0, 13),
(211, 'El Poblado 1', 0, 13),
(212, 'El Poblado 2', 0, 13),
(214, 'Ricardo Balcázar', 0, 13),
(215, 'Omar Torrijos', 0, 13),
(216, 'El Diamante', 0, 13),
(217, 'Villa del Lago', 0, 13),
(218, 'Los Robles', 0, 13),
(219, 'Charco Azul', 0, 13),
(220, 'Villa Blanca', 0, 13),
(221, 'La Paz', 0, 13),
(222, 'Calipso', 0, 13),
(223, 'Yira Castro', 0, 13),
(224, 'Lleras-Cinta larga', 0, 13),
(225, 'Marroquín 3', 0, 13),
(226, 'Los Lagos ', 0, 13),
(227, 'El Pondaje', 0, 13),
(228, 'Alfonso Bonilla Aragón', 0, 14),
(229, 'Las Orquídeas', 0, 14),
(230, 'Manuela Beltrán', 0, 14),
(231, 'Alirio Mora Beltrán', 0, 14),
(232, 'Puertas del Sol', 0, 14),
(233, 'Promociones Populares', 0, 14),
(234, 'los Naranjos 1', 0, 14),
(235, 'los Naranjos 2', 0, 14),
(236, 'los Naranjos 3', 0, 14),
(237, 'Marroquín 1', 0, 14),
(238, 'Marroquín 2', 0, 14),
(239, ' SectorLos Mangos', 0, 14),
(240, 'Ciudad Córdoba', 0, 15),
(241, 'El Vallado', 0, 15),
(242, 'El Retiro', 0, 15),
(243, 'Laureano Gómez', 0, 15),
(244, 'Comuneros 1', 0, 15),
(245, 'Mojica', 0, 15),
(246, 'Mariano Ramos', 0, 16),
(247, 'República de Israel', 0, 16),
(248, 'Unión de Vivienda Popular', 0, 16),
(249, 'Antonio Nariño', 0, 16),
(250, 'Brisas del Limonar', 0, 16),
(251, 'Ciudad 2000', 0, 16),
(252, 'La Alborada', 0, 16),
(253, 'La Playa', 0, 17),
(254, 'Primero de Mayo', 0, 17),
(255, 'Ciudadela Comfandi', 0, 17),
(256, 'Ciudad Universitaria', 0, 17),
(257, 'Caney', 0, 17),
(258, 'Valle del Lilí', 0, 17),
(259, 'La Selva', 0, 17),
(260, 'Santa Anita', 0, 17),
(261, 'El Ingenio', 0, 17),
(262, 'Mayapán', 0, 17),
(263, 'Las Vegas', 0, 17),
(264, 'Las Quintas de Don Simón', 0, 17),
(265, 'Ciudad Capri', 0, 17),
(266, 'La Hacienda', 0, 17),
(267, 'Los Portales', 0, 17),
(268, 'Nuevo Rey', 0, 17),
(269, 'Cañaverales', 0, 17),
(270, 'Los Samanes', 0, 17),
(271, 'El Limonar', 0, 17),
(272, 'Bosques del Limonar', 0, 17),
(273, 'Cataya', 0, 17),
(274, 'Gran Limonar', 0, 17),
(275, 'Unicentro Cali', 0, 17),
(276, 'Ciudadela Pasoancho', 0, 17),
(277, 'Prados de Limonar', 0, 17),
(278, 'Urbanizacion San Joaquin', 0, 17),
(279, 'Buenos Aires', 0, 18),
(280, 'Barrio Caldas', 0, 18),
(281, 'Los Chorros', 0, 18),
(282, 'Meléndez', 0, 18),
(283, 'Los Farallones', 0, 18),
(284, 'Alférez Real (Camilo Torres)', 0, 18),
(285, 'Francisco Eladio Ramírez', 0, 18),
(286, 'Prados del Sur', 0, 18),
(287, 'Horizontes', 0, 18),
(288, 'Mario Correa Rengifo', 0, 18),
(289, 'Lourdes', 0, 18),
(290, 'El Jordán', 0, 18),
(291, 'Sector Meléndez', 0, 18),
(292, 'Sector Jordán', 0, 18),
(293, 'Alto Nápoles', 0, 18),
(294, 'Urbanización Nápoles', 0, 18),
(295, 'El Refugio', 0, 19),
(296, 'La Cascada', 0, 19),
(297, 'El Lido', 0, 19),
(298, 'Urbanización Tequendama', 0, 19),
(299, 'Eucarístico', 0, 19),
(300, 'San Fernando Nuevo', 0, 19),
(301, 'Urbanización Nueva Granada', 0, 19),
(302, 'Santa Isabel', 0, 19),
(303, 'Bellavista', 0, 19),
(304, 'San Fernando Viejo', 0, 19),
(305, 'Miraflores', 0, 19),
(306, '3 de julio', 0, 19),
(307, 'El Cedro', 0, 19),
(308, 'Champagnat', 0, 19),
(309, 'Urbanización Colseguros', 0, 19),
(310, 'Los Cámbulos', 0, 19),
(311, 'El Mortiñal', 0, 19),
(312, 'Urbanización Militar', 0, 19),
(313, 'Cuarto de Legua', 0, 19),
(314, 'Guadalupe', 0, 19),
(315, 'Santa Barbara', 0, 19),
(316, 'Tejares', 0, 19),
(317, 'Cristales', 0, 19),
(318, 'Nueva Tequendama', 0, 19),
(319, 'Cañaveralejo', 0, 19),
(320, 'Seguros Patria', 0, 19),
(321, 'Camino Real', 0, 19),
(322, 'Joaquín Borrero ', 0, 19),
(323, 'Pampalinda', 0, 19),
(324, 'Sector La Sirena', 0, 19),
(325, 'Sector Bosque Municipal', 0, 19),
(326, 'Belen', 0, 20),
(327, 'Belisario Caicedo', 0, 20),
(328, 'Brisas De Mayo', 0, 20),
(329, 'Cementerio Carabineros', 0, 20),
(330, 'Cortijo', 0, 20),
(331, 'La Estrella', 0, 20),
(332, 'La Nave', 0, 20),
(333, 'Los Mangos', 0, 20),
(334, 'Lleras Camargo', 0, 20),
(335, 'Pueblo Joven', 0, 20),
(336, 'Monaco', 0, 20),
(337, 'La Sultana', 0, 20),
(338, 'Siloe', 0, 20),
(339, 'Tierra Blanca', 0, 20),
(340, 'Venezuela', 0, 20),
(341, 'Potrero Grande', 0, 21),
(342, 'Calimio Desepaz', 0, 21),
(343, 'Líderes', 0, 21),
(344, 'Talanga Comfenalco', 0, 21),
(345, 'Compartir', 0, 21),
(346, 'Valle Grande', 0, 21),
(347, 'Santa Clara', 0, 21),
(348, 'Pizamos 1', 0, 21),
(349, 'Pizamos 2', 0, 21),
(350, 'Pizamos 3', 0, 21),
(351, 'Remansos', 0, 21),
(352, 'Suerte 90', 0, 21),
(353, 'Tercer Milenio', 0, 21),
(354, 'La Pradera', 0, 21),
(355, 'Manantial', 0, 21),
(356, 'Ciudadela del río', 0, 21),
(357, 'Villa Mercedes', 0, 21),
(358, 'Las Dailas', 0, 21),
(359, 'Villa Luz', 0, 21),
(360, 'Urbanización Ciudad Jardín', 0, 22),
(361, 'Parcelaciones Pance', 0, 22),
(362, 'Urbanización Río Lili', 0, 22),
(363, 'Ciudad Campestre', 0, 22),
(364, 'Club Campestre', 0, 22),
(365, 'La Morada', 5, 22),
(366, 'Bella Suiza', 5, 19),
(367, 'La merced', 3, 23),
(368, 'Ciudad Jardin', 5, 22),
(369, 'Condominio Valle del Rio', 6, 22),
(370, 'Calatrava', 6, 24),
(371, 'Potrerito', 0, 25),
(372, 'Seminario', 3, 19),
(373, 'Parcelacion Andalucia', 3, 22),
(374, 'Ciudad Campestre del Castillo', 5, 25),
(375, 'Dapa', 4, 26),
(376, 'Cascajal', 0, 22);

-- --------------------------------------------------------

--
-- Estructura de tabla para la tabla `tb_comuna`
--

CREATE TABLE `tb_comuna` (
  `comu_codi` int(10) UNSIGNED NOT NULL COMMENT 'Codigo de la comuna',
  `comu_nomb` varchar(30) COLLATE utf8_spanish_ci NOT NULL COMMENT 'Nombre de la comuna',
  `muni_codi` int(10) UNSIGNED NOT NULL COMMENT 'Codigo del municipio al que pertenece'
) ENGINE=MyISAM DEFAULT CHARSET=utf8 COLLATE=utf8_spanish_ci COMMENT='Se almacena la informacion de la comuna';

--
-- Volcado de datos para la tabla `tb_comuna`
--

INSERT INTO `tb_comuna` (`comu_codi`, `comu_nomb`, `muni_codi`) VALUES
(1, 'Comuna 1', 2258),
(2, 'Comuna 2', 2258),
(3, 'Comuna 3', 2258),
(4, 'Comuna 4', 2258),
(5, 'Comuna 5', 2258),
(6, 'Comuna 6', 2258),
(7, 'Comuna 7', 2258),
(8, 'Comuna 8', 2258),
(9, 'Comuna 9', 2258),
(10, 'Comuna 10', 2258),
(11, 'Comuna 11', 2258),
(12, 'Comuna 12', 2258),
(13, 'Comuna 13', 2258),
(14, 'Comuna 14', 2258),
(15, 'Comuna 15', 2258),
(16, 'Comuna 16', 2258),
(17, 'Comuna 17', 2258),
(18, 'Comuna 18', 2258),
(19, 'Comuna 19', 2258),
(20, 'Comuna 20', 2258),
(21, 'Comuna 21', 2258),
(22, 'Comuna 22', 2258),
(23, 'Otra', 2289),
(24, 'Suba', 2257),
(25, 'Otra', 5037),
(26, 'Corregimientos', 5054),
(10002, 'Modificada', 5555),
(10000, 'actualizada', 3456);

-- --------------------------------------------------------

--
-- Estructura de tabla para la tabla `tb_departamento`
--

CREATE TABLE `tb_departamento` (
  `depa_codi` int(10) UNSIGNED NOT NULL COMMENT 'Codigo del departamento',
  `depa_nomb` varchar(52) COLLATE utf8_spanish_ci NOT NULL COMMENT 'Nombre del departamento',
  `pais_codi` char(3) COLLATE utf8_spanish_ci NOT NULL COMMENT 'Codigo del pais al que pertenece'
) ENGINE=MyISAM DEFAULT CHARSET=utf8 COLLATE=utf8_spanish_ci COMMENT='Se almacena la informacion de los departamentos de un pais';

--
-- Volcado de datos para la tabla `tb_departamento`
--

INSERT INTO `tb_departamento` (`depa_codi`, `depa_nomb`, `pais_codi`) VALUES
(3, 'Abhasia [Aphazeti]', 'GEO'),
(4, 'Abidjan', 'CIV'),
(5, 'Abruzzit', 'ITA'),
(6, 'Abu Dhabi', 'ARE'),
(7, 'Aceh', 'IDN'),
(8, 'Acre', 'BRA'),
(9, 'Adana', 'TUR'),
(10, 'Addis Abeba', 'ETH'),
(11, 'Aden', 'YEM'),
(12, 'Adiyaman', 'TUR'),
(13, 'Adygea', 'RUS'),
(14, 'Adzaria [Atšara]', 'GEO'),
(15, 'Afyon', 'TUR'),
(16, 'Aguascalientes', 'MEX'),
(17, 'Ahal', 'TKM'),
(18, 'Aichi', 'JPN'),
(19, 'Ajman', 'ARE'),
(20, 'Akershus', 'NOR'),
(21, 'Akita', 'JPN'),
(22, 'Aksaray', 'TUR'),
(23, 'al-Anbar', 'IRQ'),
(24, 'al-Asima', 'KWT'),
(25, 'al-Bahr al-Abyad', 'SDN'),
(26, 'al-Bahr al-Ahmar', 'SDN'),
(27, 'al-Batina', 'OMN'),
(28, 'al-Buhayra', 'EGY'),
(29, 'al-Daqahliya', 'EGY'),
(30, 'al-Faiyum', 'EGY'),
(31, 'al-Gharbiya', 'EGY'),
(32, 'al-Hasaka', 'SYR'),
(33, 'al-Jazira', 'SDN'),
(34, 'al-Khudud al-Samaliy', 'SAU'),
(35, 'al-Manama', 'BHR'),
(36, 'al-Minufiya', 'EGY'),
(37, 'al-Minya', 'EGY'),
(38, 'al-Najaf', 'IRQ'),
(39, 'al-Qadarif', 'SDN'),
(40, 'al-Qadisiya', 'IRQ'),
(41, 'al-Qalyubiya', 'EGY'),
(42, 'al-Qasim', 'SAU'),
(43, 'al-Raqqa', 'SYR'),
(44, 'al-Shamal', 'LBN'),
(45, 'al-Sharqiya', 'EGY'),
(46, 'al-Sharqiya', 'SAU'),
(47, 'al-Sulaymaniya', 'IRQ'),
(48, 'al-Tamim', 'IRQ'),
(49, 'al-Zarqa', 'JOR'),
(50, 'al-Zawiya', 'LBY'),
(51, 'Alabama', 'USA'),
(52, 'Alagoas', 'BRA'),
(53, 'Alaska', 'USA'),
(54, 'Alberta', 'CAN'),
(55, 'Aleksandria', 'EGY'),
(56, 'Aleppo', 'SYR'),
(57, 'Alger', 'DZA'),
(58, 'Almaty', 'KAZ'),
(59, 'Almaty Qalasy', 'KAZ'),
(60, 'Alsace', 'FRA'),
(61, 'Altai', 'RUS'),
(62, 'Alto Paraná', 'PRY'),
(63, 'Amapá', 'BRA'),
(64, 'Amazonas', 'BRA'),
(65, 'Amhara', 'ETH'),
(66, 'Amman', 'JOR'),
(67, 'Amur', 'RUS'),
(68, 'An Giang', 'VNM'),
(69, 'Anambra & Enugu & Eb', 'NGA'),
(70, 'Ancash', 'PER'),
(71, 'Andalusia', 'ESP'),
(72, 'Andhra Pradesh', 'IND'),
(73, 'Andijon', 'UZB'),
(74, 'Andorra la Vella', 'AND'),
(75, 'Anhalt Sachsen', 'DEU'),
(76, 'Anhui', 'CHN'),
(77, 'Ankara', 'TUR'),
(78, 'Annaba', 'DZA'),
(79, 'Antalya', 'TUR'),
(80, 'Antananarivo', 'MDG'),
(81, 'Antioquia', 'COL'),
(82, 'Antofagasta', 'CHL'),
(83, 'Antwerpen', 'BEL'),
(84, 'Anzoátegui', 'VEN'),
(85, 'Aomori', 'JPN'),
(86, 'Apulia', 'ITA'),
(87, 'Apure', 'VEN'),
(88, 'Aqtöbe', 'KAZ'),
(89, 'Aqua Grande', 'STP'),
(90, 'Aquitaine', 'FRA'),
(91, 'Arad', 'ROM'),
(92, 'Aragonia', 'ESP'),
(93, 'Aragua', 'VEN'),
(94, 'Ardebil', 'IRN'),
(95, 'Arecibo', 'PRI'),
(96, 'Arequipa', 'PER'),
(97, 'Arges', 'ROM'),
(98, 'Ariana', 'TUN'),
(99, 'Arizona', 'USA'),
(100, 'Arkangeli', 'RUS'),
(101, 'Arkansas', 'USA'),
(102, 'ARMM', 'PHL'),
(103, 'Arusha', 'TZA'),
(104, 'Ashanti', 'GHA'),
(105, 'Asir', 'SAU'),
(106, 'Assam', 'IND'),
(107, 'Assuan', 'EGY'),
(108, 'Astana', 'KAZ'),
(109, 'Astrahan', 'RUS'),
(110, 'Asturia', 'ESP'),
(111, 'Asunción', 'PRY'),
(112, 'Asyut', 'EGY'),
(113, 'Atacama', 'CHL'),
(114, 'Atacora', 'BEN'),
(115, 'Atlántico', 'COL'),
(116, 'Atlántida', 'HND'),
(117, 'Atlantique', 'BEN'),
(118, 'Attika', 'GRC'),
(119, 'Atyrau', 'KAZ'),
(120, 'Auckland', 'NZL'),
(121, 'Auvergne', 'FRA'),
(122, 'Ayacucho', 'PER'),
(123, 'Aydin', 'TUR'),
(124, 'Azuay', 'ECU'),
(125, 'Ba Ria-Vung Tau', 'VNM'),
(126, 'Babil', 'IRQ'),
(127, 'Bac Thai', 'VNM'),
(128, 'Bacau', 'ROM'),
(129, 'Bács-Kiskun', 'HUN'),
(130, 'Baden-Württemberg', 'DEU'),
(131, 'Baghdad', 'IRQ'),
(132, 'Bahia', 'BRA'),
(133, 'Bahr al-Jabal', 'SDN'),
(134, 'Baijeri', 'DEU'),
(135, 'Baja California', 'MEX'),
(136, 'Baja California Sur', 'MEX'),
(137, 'Baki', 'AZE'),
(138, 'Balears', 'ESP'),
(139, 'Bali', 'IDN'),
(140, 'Balikesir', 'TUR'),
(141, 'Balkh', 'AFG'),
(142, 'Balti', 'MDA'),
(143, 'Baluchistan', 'PAK'),
(144, 'Bamako', 'MLI'),
(145, 'Banaadir', 'SOM'),
(146, 'Bandundu', 'COD'),
(147, 'Bangkok', 'THA'),
(148, 'Bangui', 'CAF'),
(149, 'Bani Suwayf', 'EGY'),
(150, 'Banjul', 'GMB'),
(151, 'Baranya', 'HUN'),
(152, 'Barinas', 'VEN'),
(153, 'Barisal', 'BGD'),
(154, 'Bas-Zaïre', 'COD'),
(155, 'Basel-Stadt', 'CHE'),
(156, 'Baskimaa', 'ESP'),
(157, 'Basra', 'IRQ'),
(158, 'Basse-Normandie', 'FRA'),
(159, 'Basse-Terre', 'GLP'),
(160, 'Batman', 'TUR'),
(161, 'Batna', 'DZA'),
(162, 'Battambang', 'KHM'),
(163, 'Bauchi & Gombe', 'NGA'),
(164, 'Bayamón', 'PRI'),
(165, 'Baškortostan', 'RUS'),
(166, 'Béchar', 'DZA'),
(167, 'Beirut', 'LBN'),
(168, 'Béjaïa', 'DZA'),
(169, 'Belgorod', 'RUS'),
(170, 'Belize City', 'BLZ'),
(171, 'Bender (Tîghina)', 'MDA'),
(172, 'Bengasi', 'LBY'),
(173, 'Bengkulu', 'IDN'),
(174, 'Benguela', 'AGO'),
(175, 'Benue', 'NGA'),
(176, 'Berliini', 'DEU'),
(177, 'Bern', 'CHE'),
(178, 'Bicol', 'PHL'),
(179, 'Bihar', 'IND'),
(180, 'Bihor', 'ROM'),
(181, 'Binh Dinh', 'VNM'),
(182, 'Binh Thuan', 'VNM'),
(183, 'Bíobío', 'CHL'),
(184, 'Bioko', 'GNQ'),
(185, 'Biserta', 'TUN'),
(186, 'Bishkek shaary', 'KGZ'),
(187, 'Biskra', 'DZA'),
(188, 'Bissau', 'GNB'),
(189, 'Blantyre', 'MWI'),
(190, 'Blida', 'DZA'),
(191, 'Bolívar', 'COL'),
(192, 'Bolívar', 'VEN'),
(193, 'Borgou', 'BEN'),
(194, 'Borno & Yobe', 'NGA'),
(195, 'Borsod-Abaúj-Zemplén', 'HUN'),
(196, 'Botosani', 'ROM'),
(197, 'Bouaké', 'CIV'),
(198, 'Boulkiemdé', 'BFA'),
(199, 'Bourgogne', 'FRA'),
(200, 'Boyacá', 'COL'),
(201, 'Braga', 'PRT'),
(202, 'Braila', 'ROM'),
(203, 'Brandenburg', 'DEU'),
(204, 'Brasov', 'ROM'),
(205, 'Bratislava', 'SVK'),
(206, 'Brazzaville', 'COG'),
(207, 'Bremen', 'DEU'),
(208, 'Brest', 'BLR'),
(209, 'Bretagne', 'FRA'),
(210, 'British Colombia', 'CAN'),
(211, 'Brjansk', 'RUS'),
(212, 'Brunei and Muara', 'BRN'),
(213, 'Bryssel', 'BEL'),
(214, 'Budapest', 'HUN'),
(215, 'Buenos Aires', 'ARG'),
(216, 'Buhoro', 'UZB'),
(217, 'Bujumbura', 'BDI'),
(218, 'Bukarest', 'ROM'),
(219, 'Bulawayo', 'ZWE'),
(220, 'Burgas', 'BGR'),
(221, 'Burjatia', 'RUS'),
(222, 'Bursa', 'TUR'),
(223, 'Bushehr', 'IRN'),
(224, 'Buzau', 'ROM'),
(225, 'Cagayan Valley', 'PHL'),
(226, 'Caguas', 'PRI'),
(227, 'Cajamarca', 'PER'),
(228, 'Calabria', 'ITA'),
(229, 'Caldas', 'COL'),
(230, 'California', 'USA'),
(231, 'Callao', 'PER'),
(232, 'Camagüey', 'CUB'),
(233, 'Campania', 'ITA'),
(234, 'Campeche', 'MEX'),
(235, 'Can Tho', 'VNM'),
(236, 'Canary Islands', 'ESP'),
(237, 'Cantabria', 'ESP'),
(238, 'Canterbury', 'NZL'),
(239, 'Cap-Vert', 'SEN'),
(240, 'Capital Region', 'AUS'),
(241, 'Caquetá', 'COL'),
(242, 'CAR', 'PHL'),
(243, 'Carabobo', 'VEN'),
(244, 'Caraga', 'PHL'),
(245, 'Caras-Severin', 'ROM'),
(246, 'Carolina', 'PRI'),
(247, 'Caroni', 'TTO'),
(248, 'Casablanca', 'MAR'),
(249, 'Castilla and León', 'ESP'),
(250, 'Castries', 'LCA'),
(251, 'Catamarca', 'ARG'),
(252, 'Cauca', 'COL'),
(253, 'Cayenne', 'GUF'),
(254, 'Cayo', 'BLZ'),
(255, 'Ceará', 'BRA'),
(256, 'Central', 'FJI'),
(257, 'Central', 'KEN'),
(258, 'Central', 'LKA'),
(259, 'Central', 'NPL'),
(260, 'Central', 'PRY'),
(261, 'Central', 'UGA'),
(262, 'Central', 'ZMB'),
(263, 'Central Java', 'IDN'),
(264, 'Central Luzon', 'PHL'),
(265, 'Central Macedonia', 'GRC'),
(266, 'Central Mindanao', 'PHL'),
(267, 'Central Serbia', 'YUG'),
(268, 'Central Visayas', 'PHL'),
(269, 'Centre', 'CMR'),
(270, 'Centre', 'FRA'),
(271, 'Cesar', 'COL'),
(272, 'Chaco', 'ARG'),
(273, 'Chagang', 'PRK'),
(274, 'Chaharmahal va Bakht', 'IRN'),
(275, 'Champagne-Ardenne', 'FRA'),
(276, 'Chandigarh', 'IND'),
(277, 'Changhwa', 'TWN'),
(278, 'Chaouia-Ouardigha', 'MAR'),
(279, 'Chari-Baguirmi', 'TCD'),
(280, 'Cheju', 'KOR'),
(281, 'Chhatisgarh', 'IND'),
(282, 'Chiang Mai', 'THA'),
(283, 'Chiapas', 'MEX'),
(284, 'Chiayi', 'TWN'),
(285, 'Chiba', 'JPN'),
(286, 'Chihuahua', 'MEX'),
(287, 'Chimborazo', 'ECU'),
(288, 'Chinandega', 'NIC'),
(289, 'Chisinau', 'MDA'),
(290, 'Chittagong', 'BGD'),
(291, 'Chlef', 'DZA'),
(292, 'Chollabuk', 'KOR'),
(293, 'Chollanam', 'KOR'),
(294, 'Chongqing', 'CHN'),
(295, 'Chubut', 'ARG'),
(296, 'Chungchongbuk', 'KOR'),
(297, 'Chungchongnam', 'KOR'),
(298, 'Chuquisaca', 'BOL'),
(299, 'Chuuk', 'FSM'),
(300, 'Ciego de Ávila', 'CUB'),
(301, 'Cienfuegos', 'CUB'),
(302, 'Cizah', 'UZB'),
(303, 'Cluj', 'ROM'),
(304, 'Coahuila de Zaragoza', 'MEX'),
(305, 'Coast', 'KEN'),
(306, 'Cochabamba', 'BOL'),
(307, 'Coímbra', 'PRT'),
(308, 'Colima', 'MEX'),
(309, 'Colorado', 'USA'),
(310, 'Conakry', 'GIN'),
(311, 'Connecticut', 'USA'),
(312, 'Constanta', 'ROM'),
(313, 'Constantine', 'DZA'),
(314, 'Copperbelt', 'ZMB'),
(315, 'Coquimbo', 'CHL'),
(316, 'Córdoba', 'ARG'),
(317, 'Córdoba', 'COL'),
(318, 'Corrientes', 'ARG'),
(319, 'Cortés', 'HND'),
(320, 'Çorum', 'TUR'),
(321, 'Crete', 'GRC'),
(322, 'Cross River', 'NGA'),
(323, 'Csongrád', 'HUN'),
(324, 'Cundinamarca', 'COL'),
(325, 'Curaçao', 'ANT'),
(326, 'Cusco', 'PER'),
(327, 'Dac Lac', 'VNM'),
(328, 'Dagestan', 'RUS'),
(329, 'Dakhlet Nouâdhibou', 'MRT'),
(330, 'Daloa', 'CIV'),
(331, 'Damascus', 'SYR'),
(332, 'Damaskos', 'SYR'),
(333, 'Dâmbovita', 'ROM'),
(334, 'Dar es Salaam', 'TZA'),
(335, 'Darfur al-Janubiya', 'SDN'),
(336, 'Darfur al-Shamaliya', 'SDN'),
(337, 'Dashhowuz', 'TKM'),
(338, 'Daugavpils', 'LVA'),
(339, 'Dayr al-Zawr', 'SYR'),
(340, 'Delhi', 'IND'),
(341, 'Denizli', 'TUR'),
(342, 'Dhaka', 'BGD'),
(343, 'DhiQar', 'IRQ'),
(344, 'Dili', 'TMP'),
(345, 'Diourbel', 'SEN'),
(346, 'Dire Dawa', 'ETH'),
(347, 'District of Columbia', 'USA'),
(348, 'Distrito Central', 'HND'),
(349, 'Distrito Federal', 'ARG'),
(350, 'Distrito Federal', 'BRA'),
(351, 'Distrito Federal', 'MEX'),
(352, 'Distrito Federal', 'VEN'),
(353, 'Distrito Nacional', 'DOM'),
(354, 'Diyala', 'IRQ'),
(355, 'Diyarbakir', 'TUR'),
(356, 'Djibouti', 'DJI'),
(357, 'Dnipropetrovsk', 'UKR'),
(358, 'Dnjestria', 'MDA'),
(359, 'Dodoma', 'TZA'),
(360, 'Doha', 'QAT'),
(361, 'Dolj', 'ROM'),
(362, 'Dolnoslaskie', 'POL'),
(363, 'Donetsk', 'UKR'),
(364, 'Dong Nai', 'VNM'),
(365, 'Doukkala-Abda', 'MAR'),
(366, 'Drenthe', 'NLD'),
(367, 'Duarte', 'DOM'),
(368, 'Dubai', 'ARE'),
(369, 'Dunedin', 'NZL'),
(370, 'Durango', 'MEX'),
(371, 'East Azerbaidzan', 'IRN'),
(372, 'East Falkland', 'FLK'),
(373, 'East Flanderi', 'BEL'),
(374, 'East Götanmaan län', 'SWE'),
(375, 'East Java', 'IDN'),
(376, 'East Kasai', 'COD'),
(377, 'East Kazakstan', 'KAZ'),
(378, 'Eastern', 'KEN'),
(379, 'Eastern', 'NPL'),
(380, 'Eastern Cape', 'ZAF'),
(381, 'Eastern Visayas', 'PHL'),
(382, 'Edirne', 'TUR'),
(383, 'Edo & Delta', 'NGA'),
(384, 'Ehime', 'JPN'),
(385, 'El Oro', 'ECU'),
(386, 'El-Aaiún', 'ESH'),
(387, 'Elâzig', 'TUR'),
(388, 'Emilia-Romagna', 'ITA'),
(389, 'England', 'GBR'),
(390, 'Entre Rios', 'ARG'),
(391, 'Equateur', 'COD'),
(392, 'Erzincan', 'TUR'),
(393, 'Erzurum', 'TUR'),
(394, 'Esfahan', 'IRN'),
(395, 'Eskisehir', 'TUR'),
(396, 'Esmeraldas', 'ECU'),
(397, 'Espírito Santo', 'BRA'),
(398, 'Estuaire', 'GAB'),
(399, 'Extremadura', 'ESP'),
(400, 'Extrême-Nord', 'CMR'),
(401, 'Fakaofo', 'TKL'),
(402, 'Falcón', 'VEN'),
(403, 'Fargona', 'UZB'),
(404, 'Fars', 'IRN'),
(405, 'Federaatio', 'BIH'),
(406, 'Federal Capital Dist', 'NGA'),
(407, 'Fejér', 'HUN'),
(408, 'Fès-Boulemane', 'MAR'),
(409, 'Fianarantsoa', 'MDG'),
(410, 'Flevoland', 'NLD'),
(411, 'Florida', 'USA'),
(412, 'Formosa', 'ARG'),
(413, 'Fort-de-France', 'MTQ'),
(414, 'Franche-Comté', 'FRA'),
(415, 'Francistown', 'BWA'),
(416, 'Frederiksberg', 'DNK'),
(417, 'Free State', 'ZAF'),
(418, 'Friuli-Venezia Giuli', 'ITA'),
(419, 'Fujian', 'CHN'),
(420, 'Fukui', 'JPN'),
(421, 'Fukuoka', 'JPN'),
(422, 'Fukushima', 'JPN'),
(423, 'Funafuti', 'TUV'),
(424, 'Fyn', 'DNK'),
(425, 'Gabès', 'TUN'),
(426, 'Gaborone', 'BWA'),
(427, 'Galati', 'ROM'),
(428, 'Galicia', 'ESP'),
(429, 'Gansu', 'CHN'),
(430, 'Gauteng', 'ZAF'),
(431, 'Gaza', 'MOZ'),
(432, 'Gaza', 'PSE'),
(433, 'Gaziantep', 'TUR'),
(434, 'Gelderland', 'NLD'),
(435, 'Geneve', 'CHE'),
(436, 'Georgetown', 'GUY'),
(437, 'Georgia', 'USA'),
(438, 'Gharb-Chrarda-Béni H', 'MAR'),
(439, 'Ghardaïa', 'DZA'),
(440, 'Gifu', 'JPN'),
(441, 'Gilan', 'IRN'),
(442, 'Giza', 'EGY'),
(443, 'Goiás', 'BRA'),
(444, 'Golestan', 'IRN'),
(445, 'Gomel', 'BLR'),
(446, 'Gorj', 'ROM'),
(447, 'Grad Sofija', 'BGR'),
(448, 'Grad Zagreb', 'HRV'),
(449, 'Grand Cayman', 'CYM'),
(450, 'Grand Turk', 'TCA'),
(451, 'Grande-Terre', 'GLP'),
(452, 'Granma', 'CUB'),
(453, 'Greater Accra', 'GHA'),
(454, 'Grodno', 'BLR'),
(455, 'Groningen', 'NLD'),
(456, 'Guanajuato', 'MEX'),
(457, 'Guangdong', 'CHN'),
(458, 'Guangxi', 'CHN'),
(459, 'Guantánamo', 'CUB'),
(460, 'Guárico', 'VEN'),
(461, 'Guatemala', 'GTM'),
(462, 'Guayas', 'ECU'),
(463, 'Guaynabo', 'PRI'),
(464, 'Guerrero', 'MEX'),
(465, 'Guizhou', 'CHN'),
(466, 'Gujarat', 'IND'),
(467, 'Gumma', 'JPN'),
(468, 'Györ-Moson-Sopron', 'HUN'),
(469, 'Gäncä', 'AZE'),
(470, 'Gävleborgs län', 'SWE'),
(471, 'Ha Darom', 'ISR'),
(472, 'Ha Merkaz', 'ISR'),
(473, 'Habarovsk', 'RUS'),
(474, 'Hadramawt', 'YEM'),
(475, 'Haifa', 'ISR'),
(476, 'Hail', 'SAU'),
(477, 'Hainan', 'CHN'),
(478, 'Hainaut', 'BEL'),
(479, 'Haiphong', 'VNM'),
(480, 'Hajdú-Bihar', 'HUN'),
(481, 'Hakassia', 'RUS'),
(482, 'Hama', 'SYR'),
(483, 'Hamadan', 'IRN'),
(484, 'Hamburg', 'DEU'),
(485, 'Hamgyong N', 'PRK'),
(486, 'Hamgyong P', 'PRK'),
(487, 'Hamilton', 'BMU'),
(488, 'Hamilton', 'NZL'),
(489, 'Hanoi', 'VNM'),
(490, 'Hanti-Mansia', 'RUS'),
(491, 'Harare', 'ZWE'),
(492, 'Harjumaa', 'EST'),
(493, 'Harkova', 'UKR'),
(494, 'Haryana', 'IND'),
(495, 'Haskovo', 'BGR'),
(496, 'Hatay', 'TUR'),
(497, 'Haute-Normandie', 'FRA'),
(498, 'Haute-Zaïre', 'COD'),
(499, 'Hawaii', 'USA'),
(500, 'Hawalli', 'KWT'),
(501, 'Hebei', 'CHN'),
(502, 'Hebron', 'PSE'),
(503, 'Heilongjiang', 'CHN'),
(504, 'Henan', 'CHN'),
(505, 'Herat', 'AFG'),
(506, 'Herson', 'UKR'),
(507, 'Hessen', 'DEU'),
(508, 'Hhohho', 'SWZ'),
(509, 'Hidalgo', 'MEX'),
(510, 'Hims', 'SYR'),
(511, 'Hiroshima', 'JPN'),
(512, 'Hlavní mesto Praha', 'CZE'),
(513, 'Hmelnytskyi', 'UKR'),
(514, 'Ho Chi Minh City', 'VNM'),
(515, 'Hodeida', 'YEM'),
(516, 'Hokkaido', 'JPN'),
(517, 'Holguín', 'CUB'),
(518, 'Home Island', 'CCK'),
(519, 'Hongkong', 'HKG'),
(520, 'Honiara', 'SLB'),
(521, 'Horad Minsk', 'BLR'),
(522, 'Hordaland', 'NOR'),
(523, 'Hormozgan', 'IRN'),
(524, 'Houet', 'BFA'),
(525, 'Hsinchu', 'TWN'),
(526, 'Hualien', 'TWN'),
(527, 'Huambo', 'AGO'),
(528, 'Huanuco', 'PER'),
(529, 'Hubei', 'CHN'),
(530, 'Huila', 'COL'),
(531, 'Hunan', 'CHN'),
(532, 'Hwanghae N', 'PRK'),
(533, 'Hwanghae P', 'PRK'),
(534, 'Hyogo', 'JPN'),
(535, 'Höfuðborgarsvæði', 'ISL'),
(536, 'Iasi', 'ROM'),
(537, 'Ibaragi', 'JPN'),
(538, 'Ibb', 'YEM'),
(539, 'Ica', 'PER'),
(540, 'Içel', 'TUR'),
(541, 'Idaho', 'USA'),
(542, 'Idlib', 'SYR'),
(543, 'Ilam', 'IRN'),
(544, 'Ilan', 'TWN'),
(545, 'Île-de-France', 'FRA'),
(546, 'Illinois', 'USA'),
(547, 'Ilocos', 'PHL'),
(548, 'Imbabura', 'ECU'),
(549, 'Imereti', 'GEO'),
(550, 'Imo & Abia', 'NGA'),
(551, 'Inchon', 'KOR'),
(552, 'Indiana', 'USA'),
(553, 'Inhambane', 'MOZ'),
(554, 'Inner Harbour', 'MLT'),
(555, 'Inner Mongolia', 'CHN'),
(556, 'Iowa', 'USA'),
(557, 'Irbid', 'JOR'),
(558, 'Irbil', 'IRQ'),
(559, 'Irkutsk', 'RUS'),
(560, 'Irrawaddy [Ayeyarwad', 'MMR'),
(561, 'Ishikawa', 'JPN'),
(562, 'Islamabad', 'PAK'),
(563, 'Ismailia', 'EGY'),
(564, 'Isparta', 'TUR'),
(565, 'Istanbul', 'TUR'),
(566, 'Ivano-Frankivsk', 'UKR'),
(567, 'Ivanovo', 'RUS'),
(568, 'Iwate', 'JPN'),
(569, 'Izmir', 'TUR'),
(570, 'Jakarta Raya', 'IDN'),
(571, 'Jalisco', 'MEX'),
(572, 'Jambi', 'IDN'),
(573, 'Jammu and Kashmir', 'IND'),
(574, 'Jaroslavl', 'RUS'),
(575, 'Jersey', 'GBR'),
(576, 'Jerusalem', 'ISR'),
(577, 'Jharkhand', 'IND'),
(578, 'Jiangsu', 'CHN'),
(579, 'Jiangxi', 'CHN'),
(580, 'Jilin', 'CHN'),
(581, 'Jizní Cechy', 'CZE'),
(582, 'Jizní Morava', 'CZE'),
(583, 'Johor', 'MYS'),
(584, 'Jubbada Hoose', 'SOM'),
(585, 'Jujuy', 'ARG'),
(586, 'Junín', 'PER'),
(587, 'Jönköpings län', 'SWE'),
(588, 'Kabardi-Balkaria', 'RUS'),
(589, 'Kabol', 'AFG'),
(590, 'Kadiogo', 'BFA'),
(591, 'Kaduna', 'NGA'),
(592, 'Kaesong-si', 'PRK'),
(593, 'Kafr al-Shaykh', 'EGY'),
(594, 'Kagawa', 'JPN'),
(595, 'Kagoshima', 'JPN'),
(596, 'Kahramanmaras', 'TUR'),
(597, 'Kairo', 'EGY'),
(598, 'Kairouan', 'TUN'),
(599, 'Kalimantan Barat', 'IDN'),
(600, 'Kalimantan Selatan', 'IDN'),
(601, 'Kalimantan Tengah', 'IDN'),
(602, 'Kalimantan Timur', 'IDN'),
(603, 'Kaliningrad', 'RUS'),
(604, 'Kalmykia', 'RUS'),
(605, 'Kaluga', 'RUS'),
(606, 'Kamtšatka', 'RUS'),
(607, 'Kanagawa', 'JPN'),
(608, 'Kang-won', 'KOR'),
(609, 'Kangwon', 'PRK'),
(610, 'Kano & Jigawa', 'NGA'),
(611, 'Kansas', 'USA'),
(612, 'Kaohsiung', 'TWN'),
(613, 'Kaolack', 'SEN'),
(614, 'Karabük', 'TUR'),
(615, 'Karakalpakistan', 'UZB'),
(616, 'Karaman', 'TUR'),
(617, 'Karatšai-Tšerkessia', 'RUS'),
(618, 'Karbala', 'IRQ'),
(619, 'Karjala', 'RUS'),
(620, 'Karnataka', 'IND'),
(621, 'Karotegin', 'TJK'),
(622, 'Kars', 'TUR'),
(623, 'Kassala', 'SDN'),
(624, 'Kastilia-La Mancha', 'ESP'),
(625, 'Katalonia', 'ESP'),
(626, 'Katsina', 'NGA'),
(627, 'Kaunas', 'LTU'),
(628, 'Kayseri', 'TUR'),
(629, 'Kedah', 'MYS'),
(630, 'Keelung', 'TWN'),
(631, 'Kelantan', 'MYS'),
(632, 'Kemerovo', 'RUS'),
(633, 'Kentucky', 'USA'),
(634, 'Kerala', 'IND'),
(635, 'Kerman', 'IRN'),
(636, 'Kermanshah', 'IRN'),
(637, 'Khan Yunis', 'PSE'),
(638, 'Khanh Hoa', 'VNM'),
(639, 'Khartum', 'SDN'),
(640, 'Khomas', 'NAM'),
(641, 'Khon Kaen', 'THA'),
(642, 'Khorasan', 'IRN'),
(643, 'Khorazm', 'UZB'),
(644, 'Khujand', 'TJK'),
(645, 'Khulna', 'BGD'),
(646, 'Khuzestan', 'IRN'),
(647, 'Kien Giang', 'VNM'),
(648, 'Kigali', 'RWA'),
(649, 'Kilimanjaro', 'TZA'),
(650, 'Kilis', 'TUR'),
(651, 'Kinshasa', 'COD'),
(652, 'Kiova', 'UKR'),
(653, 'Kirikkale', 'TUR'),
(654, 'Kirov', 'RUS'),
(655, 'Kirovograd', 'UKR'),
(656, 'Kitaa', 'GRL'),
(657, 'Klaipeda', 'LTU'),
(658, 'Kocaeli', 'TUR'),
(659, 'Kochi', 'JPN'),
(660, 'Kombo St Mary', 'GMB'),
(661, 'Komi', 'RUS'),
(662, 'Konya', 'TUR'),
(663, 'Kordestan', 'IRN'),
(664, 'Korhogo', 'CIV'),
(665, 'Koror', 'PLW'),
(666, 'Kosovo and Metohija', 'YUG'),
(667, 'Kostroma', 'RUS'),
(668, 'Kouilou', 'COG'),
(669, 'Kowloon and New Kowl', 'HKG'),
(670, 'Krasnodar', 'RUS'),
(671, 'Krasnojarsk', 'RUS'),
(672, 'Krim', 'UKR'),
(673, 'Kujawsko-Pomorskie', 'POL'),
(674, 'Kumamoto', 'JPN'),
(675, 'Kurdufan al-Shamaliy', 'SDN'),
(676, 'Kurgan', 'RUS'),
(677, 'Kursk', 'RUS'),
(678, 'Kvemo Kartli', 'GEO'),
(679, 'Kwangju', 'KOR'),
(680, 'Kwara & Kogi', 'NGA'),
(681, 'KwaZulu-Natal', 'ZAF'),
(682, 'Kyonggi', 'KOR'),
(683, 'Kyongsangbuk', 'KOR'),
(684, 'Kyongsangnam', 'KOR'),
(685, 'Kyoto', 'JPN'),
(686, 'Kütahya', 'TUR'),
(687, 'Kärnten', 'AUT'),
(688, 'København', 'DNK'),
(689, 'La Araucanía', 'CHL'),
(690, 'La Guajira', 'COL'),
(691, 'La Habana', 'CUB'),
(692, 'La Libertad', 'PER'),
(693, 'La Libertad', 'SLV'),
(694, 'La Paz', 'BOL'),
(695, 'La Rioja', 'ARG'),
(696, 'La Rioja', 'ESP'),
(697, 'La Romana', 'DOM'),
(698, 'Lagos', 'NGA'),
(699, 'Lam Dong', 'VNM'),
(700, 'Lambayeque', 'PER'),
(701, 'Lampung', 'IDN'),
(702, 'Languedoc-Roussillon', 'FRA'),
(703, 'Lara', 'VEN'),
(704, 'Las Tunas', 'CUB'),
(705, 'Latakia', 'SYR'),
(706, 'Latium', 'ITA'),
(707, 'Lebap', 'TKM'),
(708, 'Leinster', 'IRL'),
(709, 'León', 'NIC'),
(710, 'Liaoning', 'CHN'),
(711, 'Liège', 'BEL'),
(712, 'Liepaja', 'LVA'),
(713, 'Liguria', 'ITA'),
(714, 'Lilongwe', 'MWI'),
(715, 'Lima', 'PER'),
(716, 'Limassol', 'CYP'),
(717, 'Limburg', 'NLD'),
(718, 'Limousin', 'FRA'),
(719, 'Lipetsk', 'RUS'),
(720, 'Lisboa', 'PRT'),
(721, 'Lisboa', 'SWE'),
(722, 'Littoral', 'CMR'),
(723, 'Lodzkie', 'POL'),
(724, 'Logone Occidental', 'TCD'),
(725, 'Loja', 'ECU'),
(726, 'Lombardia', 'ITA'),
(727, 'Lorestan', 'IRN'),
(728, 'Loreto', 'PER'),
(729, 'Lori', 'ARM'),
(730, 'Lorraine', 'FRA'),
(731, 'Los Lagos', 'CHL'),
(732, 'Los Ríos', 'ECU'),
(733, 'Louisiana', 'USA'),
(734, 'Lovec', 'BGR'),
(735, 'Luanda', 'AGO'),
(736, 'Lubelskie', 'POL'),
(737, 'Lubuskie', 'POL'),
(738, 'Lugansk', 'UKR'),
(739, 'Lusaka', 'ZMB'),
(740, 'Luxembourg', 'LUX'),
(741, 'Luxor', 'EGY'),
(742, 'Lviv', 'UKR'),
(743, 'Länsimaa', 'SJM'),
(744, 'Maale', 'MDV'),
(745, 'Macau', 'MAC'),
(746, 'Madhya Pradesh', 'IND'),
(747, 'Madrid', 'ESP'),
(748, 'Maekel', 'ERI'),
(749, 'Magadan', 'RUS'),
(750, 'Magallanes', 'CHL'),
(751, 'Magdalena', 'COL'),
(752, 'Magwe [Magway]', 'MMR'),
(753, 'Mahajanga', 'MDG'),
(754, 'Maharashtra', 'IND'),
(755, 'Mahé', 'SYC'),
(756, 'Majuro', 'MHL'),
(757, 'Malatya', 'TUR'),
(758, 'Malopolskie', 'POL'),
(759, 'Mamoutzou', 'MYT'),
(760, 'Manabí', 'ECU'),
(761, 'Managua', 'NIC'),
(762, 'Mandalay', 'MMR'),
(763, 'Mangghystau', 'KAZ'),
(764, 'Manica', 'MOZ'),
(765, 'Manicaland', 'ZWE'),
(766, 'Manipur', 'IND'),
(767, 'Manisa', 'TUR'),
(768, 'Manitoba', 'CAN'),
(769, 'Maputo', 'MOZ'),
(770, 'Maradi', 'NER'),
(771, 'Maramures', 'ROM'),
(772, 'Maranhão', 'BRA'),
(773, 'Marche', 'ITA'),
(774, 'Mardin', 'TUR'),
(775, 'Marinmaa', 'RUS'),
(776, 'Maritime', 'TGO'),
(777, 'Markazi', 'IRN'),
(778, 'Marrakech-Tensift-Al', 'MAR'),
(779, 'Mary', 'TKM'),
(780, 'Maryland', 'USA'),
(781, 'Masaya', 'NIC'),
(782, 'Maseru', 'LSO'),
(783, 'Masqat', 'OMN'),
(784, 'Massachusetts', 'USA'),
(785, 'Matanzas', 'CUB'),
(786, 'Mato Grosso', 'BRA'),
(787, 'Mato Grosso do Sul', 'BRA'),
(788, 'Maule', 'CHL'),
(789, 'Mayagüez', 'PRI'),
(790, 'Maysan', 'IRQ'),
(791, 'Mazandaran', 'IRN'),
(792, 'Mazowieckie', 'POL'),
(793, 'Mbeya', 'TZA'),
(794, 'Mecklenburg-Vorpomme', 'DEU'),
(795, 'Medina', 'SAU'),
(796, 'Meghalaya', 'IND'),
(797, 'Mehedinti', 'ROM'),
(798, 'Mekka', 'SAU'),
(799, 'Meknès-Tafilalet', 'MAR'),
(800, 'Mendoza', 'ARG'),
(801, 'Mérida', 'VEN'),
(802, 'Meta', 'COL'),
(803, 'México', 'MEX'),
(804, 'Miaoli', 'TWN'),
(805, 'Michigan', 'USA'),
(806, 'Michoacán de Ocampo', 'MEX'),
(807, 'Midi-Pyrénées', 'FRA'),
(808, 'Midlands', 'ZWE'),
(809, 'Mie', 'JPN'),
(810, 'Minas Gerais', 'BRA'),
(811, 'Mingäçevir', 'AZE'),
(812, 'Minnesota', 'USA'),
(813, 'Minsk', 'BLR'),
(814, 'Miranda', 'VEN'),
(815, 'Misiones', 'ARG'),
(816, 'Misrata', 'LBY'),
(817, 'Mississippi', 'USA'),
(818, 'Missouri', 'USA'),
(819, 'Miyagi', 'JPN'),
(820, 'Miyazaki', 'JPN'),
(821, 'Mizoram', 'IND'),
(822, 'Mogiljov', 'BLR'),
(823, 'Molukit', 'IDN'),
(824, 'Mon', 'MMR'),
(825, 'Monagas', 'VEN'),
(826, 'Montana', 'USA'),
(827, 'Montenegro', 'YUG'),
(828, 'Montevideo', 'URY'),
(829, 'Montserrado', 'LBR'),
(830, 'Mordva', 'RUS'),
(831, 'Morelos', 'MEX'),
(832, 'Morogoro', 'TZA'),
(833, 'Moscow (City)', 'RUS'),
(834, 'Moskova', 'RUS'),
(835, 'Mostaganem', 'DZA'),
(836, 'Mpumalanga', 'ZAF'),
(837, 'Munster', 'IRL'),
(838, 'Murcia', 'ESP'),
(839, 'Mures', 'ROM'),
(840, 'Murmansk', 'RUS'),
(841, 'Mwanza', 'TZA'),
(842, 'Mykolajiv', 'UKR'),
(843, 'Nablus', 'PSE'),
(844, 'Nagano', 'JPN'),
(845, 'Nagasaki', 'JPN'),
(846, 'Nairobi', 'KEN'),
(847, 'Najran', 'SAU'),
(848, 'Nakhon Pathom', 'THA'),
(849, 'Nakhon Ratchasima', 'THA'),
(850, 'Nakhon Sawan', 'THA'),
(851, 'Nam Ha', 'VNM'),
(852, 'Namangan', 'UZB'),
(853, 'Namibe', 'AGO'),
(854, 'Nampo-si', 'PRK'),
(855, 'Nampula', 'MOZ'),
(856, 'Namur', 'BEL'),
(857, 'Nantou', 'TWN'),
(858, 'Nara', 'JPN'),
(859, 'Nariño', 'COL'),
(860, 'National Capital Dis', 'PNG'),
(861, 'National Capital Reg', 'PHL'),
(862, 'Navarra', 'ESP'),
(863, 'Navoi', 'UZB'),
(864, 'Nayarit', 'MEX'),
(865, 'Neamt', 'ROM'),
(866, 'Nebraska', 'USA'),
(867, 'Negeri Sembilan', 'MYS'),
(868, 'Neuquén', 'ARG'),
(869, 'Nevada', 'USA'),
(870, 'New Hampshire', 'USA'),
(871, 'New Jersey', 'USA'),
(872, 'New Mexico', 'USA'),
(873, 'New Providence', 'BHS'),
(874, 'New South Wales', 'AUS'),
(875, 'New York', 'USA'),
(876, 'Newfoundland', 'CAN'),
(877, 'Newmaa', 'FIN'),
(878, 'Nghe An', 'VNM'),
(879, 'Niamey', 'NER'),
(880, 'Nicosia', 'CYP'),
(881, 'Niedersachsen', 'DEU'),
(882, 'Niger', 'NGA'),
(883, 'Niigata', 'JPN'),
(884, 'Ninawa', 'IRQ'),
(885, 'Ningxia', 'CHN'),
(886, 'Nizni Novgorod', 'RUS'),
(887, 'Njazidja', 'COM'),
(888, 'Nonthaburi', 'THA'),
(889, 'Noord-Brabant', 'NLD'),
(890, 'Noord-Holland', 'NLD'),
(891, 'Nord', 'CMR'),
(892, 'Nord', 'HTI'),
(893, 'Nord-Ouest', 'CMR'),
(894, 'Nord-Pas-de-Calais', 'FRA'),
(895, 'Nordjylland', 'DNK'),
(896, 'Nordrhein-Westfalen', 'DEU'),
(897, 'Norte de Santander', 'COL'),
(898, 'North Austria', 'AUT'),
(899, 'North Carolina', 'USA'),
(900, 'North Gaza', 'PSE'),
(901, 'North Ireland', 'GBR'),
(902, 'North Kazakstan', 'KAZ'),
(903, 'North Kivu', 'COD'),
(904, 'North Ossetia-Alania', 'RUS'),
(905, 'North West', 'ZAF'),
(906, 'Northern', 'GHA'),
(907, 'Northern', 'LKA'),
(908, 'Northern Cape', 'ZAF'),
(909, 'Northern Mindanao', 'PHL'),
(910, 'Nothwest Border Prov', 'PAK'),
(911, 'Nouakchott', 'MRT'),
(912, 'Nova Scotia', 'CAN'),
(913, 'Novgorod', 'RUS'),
(914, 'Novosibirsk', 'RUS'),
(915, 'Nuevo León', 'MEX'),
(916, 'Nusa Tenggara Barat', 'IDN'),
(917, 'Nusa Tenggara Timur', 'IDN'),
(918, 'Nyanza', 'KEN'),
(919, 'Oaxaca', 'MEX'),
(920, 'Odesa', 'UKR'),
(921, 'Ogun', 'NGA'),
(922, 'Ohio', 'USA'),
(923, 'Oita', 'JPN'),
(924, 'Okayama', 'JPN'),
(925, 'Okinawa', 'JPN'),
(926, 'Oklahoma', 'USA'),
(927, 'Omsk', 'RUS'),
(928, 'Ondo & Ekiti', 'NGA'),
(929, 'Ontario', 'CAN'),
(930, 'Opolskie', 'POL'),
(931, 'Oran', 'DZA'),
(932, 'Ordu', 'TUR'),
(933, 'Oregon', 'USA'),
(934, 'Orenburg', 'RUS'),
(935, 'Oriental', 'MAR'),
(936, 'Orissa', 'IND'),
(937, 'Orjol', 'RUS'),
(938, 'Oromia', 'ETH'),
(939, 'Oruro', 'BOL'),
(940, 'Osaka', 'JPN'),
(941, 'Osh', 'KGZ'),
(942, 'Osijek-Baranja', 'HRV'),
(943, 'Oslo', 'NOR'),
(944, 'Osmaniye', 'TUR'),
(945, 'Osrednjeslovenska', 'SVN'),
(946, 'Ouémé', 'BEN'),
(947, 'Ouest', 'CMR'),
(948, 'Ouest', 'HTI'),
(949, 'Outer Harbour', 'MLT'),
(950, 'Overijssel', 'NLD'),
(951, 'Oyo & Osun', 'NGA'),
(952, 'O´Higgins', 'CHL'),
(953, 'Pahang', 'MYS'),
(954, 'Panamá', 'PAN'),
(955, 'Panevezys', 'LTU'),
(956, 'Pará', 'BRA'),
(957, 'Paraíba', 'BRA'),
(958, 'Paramaribo', 'SUR'),
(959, 'Paraná', 'BRA'),
(960, 'Pavlodar', 'KAZ'),
(961, 'Pays de la Loire', 'FRA'),
(962, 'Pegu [Bago]', 'MMR'),
(963, 'Peking', 'CHN'),
(964, 'Pennsylvania', 'USA'),
(965, 'Penza', 'RUS'),
(966, 'Perak', 'MYS'),
(967, 'Perm', 'RUS'),
(968, 'Pernambuco', 'BRA'),
(969, 'Phnom Penh', 'KHM'),
(970, 'Piauí', 'BRA'),
(971, 'Picardie', 'FRA'),
(972, 'Pichincha', 'ECU'),
(973, 'Piemonte', 'ITA'),
(974, 'Pietari', 'RUS'),
(975, 'Pihkova', 'RUS'),
(976, 'Pinar del Río', 'CUB'),
(977, 'Pingtung', 'TWN'),
(978, 'Pirkanmaa', 'FIN'),
(979, 'Piura', 'PER'),
(980, 'Plaines Wilhelms', 'MUS'),
(981, 'Plateau & Nassarawa', 'NGA'),
(982, 'Plovdiv', 'BGR'),
(983, 'Plymouth', 'MSR'),
(984, 'Podkarpackie', 'POL'),
(985, 'Podlaskie', 'POL'),
(986, 'Podravska', 'SVN'),
(987, 'Pohjois-Pohjanmaa', 'FIN'),
(988, 'Pohnpei', 'FSM'),
(989, 'Pomorskie', 'POL'),
(990, 'Ponce', 'PRI'),
(991, 'Pondicherry', 'IND'),
(992, 'Port Said', 'EGY'),
(993, 'Port-Louis', 'MUS'),
(994, 'Port-of-Spain', 'TTO'),
(995, 'Porto', 'PRT'),
(996, 'Portuguesa', 'VEN'),
(997, 'Potosí', 'BOL'),
(998, 'Prahova', 'ROM'),
(999, 'Primorje', 'RUS'),
(1000, 'Primorje-Gorski Kota', 'HRV'),
(1001, 'Provence-Alpes-Côte', 'FRA'),
(1002, 'Puebla', 'MEX'),
(1003, 'Puerto Plata', 'DOM'),
(1004, 'Pulau Pinang', 'MYS'),
(1005, 'Pultava', 'UKR'),
(1006, 'Punjab', 'IND'),
(1007, 'Punjab', 'PAK'),
(1008, 'Puno', 'PER'),
(1009, 'Pusan', 'KOR'),
(1010, 'Pyongan N', 'PRK'),
(1011, 'Pyongan P', 'PRK'),
(1012, 'Pyongyang-si', 'PRK'),
(1013, 'Päijät-Häme', 'FIN'),
(1014, 'Qandahar', 'AFG'),
(1015, 'Qaraghandy', 'KAZ'),
(1016, 'Qashqadaryo', 'UZB'),
(1017, 'Qasim', 'SAU'),
(1018, 'Qazvin', 'IRN'),
(1019, 'Qina', 'EGY'),
(1020, 'Qinghai', 'CHN'),
(1021, 'Qom', 'IRN'),
(1022, 'Qostanay', 'KAZ'),
(1023, 'Quang Binh', 'VNM'),
(1024, 'Quang Nam-Da Nang', 'VNM'),
(1025, 'Quang Ninh', 'VNM'),
(1026, 'Québec', 'CAN'),
(1027, 'Queensland', 'AUS'),
(1028, 'Querétaro', 'MEX'),
(1029, 'Querétaro de Arteaga', 'MEX'),
(1030, 'Quetzaltenango', 'GTM'),
(1031, 'Quindío', 'COL'),
(1032, 'Quintana Roo', 'MEX'),
(1033, 'Qyzylorda', 'KAZ'),
(1034, 'Rabat-Salé-Zammour-Z', 'MAR'),
(1035, 'Rafah', 'PSE'),
(1036, 'Rajasthan', 'IND'),
(1037, 'Rajshahi', 'BGD'),
(1038, 'Rakhine', 'MMR'),
(1039, 'Rangoon [Yangon]', 'MMR'),
(1040, 'Rarotonga', 'COK'),
(1041, 'Republika Srpska', 'BIH'),
(1042, 'Rheinland-Pfalz', 'DEU'),
(1043, 'Rhode Island', 'USA'),
(1044, 'Rhône-Alpes', 'FRA'),
(1045, 'Riad', 'SAU'),
(1046, 'Riau', 'IDN'),
(1047, 'Rift Valley', 'KEN'),
(1048, 'Riika', 'LVA'),
(1049, 'Rio de Janeiro', 'BRA'),
(1050, 'Rio Grande do Norte', 'BRA'),
(1051, 'Rio Grande do Sul', 'BRA'),
(1052, 'Risaralda', 'COL'),
(1053, 'Rivers & Bayelsa', 'NGA'),
(1054, 'Rivne', 'UKR'),
(1055, 'Riyadh', 'SAU'),
(1056, 'Rjazan', 'RUS'),
(1057, 'Rogaland', 'NOR'),
(1058, 'Rondônia', 'BRA'),
(1059, 'Roraima', 'BRA'),
(1060, 'Rostov-na-Donu', 'RUS'),
(1061, 'Ruse', 'BGR'),
(1062, 'Saarland', 'DEU'),
(1063, 'Sabah', 'MYS'),
(1064, 'Saga', 'JPN'),
(1065, 'Sagaing', 'MMR'),
(1066, 'Saha (Jakutia)', 'RUS'),
(1067, 'Sahalin', 'RUS'),
(1068, 'Saint George´s', 'BMU'),
(1069, 'Saint Helena', 'SHN'),
(1070, 'Saint-Denis', 'REU'),
(1071, 'Saint-Louis', 'SEN'),
(1072, 'Saint-Pierre', 'SPM'),
(1073, 'Saipan', 'MNP'),
(1074, 'Saitama', 'JPN'),
(1075, 'Sakarya', 'TUR'),
(1076, 'Saksi', 'DEU'),
(1077, 'Salta', 'ARG'),
(1078, 'Salzburg', 'AUT'),
(1079, 'Samara', 'RUS'),
(1080, 'Samarkand', 'UZB'),
(1081, 'Samsun', 'TUR'),
(1082, 'San José', 'CRI'),
(1083, 'San Juan', 'ARG'),
(1084, 'San Juan', 'PRI'),
(1085, 'San Luis', 'ARG'),
(1086, 'San Luis Potosí', 'MEX'),
(1087, 'San Marino', 'SMR'),
(1088, 'San Miguel', 'SLV'),
(1089, 'San Miguelito', 'PAN'),
(1090, 'San Pedro de Macorís', 'DOM'),
(1091, 'San Salvador', 'SLV'),
(1092, 'Sanaa', 'YEM'),
(1093, 'Sancti-Spíritus', 'CUB'),
(1094, 'Sanliurfa', 'TUR'),
(1095, 'Santa Ana', 'SLV'),
(1096, 'Santa Catarina', 'BRA'),
(1097, 'Santa Cruz', 'BOL'),
(1098, 'Santa Fé', 'ARG'),
(1099, 'Santa fé de Bogotá', 'COL'),
(1100, 'Santander', 'COL'),
(1101, 'Santiago', 'CHL'),
(1102, 'Santiago', 'DOM'),
(1103, 'Santiago de Cuba', 'CUB'),
(1104, 'Santiago del Estero', 'ARG'),
(1105, 'São Paulo', 'BRA'),
(1106, 'São Tiago', 'CPV'),
(1107, 'Saratov', 'RUS'),
(1108, 'Sarawak', 'MYS'),
(1109, 'Sardinia', 'ITA'),
(1110, 'Saskatchewan', 'CAN'),
(1111, 'Satu Mare', 'ROM'),
(1112, 'Savannakhet', 'LAO'),
(1113, 'Sawhaj', 'EGY'),
(1114, 'Schaan', 'LIE'),
(1115, 'Schleswig-Holstein', 'DEU'),
(1116, 'Scotland', 'GBR'),
(1117, 'Selangor', 'MYS'),
(1118, 'Semnan', 'IRN'),
(1119, 'Seoul', 'KOR'),
(1120, 'Sergipe', 'BRA'),
(1121, 'Serravalle/Dogano', 'SMR'),
(1122, 'Sétif', 'DZA'),
(1123, 'Severní Cechy', 'CZE'),
(1124, 'Severní Morava', 'CZE'),
(1125, 'Sfax', 'TUN'),
(1126, 'Shaanxi', 'CHN'),
(1127, 'Shaba', 'COD'),
(1128, 'Shamal Sina', 'EGY'),
(1129, 'Shan', 'MMR'),
(1130, 'Shandong', 'CHN'),
(1131, 'Shanghai', 'CHN'),
(1132, 'Shanxi', 'CHN'),
(1133, 'Sharja', 'ARE'),
(1134, 'Shefa', 'VUT'),
(1135, 'Shiga', 'JPN'),
(1136, 'Shimane', 'JPN'),
(1137, 'Shizuoka', 'JPN'),
(1138, 'Sibiu', 'ROM'),
(1139, 'Sichuan', 'CHN'),
(1140, 'Sidi Bel Abbès', 'DZA'),
(1141, 'Siem Reap', 'KHM'),
(1142, 'Siirt', 'TUR'),
(1143, 'Sinaloa', 'MEX'),
(1144, 'Sind', 'PAK'),
(1145, 'Sindh', 'PAK'),
(1146, 'Sisilia', 'ITA'),
(1147, 'Sistan va Baluchesta', 'IRN'),
(1148, 'Sivas', 'TUR'),
(1149, 'Skikda', 'DZA'),
(1150, 'Skopje', 'MKD'),
(1151, 'Skåne län', 'SWE'),
(1152, 'Slaskie', 'POL'),
(1153, 'Smolensk', 'RUS'),
(1154, 'Sofala', 'MOZ'),
(1155, 'Sokoto & Kebbi & Zam', 'NGA'),
(1156, 'Songkhla', 'THA'),
(1157, 'Sonora', 'MEX'),
(1158, 'Souss Massa-Draâ', 'MAR'),
(1159, 'Sousse', 'TUN'),
(1160, 'South Australia', 'AUS'),
(1161, 'South Carolina', 'USA'),
(1162, 'South Dakota', 'USA'),
(1163, 'South Kazakstan', 'KAZ'),
(1164, 'South Kivu', 'COD'),
(1165, 'South Tarawa', 'KIR'),
(1166, 'Southern Mindanao', 'PHL'),
(1167, 'Southern Tagalog', 'PHL'),
(1168, 'Split-Dalmatia', 'HRV'),
(1169, 'St George', 'DMA'),
(1170, 'St George', 'GRD'),
(1171, 'St George', 'VCT'),
(1172, 'St George Basseterre', 'KNA'),
(1173, 'St John', 'ATG'),
(1174, 'St Michael', 'BRB'),
(1175, 'St Thomas', 'VIR'),
(1176, 'St. Andrew', 'JAM'),
(1177, 'St. Catherine', 'JAM'),
(1178, 'Stavropol', 'RUS'),
(1179, 'Steiermark', 'AUT'),
(1180, 'Streymoyar', 'FRO'),
(1181, 'Suceava', 'ROM'),
(1182, 'Sucre', 'COL'),
(1183, 'Sucre', 'VEN'),
(1184, 'Suez', 'EGY'),
(1185, 'Sulawesi Selatan', 'IDN'),
(1186, 'Sulawesi Tengah', 'IDN'),
(1187, 'Sulawesi Tenggara', 'IDN'),
(1188, 'Sulawesi Utara', 'IDN'),
(1189, 'Sumatera Barat', 'IDN'),
(1190, 'Sumatera Selatan', 'IDN'),
(1191, 'Sumatera Utara', 'IDN'),
(1192, 'Sumqayit', 'AZE'),
(1193, 'Sumy', 'UKR'),
(1194, 'Surkhondaryo', 'UZB'),
(1195, 'Sverdlovsk', 'RUS'),
(1196, 'Swietokrzyskie', 'POL'),
(1197, 'Sylhet', 'BGD'),
(1198, 'Szabolcs-Szatmár-Ber', 'HUN'),
(1199, 'Sør-Trøndelag', 'NOR'),
(1200, 'Tabasco', 'MEX'),
(1201, 'Tabora', 'TZA'),
(1202, 'Tabuk', 'SAU'),
(1203, 'Táchira', 'VEN'),
(1204, 'Tacna', 'PER'),
(1205, 'Tadla-Azilal', 'MAR'),
(1206, 'Taegu', 'KOR'),
(1207, 'Taejon', 'KOR'),
(1208, 'Tahiti', 'PYF'),
(1209, 'Taichung', 'TWN'),
(1210, 'Tainan', 'TWN'),
(1211, 'Taipei', 'TWN'),
(1212, 'Taitung', 'TWN'),
(1213, 'Taizz', 'YEM'),
(1214, 'Taka-Karpatia', 'UKR'),
(1215, 'Tamaulipas', 'MEX'),
(1216, 'Tambov', 'RUS'),
(1217, 'Tamil Nadu', 'IND'),
(1218, 'Tanga', 'TZA'),
(1219, 'Tanger-Tétouan', 'MAR'),
(1220, 'Taoyuan', 'TWN'),
(1221, 'Tarapacá', 'CHL'),
(1222, 'Taraz', 'KAZ'),
(1223, 'Tarija', 'BOL'),
(1224, 'Tartumaa', 'EST'),
(1225, 'Tasmania', 'AUS'),
(1226, 'Tatarstan', 'RUS'),
(1227, 'Taza-Al Hoceima-Taou', 'MAR'),
(1228, 'Tbilisi', 'GEO'),
(1229, 'Tébessa', 'DZA'),
(1230, 'Teheran', 'IRN'),
(1231, 'Tekirdag', 'TUR'),
(1232, 'Tel Aviv', 'ISR'),
(1233, 'Tenasserim [Tanintha', 'MMR'),
(1234, 'Tennessee', 'USA'),
(1235, 'Terengganu', 'MYS'),
(1236, 'Ternopil', 'UKR'),
(1237, 'Tete', 'MOZ'),
(1238, 'Texas', 'USA'),
(1239, 'Thessalia', 'GRC'),
(1240, 'Thiès', 'SEN'),
(1241, 'Thimphu', 'BTN'),
(1242, 'Thua Thien-Hue', 'VNM'),
(1243, 'Thüringen', 'DEU'),
(1244, 'Tianjin', 'CHN'),
(1245, 'Tiaret', 'DZA'),
(1246, 'Tibet', 'CHN'),
(1247, 'Tien Giang', 'VNM'),
(1248, 'Tigray', 'ETH'),
(1249, 'Timis', 'ROM'),
(1250, 'Tirana', 'ALB'),
(1251, 'Tiroli', 'AUT'),
(1252, 'Tjumen', 'RUS'),
(1253, 'Tlemcen', 'DZA'),
(1254, 'Toa Baja', 'PRI'),
(1255, 'Toamasina', 'MDG'),
(1256, 'Tocantins', 'BRA'),
(1257, 'Tochigi', 'JPN'),
(1258, 'Tokat', 'TUR'),
(1259, 'Tokushima', 'JPN'),
(1260, 'Tokyo-to', 'JPN'),
(1261, 'Tolima', 'COL'),
(1262, 'Tomsk', 'RUS'),
(1263, 'Tongatapu', 'TON'),
(1264, 'Tortola', 'VGB'),
(1265, 'Toscana', 'ITA'),
(1266, 'Toskent', 'UZB'),
(1267, 'Toskent Shahri', 'UZB'),
(1268, 'Tottori', 'JPN'),
(1269, 'Toyama', 'JPN'),
(1270, 'Trabzon', 'TUR'),
(1271, 'Trentino-Alto Adige', 'ITA'),
(1272, 'Tripoli', 'LBY'),
(1273, 'Tripura', 'IND'),
(1274, 'Trujillo', 'VEN'),
(1275, 'Tucumán', 'ARG'),
(1276, 'Tula', 'RUS'),
(1277, 'Tulcea', 'ROM'),
(1278, 'Tungurahua', 'ECU'),
(1279, 'Tunis', 'TUN'),
(1280, 'Tutuila', 'ASM'),
(1281, 'Tver', 'RUS'),
(1282, 'Tyva', 'RUS'),
(1283, 'Tšeljabinsk', 'RUS'),
(1284, 'Tšerkasy', 'UKR'),
(1285, 'Tšernigiv', 'UKR'),
(1286, 'Tšernivtsi', 'UKR'),
(1287, 'Tšetšenia', 'RUS'),
(1288, 'Tšita', 'RUS'),
(1289, 'Tšuvassia', 'RUS'),
(1290, 'Ubon Ratchathani', 'THA'),
(1291, 'Ucayali', 'PER'),
(1292, 'Udmurtia', 'RUS'),
(1293, 'Udon Thani', 'THA'),
(1294, 'Ulaanbaatar', 'MNG'),
(1295, 'Uljanovsk', 'RUS'),
(1296, 'Umbria', 'ITA'),
(1297, 'Upolu', 'WSM'),
(1298, 'Uppsala län', 'SWE'),
(1299, 'Usak', 'TUR'),
(1300, 'Utah', 'USA'),
(1301, 'Utrecht', 'NLD'),
(1302, 'Uttar Pradesh', 'IND'),
(1303, 'Uttaranchal', 'IND'),
(1304, 'Vaduz', 'LIE'),
(1305, 'Vâlcea', 'ROM'),
(1306, 'Valencia', 'ESP'),
(1307, 'Valle', 'COL'),
(1308, 'Valparaíso', 'CHL'),
(1309, 'Van', 'TUR'),
(1310, 'Varna', 'BGR'),
(1311, 'Varsinais-Suomi', 'FIN'),
(1312, 'Vaud', 'CHE'),
(1313, 'Veneto', 'ITA'),
(1314, 'Veracruz', 'MEX'),
(1315, 'Veracruz-Llave', 'MEX'),
(1316, 'Viangchan', 'LAO'),
(1317, 'Victoria', 'AUS'),
(1318, 'Villa Clara', 'CUB'),
(1319, 'Vilna', 'LTU'),
(1320, 'Vinnytsja', 'UKR'),
(1321, 'Virginia', 'USA'),
(1322, 'Vitebsk', 'BLR'),
(1323, 'Vladimir', 'RUS'),
(1324, 'Vojvodina', 'YUG'),
(1325, 'Volgograd', 'RUS'),
(1326, 'Vologda', 'RUS'),
(1327, 'Volynia', 'UKR'),
(1328, 'Voronez', 'RUS'),
(1329, 'Vrancea', 'ROM'),
(1330, 'Východné Slovensko', 'SVK'),
(1331, 'Východní Cechy', 'CZE'),
(1332, 'Västerbottens län', 'SWE'),
(1333, 'Västernorrlands län', 'SWE'),
(1334, 'Västmanlands län', 'SWE'),
(1335, 'Wakayama', 'JPN'),
(1336, 'Wales', 'GBR'),
(1337, 'Wallis', 'WLF'),
(1338, 'Warminsko-Mazurskie', 'POL'),
(1339, 'Washington', 'USA'),
(1340, 'Wasit', 'IRQ'),
(1341, 'Wellington', 'NZL'),
(1342, 'West Australia', 'AUS'),
(1343, 'West Azerbaidzan', 'IRN'),
(1344, 'West Bengali', 'IND'),
(1345, 'West Flanderi', 'BEL'),
(1346, 'West Greece', 'GRC'),
(1347, 'West Götanmaan län', 'SWE'),
(1348, 'West Irian', 'IDN'),
(1349, 'West Island', 'CCK'),
(1350, 'West Java', 'IDN'),
(1351, 'West Kasai', 'COD'),
(1352, 'West Kazakstan', 'KAZ'),
(1353, 'Western', 'GHA'),
(1354, 'Western', 'LKA'),
(1355, 'Western', 'NPL'),
(1356, 'Western', 'SLE'),
(1357, 'Western Cape', 'ZAF'),
(1358, 'Western Mindanao', 'PHL'),
(1359, 'Western Visayas', 'PHL'),
(1360, 'Wielkopolskie', 'POL'),
(1361, 'Wien', 'AUT'),
(1362, 'Wilayah Persekutuan', 'MYS'),
(1363, 'Wisconsin', 'USA'),
(1364, 'Woqooyi Galbeed', 'SOM'),
(1365, 'Xinxiang', 'CHN'),
(1366, 'Yamagata', 'JPN'),
(1367, 'Yamaguchi', 'JPN'),
(1368, 'Yamalin Nenetsia', 'RUS'),
(1369, 'Yamanashi', 'JPN'),
(1370, 'Yamoussoukro', 'CIV'),
(1371, 'Yanggang', 'PRK'),
(1372, 'Yaracuy', 'VEN'),
(1373, 'Yazd', 'IRN'),
(1374, 'Yerevan', 'ARM'),
(1375, 'Yogyakarta', 'IDN'),
(1376, 'Yucatán', 'MEX'),
(1377, 'Yunnan', 'CHN'),
(1378, 'Yünlin', 'TWN'),
(1379, 'Zacatecas', 'MEX'),
(1380, 'Zachodnio-Pomorskie', 'POL'),
(1381, 'Zambézia', 'MOZ'),
(1382, 'Zanjan', 'IRN'),
(1383, 'Zanzibar West', 'TZA'),
(1384, 'Zapadní Cechy', 'CZE'),
(1385, 'Zaporizzja', 'UKR'),
(1386, 'Zhejiang', 'CHN'),
(1387, 'Ziguinchor', 'SEN'),
(1388, 'Zinder', 'NER'),
(1389, 'Zonguldak', 'TUR'),
(1390, 'Zufar', 'OMN'),
(1391, 'Zuid-Holland', 'NLD'),
(1392, 'Zulia', 'VEN'),
(1393, 'Zürich', 'CHE'),
(1394, 'Zytomyr', 'UKR'),
(1395, 'Århus', 'DNK'),
(1396, 'Örebros län', 'SWE'),
(1397, 'Šiauliai', 'LTU'),
(1398, 'Širak', 'ARM'),
(1399, '–', 'ABW'),
(1400, '–', 'AIA'),
(1401, '–', 'CXR'),
(1402, '–', 'GBR'),
(1403, '–', 'GIB'),
(1404, '–', 'GUM'),
(1405, '–', 'MCO'),
(1406, '–', 'NCL'),
(1407, '–', 'NFK'),
(1408, '–', 'NIU'),
(1409, '–', 'NRU'),
(1410, '–', 'PCN'),
(1411, '–', 'SGP'),
(1412, '–', 'VAT'),
(1413, 'Choco', 'COL'),
(1414, 'Arauca', 'COL'),
(1415, 'Casanare', 'COL'),
(1416, 'Putumayo', 'COL'),
(1417, 'San Andres', 'COL'),
(1418, 'Amazonas', 'COL'),
(1419, 'Guainia', 'COL'),
(1420, 'Guaviare', 'COL'),
(1421, 'Vaupés', 'COL'),
(1422, 'Vichada', 'COL');

-- --------------------------------------------------------

--
-- Estructura de tabla para la tabla `tb_estado_civil`
--

CREATE TABLE `tb_estado_civil` (
  `esta_civi_codi` tinyint(3) UNSIGNED NOT NULL COMMENT 'Codigo del estado civil del acudiente',
  `esta_civi_nomb` varchar(20) CHARACTER SET utf8 COLLATE utf8_spanish_ci NOT NULL COMMENT 'Nombre del estado civil del acudiente'
) ENGINE=MyISAM DEFAULT CHARSET=utf8 COLLATE=utf8_bin COMMENT='Se almacena la informacion de los estados civiles';

--
-- Volcado de datos para la tabla `tb_estado_civil`
--

INSERT INTO `tb_estado_civil` (`esta_civi_codi`, `esta_civi_nomb`) VALUES
(1, 'Casado'),
(2, 'Soltero'),
(3, 'Separado'),
(4, 'Viudo'),
(5, 'Union Libre');

-- --------------------------------------------------------

--
-- Estructura de tabla para la tabla `tb_genero`
--

CREATE TABLE `tb_genero` (
  `gene_codi` int(10) UNSIGNED NOT NULL COMMENT 'Codigo del genero',
  `gene_nomb` varchar(30) NOT NULL COMMENT 'Nombre del genero'
) ENGINE=MyISAM DEFAULT CHARSET=latin1 COMMENT='Se almacena la informacion de los generos';

--
-- Volcado de datos para la tabla `tb_genero`
--

INSERT INTO `tb_genero` (`gene_codi`, `gene_nomb`) VALUES
(1, 'Masculino'),
(2, 'Femenino');

-- --------------------------------------------------------

--
-- Estructura de tabla para la tabla `tb_municipio`
--

CREATE TABLE `tb_municipio` (
  `muni_codi` int(10) UNSIGNED NOT NULL COMMENT 'Codigo del municipio',
  `muni_nomb` varchar(30) CHARACTER SET latin1 NOT NULL COMMENT 'Nombre del municipio',
  `depa_codi` int(10) UNSIGNED NOT NULL COMMENT 'Codigo del departamento al que pertenece'
) ENGINE=MyISAM DEFAULT CHARSET=utf8 COLLATE=utf8_spanish_ci COMMENT='Se almacena la informacion de las municipios';

--
-- Volcado de datos para la tabla `tb_municipio`
--

INSERT INTO `tb_municipio` (`muni_codi`, `muni_nomb`, `depa_codi`) VALUES
(1, 'Kabul', 589),
(2, 'Qandahar', 1014),
(3, 'Herat', 505),
(4, 'Mazar-e-Sharif', 141),
(5, 'Amsterdam', 890),
(6, 'Rotterdam', 1391),
(7, 'Haag', 1391),
(8, 'Utrecht', 1301),
(9, 'Eindhoven', 889),
(10, 'Tilburg', 889),
(11, 'Groningen', 455),
(12, 'Breda', 889),
(13, 'Apeldoorn', 434),
(14, 'Nijmegen', 434),
(15, 'Enschede', 950),
(16, 'Haarlem', 890),
(17, 'Almere', 410),
(18, 'Arnhem', 434),
(19, 'Zaanstad', 890),
(20, '´s-Hertogenbosch', 889),
(21, 'Amersfoort', 1301),
(22, 'Maastricht', 717),
(23, 'Dordrecht', 1391),
(24, 'Leiden', 1391),
(25, 'Haarlemmermeer', 890),
(26, 'Zoetermeer', 1391),
(27, 'Emmen', 366),
(28, 'Zwolle', 950),
(29, 'Ede', 434),
(30, 'Delft', 1391),
(31, 'Heerlen', 717),
(32, 'Alkmaar', 890),
(33, 'Willemstad', 325),
(34, 'Tirana', 1250),
(35, 'Alger', 57),
(36, 'Oran', 931),
(37, 'Constantine', 313),
(38, 'Annaba', 78),
(39, 'Batna', 161),
(40, 'Sétif', 1122),
(41, 'Sidi Bel Abbès', 1140),
(42, 'Skikda', 1149),
(43, 'Biskra', 187),
(44, 'Blida (el-Boulaida)', 190),
(45, 'Béjaïa', 168),
(46, 'Mostaganem', 835),
(47, 'Tébessa', 1229),
(48, 'Tlemcen (Tilimsen)', 1253),
(49, 'Béchar', 166),
(50, 'Tiaret', 1245),
(51, 'Ech-Chleff (el-Asnam)', 291),
(52, 'Ghardaïa', 439),
(53, 'Tafuna', 1280),
(54, 'Fagatogo', 1280),
(55, 'Andorra la Vella', 74),
(56, 'Luanda', 735),
(57, 'Huambo', 527),
(58, 'Lobito', 174),
(59, 'Benguela', 174),
(60, 'Namibe', 853),
(61, 'South Hill', 1400),
(62, 'The Valley', 1400),
(63, 'Saint John´s', 1173),
(64, 'Dubai', 368),
(65, 'Abu Dhabi', 6),
(66, 'Sharja', 1133),
(67, 'al-Ayn', 6),
(68, 'Ajman', 19),
(69, 'Buenos Aires', 349),
(70, 'La Matanza', 215),
(71, 'Córdoba', 316),
(72, 'Rosario', 1098),
(73, 'Lomas de Zamora', 215),
(74, 'Quilmes', 215),
(75, 'Almirante Brown', 215),
(76, 'La Plata', 215),
(77, 'Mar del Plata', 215),
(78, 'San Miguel de Tucumán', 1275),
(79, 'Lanús', 215),
(80, 'Merlo', 215),
(81, 'General San Martín', 215),
(82, 'Salta', 1077),
(83, 'Moreno', 215),
(84, 'Santa Fé', 1098),
(85, 'Avellaneda', 215),
(86, 'Tres de Febrero', 215),
(87, 'Morón', 215),
(88, 'Florencio Varela', 215),
(89, 'San Isidro', 215),
(90, 'Tigre', 215),
(91, 'Malvinas Argentinas', 215),
(92, 'Vicente López', 215),
(93, 'Berazategui', 215),
(94, 'Corrientes', 318),
(95, 'San Miguel', 215),
(96, 'Bahía Blanca', 215),
(97, 'Esteban Echeverría', 215),
(98, 'Resistencia', 272),
(99, 'José C. Paz', 215),
(100, 'Paraná', 390),
(101, 'Godoy Cruz', 800),
(102, 'Posadas', 815),
(103, 'Guaymallén', 800),
(104, 'Santiago del Estero', 1104),
(105, 'San Salvador de Jujuy', 585),
(106, 'Hurlingham', 215),
(107, 'Neuquén', 868),
(108, 'Ituzaingó', 215),
(109, 'San Fernando', 215),
(110, 'Formosa', 412),
(111, 'Las Heras', 800),
(112, 'La Rioja', 695),
(113, 'San Fernando del Valle de Cata', 251),
(114, 'Río Cuarto', 316),
(115, 'Comodoro Rivadavia', 295),
(116, 'Mendoza', 800),
(117, 'San Nicolás de los Arroyos', 215),
(118, 'San Juan', 1083),
(119, 'Escobar', 215),
(120, 'Concordia', 390),
(121, 'Pilar', 215),
(122, 'San Luis', 1085),
(123, 'Ezeiza', 215),
(124, 'San Rafael', 800),
(125, 'Tandil', 215),
(126, 'Yerevan', 1374),
(127, 'Gjumri', 1398),
(128, 'Vanadzor', 729),
(129, 'Oranjestad', 1399),
(130, 'Sydney', 874),
(131, 'Melbourne', 1317),
(132, 'Brisbane', 1027),
(133, 'Perth', 1342),
(134, 'Adelaide', 1160),
(135, 'Canberra', 240),
(136, 'Gold Coast', 1027),
(137, 'Newcastle', 874),
(138, 'Central Coast', 874),
(139, 'Wollongong', 874),
(140, 'Hobart', 1225),
(141, 'Geelong', 1317),
(142, 'Townsville', 1027),
(143, 'Cairns', 1027),
(144, 'Baku', 137),
(145, 'Gäncä', 469),
(146, 'Sumqayit', 1192),
(147, 'Mingäçevir', 811),
(148, 'Nassau', 873),
(149, 'al-Manama', 35),
(150, 'Dhaka', 342),
(151, 'Chittagong', 290),
(152, 'Khulna', 645),
(153, 'Rajshahi', 1037),
(154, 'Narayanganj', 342),
(155, 'Rangpur', 1037),
(156, 'Mymensingh', 342),
(157, 'Barisal', 153),
(158, 'Tungi', 342),
(159, 'Jessore', 645),
(160, 'Comilla', 290),
(161, 'Nawabganj', 1037),
(162, 'Dinajpur', 1037),
(163, 'Bogra', 1037),
(164, 'Sylhet', 1197),
(165, 'Brahmanbaria', 290),
(166, 'Tangail', 342),
(167, 'Jamalpur', 342),
(168, 'Pabna', 1037),
(169, 'Naogaon', 1037),
(170, 'Sirajganj', 1037),
(171, 'Narsinghdi', 342),
(172, 'Saidpur', 1037),
(173, 'Gazipur', 342),
(174, 'Bridgetown', 1174),
(175, 'Antwerpen', 83),
(176, 'Gent', 373),
(177, 'Charleroi', 478),
(178, 'Liège', 711),
(179, 'Bruxelles [Brussel]', 213),
(180, 'Brugge', 1345),
(181, 'Schaerbeek', 213),
(182, 'Namur', 856),
(183, 'Mons', 478),
(184, 'Belize City', 170),
(185, 'Belmopan', 254),
(186, 'Cotonou', 117),
(187, 'Porto-Novo', 946),
(188, 'Djougou', 114),
(189, 'Parakou', 193),
(190, 'Saint George', 1068),
(191, 'Hamilton', 487),
(192, 'Thimphu', 1241),
(193, 'Santa Cruz de la Sierra', 1097),
(194, 'La Paz', 694),
(195, 'El Alto', 694),
(196, 'Cochabamba', 306),
(197, 'Oruro', 939),
(198, 'Sucre', 298),
(199, 'Potosí', 997),
(200, 'Tarija', 1223),
(201, 'Sarajevo', 405),
(202, 'Banja Luka', 1041),
(203, 'Zenica', 405),
(204, 'Gaborone', 426),
(205, 'Francistown', 415),
(206, 'São Paulo', 1105),
(207, 'Rio de Janeiro', 1049),
(208, 'Salvador', 132),
(209, 'Belo Horizonte', 810),
(210, 'Fortaleza', 255),
(211, 'Brasília', 350),
(212, 'Curitiba', 959),
(213, 'Recife', 968),
(214, 'Porto Alegre', 1051),
(215, 'Manaus', 64),
(216, 'Belém', 956),
(217, 'Guarulhos', 1105),
(218, 'Goiânia', 443),
(219, 'Campinas', 1105),
(220, 'São Gonçalo', 1049),
(221, 'Nova Iguaçu', 1049),
(222, 'São Luís', 772),
(223, 'Maceió', 52),
(224, 'Duque de Caxias', 1049),
(225, 'São Bernardo do Campo', 1105),
(226, 'Teresina', 970),
(227, 'Natal', 1050),
(228, 'Osasco', 1105),
(229, 'Campo Grande', 787),
(230, 'Santo André', 1105),
(231, 'João Pessoa', 957),
(232, 'Jaboatão dos Guararapes', 968),
(233, 'Contagem', 810),
(234, 'São José dos Campos', 1105),
(235, 'Uberlândia', 810),
(236, 'Feira de Santana', 132),
(237, 'Ribeirão Preto', 1105),
(238, 'Sorocaba', 1105),
(239, 'Niterói', 1049),
(240, 'Cuiabá', 786),
(241, 'Juiz de Fora', 810),
(242, 'Aracaju', 1120),
(243, 'São João de Meriti', 1049),
(244, 'Londrina', 959),
(245, 'Joinville', 1096),
(246, 'Belford Roxo', 1049),
(247, 'Santos', 1105),
(248, 'Ananindeua', 956),
(249, 'Campos dos Goytacazes', 1049),
(250, 'Mauá', 1105),
(251, 'Carapicuíba', 1105),
(252, 'Olinda', 968),
(253, 'Campina Grande', 957),
(254, 'São José do Rio Preto', 1105),
(255, 'Caxias do Sul', 1051),
(256, 'Moji das Cruzes', 1105),
(257, 'Diadema', 1105),
(258, 'Aparecida de Goiânia', 443),
(259, 'Piracicaba', 1105),
(260, 'Cariacica', 397),
(261, 'Vila Velha', 397),
(262, 'Pelotas', 1051),
(263, 'Bauru', 1105),
(264, 'Porto Velho', 1058),
(265, 'Serra', 397),
(266, 'Betim', 810),
(267, 'Jundíaí', 1105),
(268, 'Canoas', 1051),
(269, 'Franca', 1105),
(270, 'São Vicente', 1105),
(271, 'Maringá', 959),
(272, 'Montes Claros', 810),
(273, 'Anápolis', 443),
(274, 'Florianópolis', 1096),
(275, 'Petrópolis', 1049),
(276, 'Itaquaquecetuba', 1105),
(277, 'Vitória', 397),
(278, 'Ponta Grossa', 959),
(279, 'Rio Branco', 8),
(280, 'Foz do Iguaçu', 959),
(281, 'Macapá', 63),
(282, 'Ilhéus', 132),
(283, 'Vitória da Conquista', 132),
(284, 'Uberaba', 810),
(285, 'Paulista', 968),
(286, 'Limeira', 1105),
(287, 'Blumenau', 1096),
(288, 'Caruaru', 968),
(289, 'Santarém', 956),
(290, 'Volta Redonda', 1049),
(291, 'Novo Hamburgo', 1051),
(292, 'Caucaia', 255),
(293, 'Santa Maria', 1051),
(294, 'Cascavel', 959),
(295, 'Guarujá', 1105),
(296, 'Ribeirão das Neves', 810),
(297, 'Governador Valadares', 810),
(298, 'Taubaté', 1105),
(299, 'Imperatriz', 772),
(300, 'Gravataí', 1051),
(301, 'Embu', 1105),
(302, 'Mossoró', 1050),
(303, 'Várzea Grande', 786),
(304, 'Petrolina', 968),
(305, 'Barueri', 1105),
(306, 'Viamão', 1051),
(307, 'Ipatinga', 810),
(308, 'Juazeiro', 132),
(309, 'Juazeiro do Norte', 255),
(310, 'Taboão da Serra', 1105),
(311, 'São José dos Pinhais', 959),
(312, 'Magé', 1049),
(313, 'Suzano', 1105),
(314, 'São Leopoldo', 1051),
(315, 'Marília', 1105),
(316, 'São Carlos', 1105),
(317, 'Sumaré', 1105),
(318, 'Presidente Prudente', 1105),
(319, 'Divinópolis', 810),
(320, 'Sete Lagoas', 810),
(321, 'Rio Grande', 1051),
(322, 'Itabuna', 132),
(323, 'Jequié', 132),
(324, 'Arapiraca', 52),
(325, 'Colombo', 959),
(326, 'Americana', 1105),
(327, 'Alvorada', 1051),
(328, 'Araraquara', 1105),
(329, 'Itaboraí', 1049),
(330, 'Santa Bárbara d´Oeste', 1105),
(331, 'Nova Friburgo', 1049),
(332, 'Jacareí', 1105),
(333, 'Araçatuba', 1105),
(334, 'Barra Mansa', 1049),
(335, 'Praia Grande', 1105),
(336, 'Marabá', 956),
(337, 'Criciúma', 1096),
(338, 'Boa Vista', 1059),
(339, 'Passo Fundo', 1051),
(340, 'Dourados', 787),
(341, 'Santa Luzia', 810),
(342, 'Rio Claro', 1105),
(343, 'Maracanaú', 255),
(344, 'Guarapuava', 959),
(345, 'Rondonópolis', 786),
(346, 'São José', 1096),
(347, 'Cachoeiro de Itapemirim', 397),
(348, 'Nilópolis', 1049),
(349, 'Itapevi', 1105),
(350, 'Cabo de Santo Agostinho', 968),
(351, 'Camaçari', 132),
(352, 'Sobral', 255),
(353, 'Itajaí', 1096),
(354, 'Chapecó', 1096),
(355, 'Cotia', 1105),
(356, 'Lages', 1096),
(357, 'Ferraz de Vasconcelos', 1105),
(358, 'Indaiatuba', 1105),
(359, 'Hortolândia', 1105),
(360, 'Caxias', 772),
(361, 'São Caetano do Sul', 1105),
(362, 'Itu', 1105),
(363, 'Nossa Senhora do Socorro', 1120),
(364, 'Parnaíba', 970),
(365, 'Poços de Caldas', 810),
(366, 'Teresópolis', 1049),
(367, 'Barreiras', 132),
(368, 'Castanhal', 956),
(369, 'Alagoinhas', 132),
(370, 'Itapecerica da Serra', 1105),
(371, 'Uruguaiana', 1051),
(372, 'Paranaguá', 959),
(373, 'Ibirité', 810),
(374, 'Timon', 772),
(375, 'Luziânia', 443),
(376, 'Macaé', 1049),
(377, 'Teófilo Otoni', 810),
(378, 'Moji-Guaçu', 1105),
(379, 'Palmas', 1256),
(380, 'Pindamonhangaba', 1105),
(381, 'Francisco Morato', 1105),
(382, 'Bagé', 1051),
(383, 'Sapucaia do Sul', 1051),
(384, 'Cabo Frio', 1049),
(385, 'Itapetininga', 1105),
(386, 'Patos de Minas', 810),
(387, 'Camaragibe', 968),
(388, 'Bragança Paulista', 1105),
(389, 'Queimados', 1049),
(390, 'Araguaína', 1256),
(391, 'Garanhuns', 968),
(392, 'Vitória de Santo Antão', 968),
(393, 'Santa Rita', 957),
(394, 'Barbacena', 810),
(395, 'Abaetetuba', 956),
(396, 'Jaú', 1105),
(397, 'Lauro de Freitas', 132),
(398, 'Franco da Rocha', 1105),
(399, 'Teixeira de Freitas', 132),
(400, 'Varginha', 810),
(401, 'Ribeirão Pires', 1105),
(402, 'Sabará', 810),
(403, 'Catanduva', 1105),
(404, 'Rio Verde', 443),
(405, 'Botucatu', 1105),
(406, 'Colatina', 397),
(407, 'Santa Cruz do Sul', 1051),
(408, 'Linhares', 397),
(409, 'Apucarana', 959),
(410, 'Barretos', 1105),
(411, 'Guaratinguetá', 1105),
(412, 'Cachoeirinha', 1051),
(413, 'Codó', 772),
(414, 'Jaraguá do Sul', 1096),
(415, 'Cubatão', 1105),
(416, 'Itabira', 810),
(417, 'Itaituba', 956),
(418, 'Araras', 1105),
(419, 'Resende', 1049),
(420, 'Atibaia', 1105),
(421, 'Pouso Alegre', 810),
(422, 'Toledo', 959),
(423, 'Crato', 255),
(424, 'Passos', 810),
(425, 'Araguari', 810),
(426, 'São José de Ribamar', 772),
(427, 'Pinhais', 959),
(428, 'Sertãozinho', 1105),
(429, 'Conselheiro Lafaiete', 810),
(430, 'Paulo Afonso', 132),
(431, 'Angra dos Reis', 1049),
(432, 'Eunápolis', 132),
(433, 'Salto', 1105),
(434, 'Ourinhos', 1105),
(435, 'Parnamirim', 1050),
(436, 'Jacobina', 132),
(437, 'Coronel Fabriciano', 810),
(438, 'Birigui', 1105),
(439, 'Tatuí', 1105),
(440, 'Ji-Paraná', 1058),
(441, 'Bacabal', 772),
(442, 'Cametá', 956),
(443, 'Guaíba', 1051),
(444, 'São Lourenço da Mata', 968),
(445, 'Santana do Livramento', 1051),
(446, 'Votorantim', 1105),
(447, 'Campo Largo', 959),
(448, 'Patos', 957),
(449, 'Ituiutaba', 810),
(450, 'Corumbá', 787),
(451, 'Palhoça', 1096),
(452, 'Barra do Piraí', 1049),
(453, 'Bento Gonçalves', 1051),
(454, 'Poá', 1105),
(455, 'Águas Lindas de Goiás', 443),
(456, 'London', 389),
(457, 'Birmingham', 389),
(458, 'Glasgow', 1116),
(459, 'Liverpool', 389),
(460, 'Edinburgh', 1116),
(461, 'Sheffield', 389),
(462, 'Manchester', 389),
(463, 'Leeds', 389),
(464, 'Bristol', 389),
(465, 'Cardiff', 1336),
(466, 'Coventry', 389),
(467, 'Leicester', 389),
(468, 'Bradford', 389),
(469, 'Belfast', 901),
(470, 'Nottingham', 389),
(471, 'Kingston upon Hull', 389),
(472, 'Plymouth', 389),
(473, 'Stoke-on-Trent', 389),
(474, 'Wolverhampton', 389),
(475, 'Derby', 389),
(476, 'Swansea', 1336),
(477, 'Southampton', 389),
(478, 'Aberdeen', 1116),
(479, 'Northampton', 389),
(480, 'Dudley', 389),
(481, 'Portsmouth', 389),
(482, 'Newcastle upon Tyne', 389),
(483, 'Sunderland', 389),
(484, 'Luton', 389),
(485, 'Swindon', 389),
(486, 'Southend-on-Sea', 389),
(487, 'Walsall', 389),
(488, 'Bournemouth', 389),
(489, 'Peterborough', 389),
(490, 'Brighton', 389),
(491, 'Blackpool', 389),
(492, 'Dundee', 1116),
(493, 'West Bromwich', 389),
(494, 'Reading', 389),
(495, 'Oldbury/Smethwick (Warley)', 389),
(496, 'Middlesbrough', 389),
(497, 'Huddersfield', 389),
(498, 'Oxford', 389),
(499, 'Poole', 389),
(500, 'Bolton', 389),
(501, 'Blackburn', 389),
(502, 'Newport', 1336),
(503, 'Preston', 389),
(504, 'Stockport', 389),
(505, 'Norwich', 389),
(506, 'Rotherham', 389),
(507, 'Cambridge', 389),
(508, 'Watford', 389),
(509, 'Ipswich', 389),
(510, 'Slough', 389),
(511, 'Exeter', 389),
(512, 'Cheltenham', 389),
(513, 'Gloucester', 389),
(514, 'Saint Helens', 389),
(515, 'Sutton Coldfield', 389),
(516, 'York', 389),
(517, 'Oldham', 389),
(518, 'Basildon', 389),
(519, 'Worthing', 389),
(520, 'Chelmsford', 389),
(521, 'Colchester', 389),
(522, 'Crawley', 389),
(523, 'Gillingham', 389),
(524, 'Solihull', 389),
(525, 'Rochdale', 389),
(526, 'Birkenhead', 389),
(527, 'Worcester', 389),
(528, 'Hartlepool', 389),
(529, 'Halifax', 389),
(530, 'Woking/Byfleet', 389),
(531, 'Southport', 389),
(532, 'Maidstone', 389),
(533, 'Eastbourne', 389),
(534, 'Grimsby', 389),
(535, 'Saint Helier', 575),
(536, 'Douglas', 1402),
(537, 'Road Town', 1264),
(538, 'Bandar Seri Begawan', 212),
(539, 'Sofija', 447),
(540, 'Plovdiv', 982),
(541, 'Varna', 1310),
(542, 'Burgas', 220),
(543, 'Ruse', 1061),
(544, 'Stara Zagora', 495),
(545, 'Pleven', 734),
(546, 'Sliven', 220),
(547, 'Dobric', 1310),
(548, 'Šumen', 1310),
(549, 'Ouagadougou', 590),
(550, 'Bobo-Dioulasso', 524),
(551, 'Koudougou', 198),
(552, 'Bujumbura', 217),
(553, 'George Town', 449),
(554, 'Santiago de Chile', 1101),
(555, 'Puente Alto', 1101),
(556, 'Viña del Mar', 1308),
(557, 'Valparaíso', 1308),
(558, 'Talcahuano', 183),
(559, 'Antofagasta', 82),
(560, 'San Bernardo', 1101),
(561, 'Temuco', 689),
(562, 'Concepción', 183),
(563, 'Rancagua', 952),
(564, 'Arica', 1221),
(565, 'Talca', 788),
(566, 'Chillán', 183),
(567, 'Iquique', 1221),
(568, 'Los Angeles', 183),
(569, 'Puerto Montt', 731),
(570, 'Coquimbo', 315),
(571, 'Osorno', 731),
(572, 'La Serena', 315),
(573, 'Calama', 82),
(574, 'Valdivia', 731),
(575, 'Punta Arenas', 750),
(576, 'Copiapó', 113),
(577, 'Quilpué', 1308),
(578, 'Curicó', 788),
(579, 'Ovalle', 315),
(580, 'Coronel', 183),
(581, 'San Pedro de la Paz', 183),
(582, 'Melipilla', 1101),
(583, 'Avarua', 1040),
(584, 'San José', 1082),
(585, 'Djibouti', 356),
(586, 'Roseau', 1169),
(587, 'Santo Domingo de Guzmán', 353),
(588, 'Santiago de los Caballeros', 1102),
(589, 'La Romana', 697),
(590, 'San Pedro de Macorís', 1090),
(591, 'San Francisco de Macorís', 367),
(592, 'San Felipe de Puerto Plata', 1003),
(593, 'Guayaquil', 462),
(594, 'Quito', 972),
(595, 'Cuenca', 124),
(596, 'Machala', 385),
(597, 'Santo Domingo de los Colorados', 972),
(598, 'Portoviejo', 760),
(599, 'Ambato', 1278),
(600, 'Manta', 760),
(601, 'Duran [Eloy Alfaro]', 462),
(602, 'Ibarra', 548),
(603, 'Quevedo', 732),
(604, 'Milagro', 462),
(605, 'Loja', 725),
(606, 'Ríobamba', 287),
(607, 'Esmeraldas', 396),
(608, 'Cairo', 597),
(609, 'Alexandria', 55),
(610, 'Giza', 442),
(611, 'Shubra al-Khayma', 41),
(612, 'Port Said', 992),
(613, 'Suez', 1184),
(614, 'al-Mahallat al-Kubra', 31),
(615, 'Tanta', 31),
(616, 'al-Mansura', 29),
(617, 'Luxor', 741),
(618, 'Asyut', 112),
(619, 'Bahtim', 41),
(620, 'Zagazig', 45),
(621, 'al-Faiyum', 30),
(622, 'Ismailia', 563),
(623, 'Kafr al-Dawwar', 28),
(624, 'Assuan', 107),
(625, 'Damanhur', 28),
(626, 'al-Minya', 37),
(627, 'Bani Suwayf', 149),
(628, 'Qina', 1019),
(629, 'Sawhaj', 1113),
(630, 'Shibin al-Kawm', 36),
(631, 'Bulaq al-Dakrur', 442),
(632, 'Banha', 41),
(633, 'Warraq al-Arab', 442),
(634, 'Kafr al-Shaykh', 593),
(635, 'Mallawi', 37),
(636, 'Bilbays', 45),
(637, 'Mit Ghamr', 29),
(638, 'al-Arish', 1128),
(639, 'Talkha', 29),
(640, 'Qalyub', 41),
(641, 'Jirja', 1113),
(642, 'Idfu', 1019),
(643, 'al-Hawamidiya', 442),
(644, 'Disuq', 593),
(645, 'San Salvador', 1091),
(646, 'Santa Ana', 1095),
(647, 'Mejicanos', 1091),
(648, 'Soyapango', 1091),
(649, 'San Miguel', 1088),
(650, 'Nueva San Salvador', 693),
(651, 'Apopa', 1091),
(652, 'Asmara', 748),
(653, 'Madrid', 747),
(654, 'Barcelona', 625),
(655, 'Valencia', 1306),
(656, 'Sevilla', 71),
(657, 'Zaragoza', 92),
(658, 'Málaga', 71),
(659, 'Bilbao', 156),
(660, 'Las Palmas de Gran Canaria', 236),
(661, 'Murcia', 838),
(662, 'Palma de Mallorca', 138),
(663, 'Valladolid', 249),
(664, 'Córdoba', 71),
(665, 'Vigo', 428),
(666, 'Alicante [Alacant]', 1306),
(667, 'Gijón', 110),
(668, 'L´Hospitalet de Llobregat', 625),
(669, 'Granada', 71),
(670, 'A Coruña (La Coruña)', 428),
(671, 'Vitoria-Gasteiz', 156),
(672, 'Santa Cruz de Tenerife', 236),
(673, 'Badalona', 625),
(674, 'Oviedo', 110),
(675, 'Móstoles', 747),
(676, 'Elche [Elx]', 1306),
(677, 'Sabadell', 625),
(678, 'Santander', 237),
(679, 'Jerez de la Frontera', 71),
(680, 'Pamplona [Iruña]', 862),
(681, 'Donostia-San Sebastián', 156),
(682, 'Cartagena', 838),
(683, 'Leganés', 747),
(684, 'Fuenlabrada', 747),
(685, 'Almería', 71),
(686, 'Terrassa', 625),
(687, 'Alcalá de Henares', 747),
(688, 'Burgos', 249),
(689, 'Salamanca', 249),
(690, 'Albacete', 624),
(691, 'Getafe', 747),
(692, 'Cádiz', 71),
(693, 'Alcorcón', 747),
(694, 'Huelva', 71),
(695, 'León', 249),
(696, 'Castellón de la Plana [Castell', 1306),
(697, 'Badajoz', 399),
(698, '[San Cristóbal de] la Laguna', 236),
(699, 'Logroño', 696),
(700, 'Santa Coloma de Gramenet', 625),
(701, 'Tarragona', 625),
(702, 'Lleida (Lérida)', 625),
(703, 'Jaén', 71),
(704, 'Ourense (Orense)', 428),
(705, 'Mataró', 625),
(706, 'Algeciras', 71),
(707, 'Marbella', 71),
(708, 'Barakaldo', 156),
(709, 'Dos Hermanas', 71),
(710, 'Santiago de Compostela', 428),
(711, 'Torrejón de Ardoz', 747),
(712, 'Cape Town', 1357),
(713, 'Soweto', 430),
(714, 'Johannesburg', 430),
(715, 'Port Elizabeth', 380),
(716, 'Pretoria', 430),
(717, 'Inanda', 681),
(718, 'Durban', 681),
(719, 'Vanderbijlpark', 430),
(720, 'Kempton Park', 430),
(721, 'Alberton', 430),
(722, 'Pinetown', 681),
(723, 'Pietermaritzburg', 681),
(724, 'Benoni', 430),
(725, 'Randburg', 430),
(726, 'Umlazi', 681),
(727, 'Bloemfontein', 417),
(728, 'Vereeniging', 430),
(729, 'Wonderboom', 430),
(730, 'Roodepoort', 430),
(731, 'Boksburg', 430),
(732, 'Klerksdorp', 905),
(733, 'Soshanguve', 430),
(734, 'Newcastle', 681),
(735, 'East London', 380),
(736, 'Welkom', 417),
(737, 'Kimberley', 908),
(738, 'Uitenhage', 380),
(739, 'Chatsworth', 681),
(740, 'Mdantsane', 380),
(741, 'Krugersdorp', 430),
(742, 'Botshabelo', 417),
(743, 'Brakpan', 430),
(744, 'Witbank', 836),
(745, 'Oberholzer', 430),
(746, 'Germiston', 430),
(747, 'Springs', 430),
(748, 'Westonaria', 430),
(749, 'Randfontein', 430),
(750, 'Paarl', 1357),
(751, 'Potchefstroom', 905),
(752, 'Rustenburg', 905),
(753, 'Nigel', 430),
(754, 'George', 1357),
(755, 'Ladysmith', 681),
(756, 'Addis Abeba', 10),
(757, 'Dire Dawa', 346),
(758, 'Nazret', 938),
(759, 'Gonder', 65),
(760, 'Dese', 65),
(761, 'Mekele', 1248),
(762, 'Bahir Dar', 65),
(763, 'Stanley', 372),
(764, 'Suva', 256),
(765, 'Quezon', 861),
(766, 'Manila', 861),
(767, 'Kalookan', 861),
(768, 'Davao', 1166),
(769, 'Cebu', 268),
(770, 'Zamboanga', 1358),
(771, 'Pasig', 861),
(772, 'Valenzuela', 861),
(773, 'Las Piñas', 861),
(774, 'Antipolo', 1167),
(775, 'Taguig', 861),
(776, 'Cagayan de Oro', 909),
(777, 'Parañaque', 861),
(778, 'Makati', 861),
(779, 'Bacolod', 1359),
(780, 'General Santos', 1166),
(781, 'Marikina', 861),
(782, 'Dasmariñas', 1167),
(783, 'Muntinlupa', 861),
(784, 'Iloilo', 1359),
(785, 'Pasay', 861),
(786, 'Malabon', 861),
(787, 'San José del Monte', 264),
(788, 'Bacoor', 1167),
(789, 'Iligan', 266),
(790, 'Calamba', 1167),
(791, 'Mandaluyong', 861),
(792, 'Butuan', 244),
(793, 'Angeles', 264),
(794, 'Tarlac', 264),
(795, 'Mandaue', 268),
(796, 'Baguio', 242),
(797, 'Batangas', 1167),
(798, 'Cainta', 1167),
(799, 'San Pedro', 1167),
(800, 'Navotas', 861),
(801, 'Cabanatuan', 264),
(802, 'San Fernando', 264),
(803, 'Lipa', 1167),
(804, 'Lapu-Lapu', 268),
(805, 'San Pablo', 1167),
(806, 'Biñan', 1167),
(807, 'Taytay', 1167),
(808, 'Lucena', 1167),
(809, 'Imus', 1167),
(810, 'Olongapo', 264),
(811, 'Binangonan', 1167),
(812, 'Santa Rosa', 1167),
(813, 'Tagum', 1166),
(814, 'Tacloban', 381),
(815, 'Malolos', 264),
(816, 'Mabalacat', 264),
(817, 'Cotabato', 266),
(818, 'Meycauayan', 264),
(819, 'Puerto Princesa', 1167),
(820, 'Legazpi', 178),
(821, 'Silang', 1167),
(822, 'Ormoc', 381),
(823, 'San Carlos', 547),
(824, 'Kabankalan', 1359),
(825, 'Talisay', 268),
(826, 'Valencia', 909),
(827, 'Calbayog', 381),
(828, 'Santa Maria', 264),
(829, 'Pagadian', 1358),
(830, 'Cadiz', 1359),
(831, 'Bago', 1359),
(832, 'Toledo', 268),
(833, 'Naga', 178),
(834, 'San Mateo', 1167),
(835, 'Panabo', 1166),
(836, 'Koronadal', 1166),
(837, 'Marawi', 266),
(838, 'Dagupan', 547),
(839, 'Sagay', 1359),
(840, 'Roxas', 1359),
(841, 'Lubao', 264),
(842, 'Digos', 1166),
(843, 'San Miguel', 264),
(844, 'Malaybalay', 909),
(845, 'Tuguegarao', 225),
(846, 'Ilagan', 225),
(847, 'Baliuag', 264),
(848, 'Surigao', 244),
(849, 'San Carlos', 1359),
(850, 'San Juan del Monte', 861),
(851, 'Tanauan', 1167),
(852, 'Concepcion', 264),
(853, 'Rodriguez (Montalban)', 1167),
(854, 'Sariaya', 1167),
(855, 'Malasiqui', 547),
(856, 'General Mariano Alvarez', 1167),
(857, 'Urdaneta', 547),
(858, 'Hagonoy', 264),
(859, 'San Jose', 1167),
(860, 'Polomolok', 1166),
(861, 'Santiago', 225),
(862, 'Tanza', 1167),
(863, 'Ozamis', 909),
(864, 'Mexico', 264),
(865, 'San Jose', 264),
(866, 'Silay', 1359),
(867, 'General Trias', 1167),
(868, 'Tabaco', 178),
(869, 'Cabuyao', 1167),
(870, 'Calapan', 1167),
(871, 'Mati', 1166),
(872, 'Midsayap', 266),
(873, 'Cauayan', 225),
(874, 'Gingoog', 909),
(875, 'Dumaguete', 268),
(876, 'San Fernando', 547),
(877, 'Arayat', 264),
(878, 'Bayawan (Tulong)', 268),
(879, 'Kidapawan', 266),
(880, 'Daraga (Locsin)', 178),
(881, 'Marilao', 264),
(882, 'Malita', 1166),
(883, 'Dipolog', 1358),
(884, 'Cavite', 1167),
(885, 'Danao', 268),
(886, 'Bislig', 244),
(887, 'Talavera', 264),
(888, 'Guagua', 264),
(889, 'Bayambang', 547),
(890, 'Nasugbu', 1167),
(891, 'Baybay', 381),
(892, 'Capas', 264),
(893, 'Sultan Kudarat', 102),
(894, 'Laoag', 547),
(895, 'Bayugan', 244),
(896, 'Malungon', 1166),
(897, 'Santa Cruz', 1167),
(898, 'Sorsogon', 178),
(899, 'Candelaria', 1167),
(900, 'Ligao', 178),
(901, 'Tórshavn', 1180),
(902, 'Libreville', 398),
(903, 'Serekunda', 660),
(904, 'Banjul', 150),
(905, 'Tbilisi', 1228),
(906, 'Kutaisi', 549),
(907, 'Rustavi', 678),
(908, 'Batumi', 14),
(909, 'Sohumi', 3),
(910, 'Accra', 453),
(911, 'Kumasi', 104),
(912, 'Tamale', 906),
(913, 'Tema', 453),
(914, 'Sekondi-Takoradi', 1353),
(915, 'Gibraltar', 1403),
(916, 'Saint George´s', 1170),
(917, 'Nuuk', 656),
(918, 'Les Abymes', 451),
(919, 'Basse-Terre', 159),
(920, 'Tamuning', 1404),
(921, 'Agaña', 1404),
(922, 'Ciudad de Guatemala', 461),
(923, 'Mixco', 461),
(924, 'Villa Nueva', 461),
(925, 'Quetzaltenango', 1030),
(926, 'Conakry', 310),
(927, 'Bissau', 188),
(928, 'Georgetown', 436),
(929, 'Port-au-Prince', 948),
(930, 'Carrefour', 948),
(931, 'Delmas', 948),
(932, 'Le-Cap-Haïtien', 892),
(933, 'Tegucigalpa', 348),
(934, 'San Pedro Sula', 319),
(935, 'La Ceiba', 116),
(936, 'Kowloon and New Kowloon', 669),
(937, 'Victoria', 519),
(938, 'Longyearbyen', 743),
(939, 'Jakarta', 570),
(940, 'Surabaya', 375),
(941, 'Bandung', 1350),
(942, 'Medan', 1191),
(943, 'Palembang', 1190),
(944, 'Tangerang', 1350),
(945, 'Semarang', 263),
(946, 'Ujung Pandang', 1185),
(947, 'Malang', 375),
(948, 'Bandar Lampung', 701),
(949, 'Bekasi', 1350),
(950, 'Padang', 1189),
(951, 'Surakarta', 263),
(952, 'Banjarmasin', 600),
(953, 'Pekan Baru', 1046),
(954, 'Denpasar', 139),
(955, 'Yogyakarta', 1375),
(956, 'Pontianak', 599),
(957, 'Samarinda', 602),
(958, 'Jambi', 572),
(959, 'Depok', 1350),
(960, 'Cimahi', 1350),
(961, 'Balikpapan', 602),
(962, 'Manado', 1188),
(963, 'Mataram', 916),
(964, 'Pekalongan', 263),
(965, 'Tegal', 263),
(966, 'Bogor', 1350),
(967, 'Ciputat', 1350),
(968, 'Pondokgede', 1350),
(969, 'Cirebon', 1350),
(970, 'Kediri', 375),
(971, 'Ambon', 823),
(972, 'Jember', 375),
(973, 'Cilacap', 263),
(974, 'Cimanggis', 1350),
(975, 'Pematang Siantar', 1191),
(976, 'Purwokerto', 263),
(977, 'Ciomas', 1350),
(978, 'Tasikmalaya', 1350),
(979, 'Madiun', 375),
(980, 'Bengkulu', 173),
(981, 'Karawang', 1350),
(982, 'Banda Aceh', 7),
(983, 'Palu', 1186),
(984, 'Pasuruan', 375),
(985, 'Kupang', 917),
(986, 'Tebing Tinggi', 1191),
(987, 'Percut Sei Tuan', 1191),
(988, 'Binjai', 1191),
(989, 'Sukabumi', 1350),
(990, 'Waru', 375),
(991, 'Pangkal Pinang', 1190),
(992, 'Magelang', 263),
(993, 'Blitar', 375),
(994, 'Serang', 1350),
(995, 'Probolinggo', 375),
(996, 'Cilegon', 1350),
(997, 'Cianjur', 1350),
(998, 'Ciparay', 1350),
(999, 'Lhokseumawe', 7),
(1000, 'Taman', 375),
(1001, 'Depok', 1375),
(1002, 'Citeureup', 1350),
(1003, 'Pemalang', 263),
(1004, 'Klaten', 263),
(1005, 'Salatiga', 263),
(1006, 'Cibinong', 1350),
(1007, 'Palangka Raya', 601),
(1008, 'Mojokerto', 375),
(1009, 'Purwakarta', 1350),
(1010, 'Garut', 1350),
(1011, 'Kudus', 263),
(1012, 'Kendari', 1187),
(1013, 'Jaya Pura', 1348),
(1014, 'Gorontalo', 1188),
(1015, 'Majalaya', 1350),
(1016, 'Pondok Aren', 1350),
(1017, 'Jombang', 375),
(1018, 'Sunggal', 1191),
(1019, 'Batam', 1046),
(1020, 'Padang Sidempuan', 1191),
(1021, 'Sawangan', 1350),
(1022, 'Banyuwangi', 375),
(1023, 'Tanjung Pinang', 1046),
(1024, 'Mumbai (Bombay)', 754),
(1025, 'Delhi', 340),
(1026, 'Calcutta [Kolkata]', 1344),
(1027, 'Chennai (Madras)', 1217),
(1028, 'Hyderabad', 72),
(1029, 'Ahmedabad', 466),
(1030, 'Bangalore', 620),
(1031, 'Kanpur', 1302),
(1032, 'Nagpur', 754),
(1033, 'Lucknow', 1302),
(1034, 'Pune', 754),
(1035, 'Surat', 466),
(1036, 'Jaipur', 1036),
(1037, 'Indore', 746),
(1038, 'Bhopal', 746),
(1039, 'Ludhiana', 1006),
(1040, 'Vadodara (Baroda)', 466),
(1041, 'Kalyan', 754),
(1042, 'Madurai', 1217),
(1043, 'Haora (Howrah)', 1344),
(1044, 'Varanasi (Benares)', 1302),
(1045, 'Patna', 179),
(1046, 'Srinagar', 573),
(1047, 'Agra', 1302),
(1048, 'Coimbatore', 1217),
(1049, 'Thane (Thana)', 754),
(1050, 'Allahabad', 1302),
(1051, 'Meerut', 1302),
(1052, 'Vishakhapatnam', 72),
(1053, 'Jabalpur', 746),
(1054, 'Amritsar', 1006),
(1055, 'Faridabad', 494),
(1056, 'Vijayawada', 72),
(1057, 'Gwalior', 746),
(1058, 'Jodhpur', 1036),
(1059, 'Nashik (Nasik)', 754),
(1060, 'Hubli-Dharwad', 620),
(1061, 'Solapur (Sholapur)', 754),
(1062, 'Ranchi', 577),
(1063, 'Bareilly', 1302),
(1064, 'Guwahati (Gauhati)', 106),
(1065, 'Shambajinagar (Aurangabad)', 754),
(1066, 'Cochin (Kochi)', 634),
(1067, 'Rajkot', 466),
(1068, 'Kota', 1036),
(1069, 'Thiruvananthapuram (Trivandrum', 634),
(1070, 'Pimpri-Chinchwad', 754),
(1071, 'Jalandhar (Jullundur)', 1006),
(1072, 'Gorakhpur', 1302),
(1073, 'Chandigarh', 276),
(1074, 'Mysore', 620),
(1075, 'Aligarh', 1302),
(1076, 'Guntur', 72),
(1077, 'Jamshedpur', 577),
(1078, 'Ghaziabad', 1302),
(1079, 'Warangal', 72),
(1080, 'Raipur', 281),
(1081, 'Moradabad', 1302),
(1082, 'Durgapur', 1344),
(1083, 'Amravati', 754),
(1084, 'Calicut (Kozhikode)', 634),
(1085, 'Bikaner', 1036),
(1086, 'Bhubaneswar', 936),
(1087, 'Kolhapur', 754),
(1088, 'Kataka (Cuttack)', 936),
(1089, 'Ajmer', 1036),
(1090, 'Bhavnagar', 466),
(1091, 'Tiruchirapalli', 1217),
(1092, 'Bhilai', 281),
(1093, 'Bhiwandi', 754),
(1094, 'Saharanpur', 1302),
(1095, 'Ulhasnagar', 754),
(1096, 'Salem', 1217),
(1097, 'Ujjain', 746),
(1098, 'Malegaon', 754),
(1099, 'Jamnagar', 466),
(1100, 'Bokaro Steel City', 577),
(1101, 'Akola', 754),
(1102, 'Belgaum', 620),
(1103, 'Rajahmundry', 72),
(1104, 'Nellore', 72),
(1105, 'Udaipur', 1036),
(1106, 'New Bombay', 754),
(1107, 'Bhatpara', 1344),
(1108, 'Gulbarga', 620),
(1109, 'New Delhi', 340),
(1110, 'Jhansi', 1302),
(1111, 'Gaya', 179),
(1112, 'Kakinada', 72),
(1113, 'Dhule (Dhulia)', 754),
(1114, 'Panihati', 1344),
(1115, 'Nanded (Nander)', 754),
(1116, 'Mangalore', 620),
(1117, 'Dehra Dun', 1303),
(1118, 'Kamarhati', 1344),
(1119, 'Davangere', 620),
(1120, 'Asansol', 1344),
(1121, 'Bhagalpur', 179),
(1122, 'Bellary', 620),
(1123, 'Barddhaman (Burdwan)', 1344),
(1124, 'Rampur', 1302),
(1125, 'Jalgaon', 754),
(1126, 'Muzaffarpur', 179),
(1127, 'Nizamabad', 72),
(1128, 'Muzaffarnagar', 1302),
(1129, 'Patiala', 1006),
(1130, 'Shahjahanpur', 1302),
(1131, 'Kurnool', 72),
(1132, 'Tiruppur (Tirupper)', 1217),
(1133, 'Rohtak', 494),
(1134, 'South Dum Dum', 1344),
(1135, 'Mathura', 1302),
(1136, 'Chandrapur', 754),
(1137, 'Barahanagar (Baranagar)', 1344),
(1138, 'Darbhanga', 179),
(1139, 'Siliguri (Shiliguri)', 1344),
(1140, 'Raurkela', 936),
(1141, 'Ambattur', 1217),
(1142, 'Panipat', 494),
(1143, 'Firozabad', 1302),
(1144, 'Ichalkaranji', 754),
(1145, 'Jammu', 573),
(1146, 'Ramagundam', 72),
(1147, 'Eluru', 72),
(1148, 'Brahmapur', 936),
(1149, 'Alwar', 1036),
(1150, 'Pondicherry', 991),
(1151, 'Thanjavur', 1217),
(1152, 'Bihar Sharif', 179),
(1153, 'Tuticorin', 1217),
(1154, 'Imphal', 766),
(1155, 'Latur', 754),
(1156, 'Sagar', 746),
(1157, 'Farrukhabad-cum-Fatehgarh', 1302),
(1158, 'Sangli', 754),
(1159, 'Parbhani', 754),
(1160, 'Nagar Coil', 1217),
(1161, 'Bijapur', 620),
(1162, 'Kukatpalle', 72),
(1163, 'Bally', 1344),
(1164, 'Bhilwara', 1036),
(1165, 'Ratlam', 746),
(1166, 'Avadi', 1217),
(1167, 'Dindigul', 1217),
(1168, 'Ahmadnagar', 754),
(1169, 'Bilaspur', 281),
(1170, 'Shimoga', 620),
(1171, 'Kharagpur', 1344),
(1172, 'Mira Bhayandar', 754),
(1173, 'Vellore', 1217),
(1174, 'Jalna', 754),
(1175, 'Burnpur', 1344),
(1176, 'Anantapur', 72),
(1177, 'Allappuzha (Alleppey)', 634),
(1178, 'Tirupati', 72),
(1179, 'Karnal', 494),
(1180, 'Burhanpur', 746),
(1181, 'Hisar (Hissar)', 494),
(1182, 'Tiruvottiyur', 1217),
(1183, 'Mirzapur-cum-Vindhyachal', 1302),
(1184, 'Secunderabad', 72),
(1185, 'Nadiad', 466),
(1186, 'Dewas', 746),
(1187, 'Murwara (Katni)', 746),
(1188, 'Ganganagar', 1036),
(1189, 'Vizianagaram', 72),
(1190, 'Erode', 1217),
(1191, 'Machilipatnam (Masulipatam)', 72),
(1192, 'Bhatinda (Bathinda)', 1006),
(1193, 'Raichur', 620),
(1194, 'Agartala', 1273),
(1195, 'Arrah (Ara)', 179),
(1196, 'Satna', 746),
(1197, 'Lalbahadur Nagar', 72),
(1198, 'Aizawl', 821),
(1199, 'Uluberia', 1344),
(1200, 'Katihar', 179),
(1201, 'Cuddalore', 1217),
(1202, 'Hugli-Chinsurah', 1344),
(1203, 'Dhanbad', 577),
(1204, 'Raiganj', 1344),
(1205, 'Sambhal', 1302),
(1206, 'Durg', 281),
(1207, 'Munger (Monghyr)', 179),
(1208, 'Kanchipuram', 1217),
(1209, 'North Dum Dum', 1344),
(1210, 'Karimnagar', 72),
(1211, 'Bharatpur', 1036),
(1212, 'Sikar', 1036),
(1213, 'Hardwar (Haridwar)', 1303),
(1214, 'Dabgram', 1344),
(1215, 'Morena', 746),
(1216, 'Noida', 1302),
(1217, 'Hapur', 1302),
(1218, 'Bhusawal', 754),
(1219, 'Khandwa', 746),
(1220, 'Yamuna Nagar', 494),
(1221, 'Sonipat (Sonepat)', 494),
(1222, 'Tenali', 72),
(1223, 'Raurkela Civil Township', 936),
(1224, 'Kollam (Quilon)', 634),
(1225, 'Kumbakonam', 1217),
(1226, 'Ingraj Bazar (English Bazar)', 1344),
(1227, 'Timkur', 620),
(1228, 'Amroha', 1302),
(1229, 'Serampore', 1344),
(1230, 'Chapra', 179),
(1231, 'Pali', 1036),
(1232, 'Maunath Bhanjan', 1302),
(1233, 'Adoni', 72),
(1234, 'Jaunpur', 1302),
(1235, 'Tirunelveli', 1217),
(1236, 'Bahraich', 1302),
(1237, 'Gadag Betigeri', 620),
(1238, 'Proddatur', 72),
(1239, 'Chittoor', 72),
(1240, 'Barrackpur', 1344),
(1241, 'Bharuch (Broach)', 466),
(1242, 'Naihati', 1344),
(1243, 'Shillong', 796),
(1244, 'Sambalpur', 936),
(1245, 'Junagadh', 466),
(1246, 'Rae Bareli', 1302),
(1247, 'Rewa', 746),
(1248, 'Gurgaon', 494),
(1249, 'Khammam', 72),
(1250, 'Bulandshahr', 1302),
(1251, 'Navsari', 466),
(1252, 'Malkajgiri', 72),
(1253, 'Midnapore (Medinipur)', 1344),
(1254, 'Miraj', 754),
(1255, 'Raj Nandgaon', 281),
(1256, 'Alandur', 1217),
(1257, 'Puri', 936),
(1258, 'Navadwip', 1344),
(1259, 'Sirsa', 494),
(1260, 'Korba', 281),
(1261, 'Faizabad', 1302),
(1262, 'Etawah', 1302),
(1263, 'Pathankot', 1006),
(1264, 'Gandhinagar', 466),
(1265, 'Palghat (Palakkad)', 634),
(1266, 'Veraval', 466),
(1267, 'Hoshiarpur', 1006),
(1268, 'Ambala', 494),
(1269, 'Sitapur', 1302),
(1270, 'Bhiwani', 494),
(1271, 'Cuddapah', 72),
(1272, 'Bhimavaram', 72),
(1273, 'Krishnanagar', 1344),
(1274, 'Chandannagar', 1344),
(1275, 'Mandya', 620),
(1276, 'Dibrugarh', 106),
(1277, 'Nandyal', 72),
(1278, 'Balurghat', 1344),
(1279, 'Neyveli', 1217),
(1280, 'Fatehpur', 1302),
(1281, 'Mahbubnagar', 72),
(1282, 'Budaun', 1302),
(1283, 'Porbandar', 466),
(1284, 'Silchar', 106),
(1285, 'Berhampore (Baharampur)', 1344),
(1286, 'Purnea (Purnia)', 577),
(1287, 'Bankura', 1344),
(1288, 'Rajapalaiyam', 1217),
(1289, 'Titagarh', 1344),
(1290, 'Halisahar', 1344),
(1291, 'Hathras', 1302),
(1292, 'Bhir (Bid)', 754),
(1293, 'Pallavaram', 1217),
(1294, 'Anand', 466),
(1295, 'Mango', 577),
(1296, 'Santipur', 1344),
(1297, 'Bhind', 746),
(1298, 'Gondiya', 754),
(1299, 'Tiruvannamalai', 1217),
(1300, 'Yeotmal (Yavatmal)', 754),
(1301, 'Kulti-Barakar', 1344),
(1302, 'Moga', 1006),
(1303, 'Shivapuri', 746),
(1304, 'Bidar', 620),
(1305, 'Guntakal', 72),
(1306, 'Unnao', 1302),
(1307, 'Barasat', 1344),
(1308, 'Tambaram', 1217),
(1309, 'Abohar', 1006),
(1310, 'Pilibhit', 1302),
(1311, 'Valparai', 1217),
(1312, 'Gonda', 1302),
(1313, 'Surendranagar', 466),
(1314, 'Qutubullapur', 72),
(1315, 'Beawar', 1036),
(1316, 'Hindupur', 72),
(1317, 'Gandhidham', 466),
(1318, 'Haldwani-cum-Kathgodam', 1303),
(1319, 'Tellicherry (Thalassery)', 634),
(1320, 'Wardha', 754),
(1321, 'Rishra', 1344),
(1322, 'Bhuj', 466),
(1323, 'Modinagar', 1302),
(1324, 'Gudivada', 72),
(1325, 'Basirhat', 1344),
(1326, 'Uttarpara-Kotrung', 1344),
(1327, 'Ongole', 72),
(1328, 'North Barrackpur', 1344),
(1329, 'Guna', 746),
(1330, 'Haldia', 1344),
(1331, 'Habra', 1344),
(1332, 'Kanchrapara', 1344),
(1333, 'Tonk', 1036),
(1334, 'Champdani', 1344),
(1335, 'Orai', 1302),
(1336, 'Pudukkottai', 1217),
(1337, 'Sasaram', 179),
(1338, 'Hazaribag', 577),
(1339, 'Palayankottai', 1217),
(1340, 'Banda', 1302),
(1341, 'Godhra', 466),
(1342, 'Hospet', 620),
(1343, 'Ashoknagar-Kalyangarh', 1344),
(1344, 'Achalpur', 754),
(1345, 'Patan', 466),
(1346, 'Mandasor', 746),
(1347, 'Damoh', 746),
(1348, 'Satara', 754),
(1349, 'Meerut Cantonment', 1302),
(1350, 'Dehri', 179),
(1351, 'Delhi Cantonment', 340),
(1352, 'Chhindwara', 746),
(1353, 'Bansberia', 1344),
(1354, 'Nagaon', 106),
(1355, 'Kanpur Cantonment', 1302),
(1356, 'Vidisha', 746),
(1357, 'Bettiah', 179),
(1358, 'Purulia', 577),
(1359, 'Hassan', 620),
(1360, 'Ambala Sadar', 494),
(1361, 'Baidyabati', 1344),
(1362, 'Morvi', 466),
(1363, 'Raigarh', 281),
(1364, 'Vejalpur', 466),
(1365, 'Baghdad', 131),
(1366, 'Mosul', 884),
(1367, 'Irbil', 558),
(1368, 'Kirkuk', 48),
(1369, 'Basra', 157),
(1370, 'al-Sulaymaniya', 47),
(1371, 'al-Najaf', 38),
(1372, 'Karbala', 618),
(1373, 'al-Hilla', 126),
(1374, 'al-Nasiriya', 343),
(1375, 'al-Amara', 790),
(1376, 'al-Diwaniya', 40),
(1377, 'al-Ramadi', 23),
(1378, 'al-Kut', 1340),
(1379, 'Baquba', 354),
(1380, 'Teheran', 1230),
(1381, 'Mashhad', 642),
(1382, 'Esfahan', 394),
(1383, 'Tabriz', 371),
(1384, 'Shiraz', 404),
(1385, 'Karaj', 1230),
(1386, 'Ahvaz', 646),
(1387, 'Qom', 1021),
(1388, 'Kermanshah', 636),
(1389, 'Urmia', 1343),
(1390, 'Zahedan', 1147),
(1391, 'Rasht', 441),
(1392, 'Hamadan', 483),
(1393, 'Kerman', 635),
(1394, 'Arak', 777),
(1395, 'Ardebil', 94),
(1396, 'Yazd', 1373),
(1397, 'Qazvin', 1018),
(1398, 'Zanjan', 1382),
(1399, 'Sanandaj', 663),
(1400, 'Bandar-e-Abbas', 523),
(1401, 'Khorramabad', 727),
(1402, 'Eslamshahr', 1230),
(1403, 'Borujerd', 727),
(1404, 'Abadan', 646),
(1405, 'Dezful', 646),
(1406, 'Kashan', 394),
(1407, 'Sari', 791),
(1408, 'Gorgan', 444),
(1409, 'Najafabad', 394),
(1410, 'Sabzevar', 642),
(1411, 'Khomeynishahr', 394),
(1412, 'Amol', 791),
(1413, 'Neyshabur', 642),
(1414, 'Babol', 791),
(1415, 'Khoy', 1343),
(1416, 'Malayer', 483),
(1417, 'Bushehr', 223),
(1418, 'Qaemshahr', 791),
(1419, 'Qarchak', 1230),
(1420, 'Qods', 1230),
(1421, 'Sirjan', 635),
(1422, 'Bojnurd', 642),
(1423, 'Maragheh', 371),
(1424, 'Birjand', 642),
(1425, 'Ilam', 543),
(1426, 'Bukan', 1343),
(1427, 'Masjed-e-Soleyman', 646),
(1428, 'Saqqez', 663),
(1429, 'Gonbad-e Qabus', 791),
(1430, 'Saveh', 1021),
(1431, 'Mahabad', 1343),
(1432, 'Varamin', 1230),
(1433, 'Andimeshk', 646),
(1434, 'Khorramshahr', 646),
(1435, 'Shahrud', 1118),
(1436, 'Marv Dasht', 404),
(1437, 'Zabol', 1147),
(1438, 'Shahr-e Kord', 274),
(1439, 'Bandar-e Anzali', 441),
(1440, 'Rafsanjan', 635),
(1441, 'Marand', 371),
(1442, 'Torbat-e Heydariyeh', 642),
(1443, 'Jahrom', 404),
(1444, 'Semnan', 1118),
(1445, 'Miandoab', 1343),
(1446, 'Qomsheh', 394),
(1447, 'Dublin', 708),
(1448, 'Cork', 837),
(1449, 'Reykjavík', 535),
(1450, 'Jerusalem', 576),
(1451, 'Tel Aviv-Jaffa', 1232),
(1452, 'Haifa', 475),
(1453, 'Rishon Le Ziyyon', 472),
(1454, 'Beerseba', 471),
(1455, 'Holon', 1232),
(1456, 'Petah Tiqwa', 472),
(1457, 'Ashdod', 471),
(1458, 'Netanya', 472),
(1459, 'Bat Yam', 1232),
(1460, 'Bene Beraq', 1232),
(1461, 'Ramat Gan', 1232),
(1462, 'Ashqelon', 471),
(1463, 'Rehovot', 472),
(1464, 'Roma', 706),
(1465, 'Milano', 726),
(1466, 'Napoli', 233),
(1467, 'Torino', 973),
(1468, 'Palermo', 1146),
(1469, 'Genova', 713),
(1470, 'Bologna', 388),
(1471, 'Firenze', 1265),
(1472, 'Catania', 1146),
(1473, 'Bari', 86),
(1474, 'Venezia', 1313),
(1475, 'Messina', 1146),
(1476, 'Verona', 1313),
(1477, 'Trieste', 418),
(1478, 'Padova', 1313),
(1479, 'Taranto', 86),
(1480, 'Brescia', 726),
(1481, 'Reggio di Calabria', 228),
(1482, 'Modena', 388),
(1483, 'Prato', 1265),
(1484, 'Parma', 388),
(1485, 'Cagliari', 1109),
(1486, 'Livorno', 1265),
(1487, 'Perugia', 1296),
(1488, 'Foggia', 86),
(1489, 'Reggio nell´ Emilia', 388),
(1490, 'Salerno', 233),
(1491, 'Ravenna', 388),
(1492, 'Ferrara', 388),
(1493, 'Rimini', 388),
(1494, 'Syrakusa', 1146),
(1495, 'Sassari', 1109),
(1496, 'Monza', 726),
(1497, 'Bergamo', 726),
(1498, 'Pescara', 5),
(1499, 'Latina', 706),
(1500, 'Vicenza', 1313),
(1501, 'Terni', 1296),
(1502, 'Forlì', 388),
(1503, 'Trento', 1271),
(1504, 'Novara', 973),
(1505, 'Piacenza', 388),
(1506, 'Ancona', 773),
(1507, 'Lecce', 86),
(1508, 'Bolzano', 1271),
(1509, 'Catanzaro', 228),
(1510, 'La Spezia', 713),
(1511, 'Udine', 418),
(1512, 'Torre del Greco', 233),
(1513, 'Andria', 86),
(1514, 'Brindisi', 86),
(1515, 'Giugliano in Campania', 233),
(1516, 'Pisa', 1265),
(1517, 'Barletta', 86),
(1518, 'Arezzo', 1265),
(1519, 'Alessandria', 973),
(1520, 'Cesena', 388),
(1521, 'Pesaro', 773),
(1522, 'Dili', 344),
(1523, 'Wien', 1361),
(1524, 'Graz', 1179),
(1525, 'Linz', 898),
(1526, 'Salzburg', 1078),
(1527, 'Innsbruck', 1251),
(1528, 'Klagenfurt', 687),
(1529, 'Spanish Town', 1177),
(1530, 'Kingston', 1176),
(1531, 'Portmore', 1176),
(1532, 'Tokyo', 1260),
(1533, 'Jokohama [Yokohama]', 607),
(1534, 'Osaka', 940),
(1535, 'Nagoya', 18),
(1536, 'Sapporo', 516),
(1537, 'Kioto', 685),
(1538, 'Kobe', 534),
(1539, 'Fukuoka', 421),
(1540, 'Kawasaki', 607),
(1541, 'Hiroshima', 511),
(1542, 'Kitakyushu', 421),
(1543, 'Sendai', 819),
(1544, 'Chiba', 285),
(1545, 'Sakai', 940),
(1546, 'Kumamoto', 674),
(1547, 'Okayama', 924),
(1548, 'Sagamihara', 607),
(1549, 'Hamamatsu', 1137),
(1550, 'Kagoshima', 595),
(1551, 'Funabashi', 285),
(1552, 'Higashiosaka', 940),
(1553, 'Hachioji', 1260),
(1554, 'Niigata', 883),
(1555, 'Amagasaki', 534),
(1556, 'Himeji', 534),
(1557, 'Shizuoka', 1137),
(1558, 'Urawa', 1074),
(1559, 'Matsuyama', 384),
(1560, 'Matsudo', 285),
(1561, 'Kanazawa', 561),
(1562, 'Kawaguchi', 1074),
(1563, 'Ichikawa', 285),
(1564, 'Omiya', 1074),
(1565, 'Utsunomiya', 1257),
(1566, 'Oita', 923),
(1567, 'Nagasaki', 845),
(1568, 'Yokosuka', 607),
(1569, 'Kurashiki', 924),
(1570, 'Gifu', 440),
(1571, 'Hirakata', 940),
(1572, 'Nishinomiya', 534),
(1573, 'Toyonaka', 940),
(1574, 'Wakayama', 1335),
(1575, 'Fukuyama', 511),
(1576, 'Fujisawa', 607),
(1577, 'Asahikawa', 516),
(1578, 'Machida', 1260),
(1579, 'Nara', 858),
(1580, 'Takatsuki', 940),
(1581, 'Iwaki', 422),
(1582, 'Nagano', 844),
(1583, 'Toyohashi', 18),
(1584, 'Toyota', 18),
(1585, 'Suita', 940),
(1586, 'Takamatsu', 594),
(1587, 'Koriyama', 422),
(1588, 'Okazaki', 18),
(1589, 'Kawagoe', 1074),
(1590, 'Tokorozawa', 1074),
(1591, 'Toyama', 1269),
(1592, 'Kochi', 659),
(1593, 'Kashiwa', 285),
(1594, 'Akita', 21),
(1595, 'Miyazaki', 820),
(1596, 'Koshigaya', 1074),
(1597, 'Naha', 925),
(1598, 'Aomori', 85),
(1599, 'Hakodate', 516),
(1600, 'Akashi', 534),
(1601, 'Yokkaichi', 809),
(1602, 'Fukushima', 422),
(1603, 'Morioka', 568),
(1604, 'Maebashi', 467),
(1605, 'Kasugai', 18),
(1606, 'Otsu', 1135),
(1607, 'Ichihara', 285),
(1608, 'Yao', 940),
(1609, 'Ichinomiya', 18),
(1610, 'Tokushima', 1259),
(1611, 'Kakogawa', 534),
(1612, 'Ibaraki', 940),
(1613, 'Neyagawa', 940),
(1614, 'Shimonoseki', 1367),
(1615, 'Yamagata', 1366),
(1616, 'Fukui', 420),
(1617, 'Hiratsuka', 607),
(1618, 'Mito', 537),
(1619, 'Sasebo', 845),
(1620, 'Hachinohe', 85),
(1621, 'Takasaki', 467),
(1622, 'Shimizu', 1137),
(1623, 'Kurume', 421),
(1624, 'Fuji', 1137),
(1625, 'Soka', 1074),
(1626, 'Fuchu', 1260),
(1627, 'Chigasaki', 607),
(1628, 'Atsugi', 607),
(1629, 'Numazu', 1137),
(1630, 'Ageo', 1074),
(1631, 'Yamato', 607),
(1632, 'Matsumoto', 844),
(1633, 'Kure', 511),
(1634, 'Takarazuka', 534),
(1635, 'Kasukabe', 1074),
(1636, 'Chofu', 1260),
(1637, 'Odawara', 607),
(1638, 'Kofu', 1369),
(1639, 'Kushiro', 516),
(1640, 'Kishiwada', 940),
(1641, 'Hitachi', 537),
(1642, 'Nagaoka', 883),
(1643, 'Itami', 534),
(1644, 'Uji', 685),
(1645, 'Suzuka', 809),
(1646, 'Hirosaki', 85),
(1647, 'Ube', 1367),
(1648, 'Kodaira', 1260),
(1649, 'Takaoka', 1269),
(1650, 'Obihiro', 516),
(1651, 'Tomakomai', 516),
(1652, 'Saga', 1064),
(1653, 'Sakura', 285),
(1654, 'Kamakura', 607),
(1655, 'Mitaka', 1260),
(1656, 'Izumi', 940),
(1657, 'Hino', 1260),
(1658, 'Hadano', 607),
(1659, 'Ashikaga', 1257),
(1660, 'Tsu', 809),
(1661, 'Sayama', 1074),
(1662, 'Yachiyo', 285),
(1663, 'Tsukuba', 537),
(1664, 'Tachikawa', 1260),
(1665, 'Kumagaya', 1074),
(1666, 'Moriguchi', 940),
(1667, 'Otaru', 516),
(1668, 'Anjo', 18),
(1669, 'Narashino', 285),
(1670, 'Oyama', 1257),
(1671, 'Ogaki', 440),
(1672, 'Matsue', 1136),
(1673, 'Kawanishi', 534),
(1674, 'Hitachinaka', 1260),
(1675, 'Niiza', 1074),
(1676, 'Nagareyama', 285),
(1677, 'Tottori', 1268),
(1678, 'Tama', 537),
(1679, 'Iruma', 1074),
(1680, 'Ota', 467),
(1681, 'Omuta', 421),
(1682, 'Komaki', 18),
(1683, 'Ome', 1260),
(1684, 'Kadoma', 940),
(1685, 'Yamaguchi', 1367),
(1686, 'Higashimurayama', 1260),
(1687, 'Yonago', 1268),
(1688, 'Matsubara', 940),
(1689, 'Musashino', 1260),
(1690, 'Tsuchiura', 537),
(1691, 'Joetsu', 883),
(1692, 'Miyakonojo', 820),
(1693, 'Misato', 1074),
(1694, 'Kakamigahara', 440),
(1695, 'Daito', 940),
(1696, 'Seto', 18),
(1697, 'Kariya', 18),
(1698, 'Urayasu', 285),
(1699, 'Beppu', 923),
(1700, 'Niihama', 384),
(1701, 'Minoo', 940),
(1702, 'Fujieda', 1137),
(1703, 'Abiko', 285),
(1704, 'Nobeoka', 820),
(1705, 'Tondabayashi', 940),
(1706, 'Ueda', 844),
(1707, 'Kashihara', 858),
(1708, 'Matsusaka', 809),
(1709, 'Isesaki', 467),
(1710, 'Zama', 607),
(1711, 'Kisarazu', 285),
(1712, 'Noda', 285),
(1713, 'Ishinomaki', 819),
(1714, 'Fujinomiya', 1137),
(1715, 'Kawachinagano', 940),
(1716, 'Imabari', 384),
(1717, 'Aizuwakamatsu', 422),
(1718, 'Higashihiroshima', 511),
(1719, 'Habikino', 940),
(1720, 'Ebetsu', 516),
(1721, 'Hofu', 1367),
(1722, 'Kiryu', 467),
(1723, 'Okinawa', 925),
(1724, 'Yaizu', 1137),
(1725, 'Toyokawa', 18),
(1726, 'Ebina', 607),
(1727, 'Asaka', 1074),
(1728, 'Higashikurume', 1260),
(1729, 'Ikoma', 858),
(1730, 'Kitami', 516),
(1731, 'Koganei', 1260),
(1732, 'Iwatsuki', 1074),
(1733, 'Mishima', 1137),
(1734, 'Handa', 18),
(1735, 'Muroran', 516),
(1736, 'Komatsu', 561),
(1737, 'Yatsushiro', 674),
(1738, 'Iida', 844),
(1739, 'Tokuyama', 1367),
(1740, 'Kokubunji', 1260),
(1741, 'Akishima', 1260),
(1742, 'Iwakuni', 1367),
(1743, 'Kusatsu', 1135),
(1744, 'Kuwana', 809),
(1745, 'Sanda', 534),
(1746, 'Hikone', 1135),
(1747, 'Toda', 1074),
(1748, 'Tajimi', 440),
(1749, 'Ikeda', 940),
(1750, 'Fukaya', 1074),
(1751, 'Ise', 809),
(1752, 'Sakata', 1366),
(1753, 'Kasuga', 421),
(1754, 'Kamagaya', 285),
(1755, 'Tsuruoka', 1366),
(1756, 'Hoya', 1260),
(1757, 'Nishio', 285),
(1758, 'Tokai', 18),
(1759, 'Inazawa', 18),
(1760, 'Sakado', 1074),
(1761, 'Isehara', 607),
(1762, 'Takasago', 534),
(1763, 'Fujimi', 1074),
(1764, 'Urasoe', 925),
(1765, 'Yonezawa', 1366),
(1766, 'Konan', 18),
(1767, 'Yamatokoriyama', 858),
(1768, 'Maizuru', 685),
(1769, 'Onomichi', 511),
(1770, 'Higashimatsuyama', 1074),
(1771, 'Kimitsu', 285),
(1772, 'Isahaya', 845),
(1773, 'Kanuma', 1257),
(1774, 'Izumisano', 940),
(1775, 'Kameoka', 685),
(1776, 'Mobara', 285),
(1777, 'Narita', 285),
(1778, 'Kashiwazaki', 883),
(1779, 'Tsuyama', 924),
(1780, 'Sanaa', 1092),
(1781, 'Aden', 11),
(1782, 'Taizz', 1213),
(1783, 'Hodeida', 515),
(1784, 'al-Mukalla', 474),
(1785, 'Ibb', 538),
(1786, 'Amman', 66),
(1787, 'al-Zarqa', 49),
(1788, 'Irbid', 557),
(1789, 'al-Rusayfa', 49),
(1790, 'Wadi al-Sir', 66),
(1791, 'Flying Fish Cove', 1401),
(1792, 'Beograd', 267),
(1793, 'Novi Sad', 1324),
(1794, 'Niš', 267),
(1795, 'Priština', 666),
(1796, 'Kragujevac', 267),
(1797, 'Podgorica', 827),
(1798, 'Subotica', 1324),
(1799, 'Prizren', 666),
(1800, 'Phnom Penh', 969),
(1801, 'Battambang', 162),
(1802, 'Siem Reap', 1141),
(1803, 'Douala', 722),
(1804, 'Yaoundé', 269),
(1805, 'Garoua', 891),
(1806, 'Maroua', 400),
(1807, 'Bamenda', 893),
(1808, 'Bafoussam', 947),
(1809, 'Nkongsamba', 722),
(1810, 'Montréal', 1026),
(1811, 'Calgary', 54),
(1812, 'Toronto', 929),
(1813, 'North York', 929),
(1814, 'Winnipeg', 768),
(1815, 'Edmonton', 54),
(1816, 'Mississauga', 929),
(1817, 'Scarborough', 929),
(1818, 'Vancouver', 210),
(1819, 'Etobicoke', 929),
(1820, 'London', 929),
(1821, 'Hamilton', 929),
(1822, 'Ottawa', 929),
(1823, 'Laval', 1026),
(1824, 'Surrey', 210),
(1825, 'Brampton', 929),
(1826, 'Windsor', 929),
(1827, 'Saskatoon', 1110),
(1828, 'Kitchener', 929),
(1829, 'Markham', 929),
(1830, 'Regina', 1110),
(1831, 'Burnaby', 210),
(1832, 'Québec', 1026),
(1833, 'York', 929),
(1834, 'Richmond', 210),
(1835, 'Vaughan', 929),
(1836, 'Burlington', 929),
(1837, 'Oshawa', 929),
(1838, 'Oakville', 929),
(1839, 'Saint Catharines', 929),
(1840, 'Longueuil', 1026),
(1841, 'Richmond Hill', 929),
(1842, 'Thunder Bay', 929),
(1843, 'Nepean', 929),
(1844, 'Cape Breton', 912),
(1845, 'East York', 929),
(1846, 'Halifax', 912),
(1847, 'Cambridge', 929),
(1848, 'Gloucester', 929),
(1849, 'Abbotsford', 210),
(1850, 'Guelph', 929),
(1851, 'Saint John´s', 876),
(1852, 'Coquitlam', 210),
(1853, 'Saanich', 210),
(1854, 'Gatineau', 1026),
(1855, 'Delta', 210),
(1856, 'Sudbury', 929),
(1857, 'Kelowna', 210),
(1858, 'Barrie', 929),
(1859, 'Praia', 1106),
(1860, 'Almaty', 59),
(1861, 'Qaraghandy', 1015),
(1862, 'Shymkent', 1163),
(1863, 'Taraz', 1222),
(1864, 'Astana', 108),
(1865, 'Öskemen', 377),
(1866, 'Pavlodar', 960),
(1867, 'Semey', 377),
(1868, 'Aqtöbe', 88),
(1869, 'Qostanay', 1022),
(1870, 'Petropavl', 902),
(1871, 'Oral', 1352),
(1872, 'Temirtau', 1015),
(1873, 'Qyzylorda', 1033),
(1874, 'Aqtau', 763),
(1875, 'Atyrau', 119),
(1876, 'Ekibastuz', 960),
(1877, 'Kökshetau', 902),
(1878, 'Rudnyy', 1022),
(1879, 'Taldyqorghan', 58),
(1880, 'Zhezqazghan', 1015),
(1881, 'Nairobi', 846),
(1882, 'Mombasa', 305),
(1883, 'Kisumu', 918),
(1884, 'Nakuru', 1047),
(1885, 'Machakos', 378),
(1886, 'Eldoret', 1047),
(1887, 'Meru', 378),
(1888, 'Nyeri', 257),
(1889, 'Bangui', 148),
(1890, 'Shanghai', 1131),
(1891, 'Peking', 963),
(1892, 'Chongqing', 294),
(1893, 'Tianjin', 1244),
(1894, 'Wuhan', 529),
(1895, 'Harbin', 503),
(1896, 'Shenyang', 710),
(1897, 'Kanton [Guangzhou]', 457),
(1898, 'Chengdu', 1139),
(1899, 'Nanking [Nanjing]', 578),
(1900, 'Changchun', 580),
(1901, 'Xi´an', 1126),
(1902, 'Dalian', 710),
(1903, 'Qingdao', 1130),
(1904, 'Jinan', 1130),
(1905, 'Hangzhou', 1386),
(1906, 'Zhengzhou', 504),
(1907, 'Shijiazhuang', 501),
(1908, 'Taiyuan', 1132),
(1909, 'Kunming', 1377),
(1910, 'Changsha', 531),
(1911, 'Nanchang', 579),
(1912, 'Fuzhou', 419),
(1913, 'Lanzhou', 429),
(1914, 'Guiyang', 465),
(1915, 'Ningbo', 1386),
(1916, 'Hefei', 76),
(1917, 'Urumtši [Ürümqi]', 1365),
(1918, 'Anshan', 710),
(1919, 'Fushun', 710),
(1920, 'Nanning', 458),
(1921, 'Zibo', 1130),
(1922, 'Qiqihar', 503),
(1923, 'Jilin', 580),
(1924, 'Tangshan', 501),
(1925, 'Baotou', 555),
(1926, 'Shenzhen', 457),
(1927, 'Hohhot', 555),
(1928, 'Handan', 501),
(1929, 'Wuxi', 578),
(1930, 'Xuzhou', 578),
(1931, 'Datong', 1132),
(1932, 'Yichun', 503),
(1933, 'Benxi', 710),
(1934, 'Luoyang', 504),
(1935, 'Suzhou', 578),
(1936, 'Xining', 1020),
(1937, 'Huainan', 76),
(1938, 'Jixi', 503),
(1939, 'Daqing', 503),
(1940, 'Fuxin', 710),
(1941, 'Amoy [Xiamen]', 419),
(1942, 'Liuzhou', 458),
(1943, 'Shantou', 457),
(1944, 'Jinzhou', 710),
(1945, 'Mudanjiang', 503),
(1946, 'Yinchuan', 885),
(1947, 'Changzhou', 578),
(1948, 'Zhangjiakou', 501),
(1949, 'Dandong', 710),
(1950, 'Hegang', 503),
(1951, 'Kaifeng', 504),
(1952, 'Jiamusi', 503),
(1953, 'Liaoyang', 710),
(1954, 'Hengyang', 531),
(1955, 'Baoding', 501),
(1956, 'Hunjiang', 580),
(1957, 'Xinxiang', 504),
(1958, 'Huangshi', 529),
(1959, 'Haikou', 477),
(1960, 'Yantai', 1130),
(1961, 'Bengbu', 76),
(1962, 'Xiangtan', 531),
(1963, 'Weifang', 1130),
(1964, 'Wuhu', 76),
(1965, 'Pingxiang', 579),
(1966, 'Yingkou', 710),
(1967, 'Anyang', 504),
(1968, 'Panzhihua', 1139),
(1969, 'Pingdingshan', 504),
(1970, 'Xiangfan', 529),
(1971, 'Zhuzhou', 531),
(1972, 'Jiaozuo', 504),
(1973, 'Wenzhou', 1386),
(1974, 'Zhangjiang', 457),
(1975, 'Zigong', 1139),
(1976, 'Shuangyashan', 503),
(1977, 'Zaozhuang', 1130),
(1978, 'Yakeshi', 555),
(1979, 'Yichang', 529),
(1980, 'Zhenjiang', 578),
(1981, 'Huaibei', 76),
(1982, 'Qinhuangdao', 501),
(1983, 'Guilin', 458),
(1984, 'Liupanshui', 465),
(1985, 'Panjin', 710),
(1986, 'Yangquan', 1132),
(1987, 'Jinxi', 710),
(1988, 'Liaoyuan', 580),
(1989, 'Lianyungang', 578),
(1990, 'Xianyang', 1126),
(1991, 'Tai´an', 1130),
(1992, 'Chifeng', 555),
(1993, 'Shaoguan', 457),
(1994, 'Nantong', 578),
(1995, 'Leshan', 1139),
(1996, 'Baoji', 1126),
(1997, 'Linyi', 1130),
(1998, 'Tonghua', 580),
(1999, 'Siping', 580),
(2000, 'Changzhi', 1132),
(2001, 'Tengzhou', 1130),
(2002, 'Chaozhou', 457),
(2003, 'Yangzhou', 578),
(2004, 'Dongwan', 457),
(2005, 'Ma´anshan', 76),
(2006, 'Foshan', 457),
(2007, 'Yueyang', 531),
(2008, 'Xingtai', 501),
(2009, 'Changde', 531),
(2010, 'Shihezi', 1365),
(2011, 'Yancheng', 578),
(2012, 'Jiujiang', 579),
(2013, 'Dongying', 1130),
(2014, 'Shashi', 529),
(2015, 'Xintai', 1130),
(2016, 'Jingdezhen', 579),
(2017, 'Tongchuan', 1126),
(2018, 'Zhongshan', 457),
(2019, 'Shiyan', 529),
(2020, 'Tieli', 503),
(2021, 'Jining', 1130),
(2022, 'Wuhai', 555),
(2023, 'Mianyang', 1139),
(2024, 'Luzhou', 1139),
(2025, 'Zunyi', 465),
(2026, 'Shizuishan', 885),
(2027, 'Neijiang', 1139),
(2028, 'Tongliao', 555),
(2029, 'Tieling', 710),
(2030, 'Wafangdian', 710),
(2031, 'Anqing', 76),
(2032, 'Shaoyang', 531),
(2033, 'Laiwu', 1130),
(2034, 'Chengde', 501),
(2035, 'Tianshui', 429),
(2036, 'Nanyang', 504),
(2037, 'Cangzhou', 501),
(2038, 'Yibin', 1139),
(2039, 'Huaiyin', 578),
(2040, 'Dunhua', 580),
(2041, 'Yanji', 580),
(2042, 'Jiangmen', 457),
(2043, 'Tongling', 76),
(2044, 'Suihua', 503),
(2045, 'Gongziling', 580),
(2046, 'Xiantao', 529),
(2047, 'Chaoyang', 710),
(2048, 'Ganzhou', 579),
(2049, 'Huzhou', 1386),
(2050, 'Baicheng', 580),
(2051, 'Shangzi', 503),
(2052, 'Yangjiang', 457),
(2053, 'Qitaihe', 503),
(2054, 'Gejiu', 1377),
(2055, 'Jiangyin', 578),
(2056, 'Hebi', 504),
(2057, 'Jiaxing', 1386),
(2058, 'Wuzhou', 458),
(2059, 'Meihekou', 580),
(2060, 'Xuchang', 504),
(2061, 'Liaocheng', 1130),
(2062, 'Haicheng', 710),
(2063, 'Qianjiang', 529),
(2064, 'Baiyin', 429),
(2065, 'Bei´an', 503),
(2066, 'Yixing', 578),
(2067, 'Laizhou', 1130),
(2068, 'Qaramay', 1365),
(2069, 'Acheng', 503),
(2070, 'Dezhou', 1130),
(2071, 'Nanping', 419),
(2072, 'Zhaoqing', 457),
(2073, 'Beipiao', 710),
(2074, 'Fengcheng', 579),
(2075, 'Fuyu', 580),
(2076, 'Xinyang', 504),
(2077, 'Dongtai', 578),
(2078, 'Yuci', 1132),
(2079, 'Honghu', 529),
(2080, 'Ezhou', 529),
(2081, 'Heze', 1130),
(2082, 'Daxian', 1139),
(2083, 'Linfen', 1132),
(2084, 'Tianmen', 529),
(2085, 'Yiyang', 531),
(2086, 'Quanzhou', 419),
(2087, 'Rizhao', 1130),
(2088, 'Deyang', 1139),
(2089, 'Guangyuan', 1139),
(2090, 'Changshu', 578),
(2091, 'Zhangzhou', 419),
(2092, 'Hailar', 555),
(2093, 'Nanchong', 1139),
(2094, 'Jiutai', 580),
(2095, 'Zhaodong', 503),
(2096, 'Shaoxing', 1386),
(2097, 'Fuyang', 76),
(2098, 'Maoming', 457),
(2099, 'Qujing', 1377),
(2100, 'Ghulja', 1365),
(2101, 'Jiaohe', 580),
(2102, 'Puyang', 504),
(2103, 'Huadian', 580),
(2104, 'Jiangyou', 1139),
(2105, 'Qashqar', 1365),
(2106, 'Anshun', 465),
(2107, 'Fuling', 1139),
(2108, 'Xinyu', 579),
(2109, 'Hanzhong', 1126),
(2110, 'Danyang', 578),
(2111, 'Chenzhou', 531),
(2112, 'Xiaogan', 529),
(2113, 'Shangqiu', 504),
(2114, 'Zhuhai', 457),
(2115, 'Qingyuan', 457),
(2116, 'Aqsu', 1365),
(2117, 'Jining', 555),
(2118, 'Xiaoshan', 1386),
(2119, 'Zaoyang', 529),
(2120, 'Xinghua', 578),
(2121, 'Hami', 1365),
(2122, 'Huizhou', 457),
(2123, 'Jinmen', 529),
(2124, 'Sanming', 419),
(2125, 'Ulanhot', 555),
(2126, 'Korla', 1365),
(2127, 'Wanxian', 1139),
(2128, 'Rui´an', 1386),
(2129, 'Zhoushan', 1386),
(2130, 'Liangcheng', 1130),
(2131, 'Jiaozhou', 1130),
(2132, 'Taizhou', 578),
(2133, 'Suzhou', 76),
(2134, 'Yichun', 579),
(2135, 'Taonan', 580),
(2136, 'Pingdu', 1130),
(2137, 'Ji´an', 579),
(2138, 'Longkou', 1130),
(2139, 'Langfang', 501);
INSERT INTO `tb_municipio` (`muni_codi`, `muni_nomb`, `depa_codi`) VALUES
(2140, 'Zhoukou', 504),
(2141, 'Suining', 1139),
(2142, 'Yulin', 458),
(2143, 'Jinhua', 1386),
(2144, 'Liu´an', 76),
(2145, 'Shuangcheng', 503),
(2146, 'Suizhou', 529),
(2147, 'Ankang', 1126),
(2148, 'Weinan', 1126),
(2149, 'Longjing', 580),
(2150, 'Da´an', 580),
(2151, 'Lengshuijiang', 531),
(2152, 'Laiyang', 1130),
(2153, 'Xianning', 529),
(2154, 'Dali', 1377),
(2155, 'Anda', 503),
(2156, 'Jincheng', 1132),
(2157, 'Longyan', 419),
(2158, 'Xichang', 1139),
(2159, 'Wendeng', 1130),
(2160, 'Hailun', 503),
(2161, 'Binzhou', 1130),
(2162, 'Linhe', 555),
(2163, 'Wuwei', 429),
(2164, 'Duyun', 465),
(2165, 'Mishan', 503),
(2166, 'Shangrao', 579),
(2167, 'Changji', 1365),
(2168, 'Meixian', 457),
(2169, 'Yushu', 580),
(2170, 'Tiefa', 710),
(2171, 'Huai´an', 578),
(2172, 'Leiyang', 531),
(2173, 'Zalantun', 555),
(2174, 'Weihai', 1130),
(2175, 'Loudi', 531),
(2176, 'Qingzhou', 1130),
(2177, 'Qidong', 578),
(2178, 'Huaihua', 531),
(2179, 'Luohe', 504),
(2180, 'Chuzhou', 76),
(2181, 'Kaiyuan', 710),
(2182, 'Linqing', 1130),
(2183, 'Chaohu', 76),
(2184, 'Laohekou', 529),
(2185, 'Dujiangyan', 1139),
(2186, 'Zhumadian', 504),
(2187, 'Linchuan', 579),
(2188, 'Jiaonan', 1130),
(2189, 'Sanmenxia', 504),
(2190, 'Heyuan', 457),
(2191, 'Manzhouli', 555),
(2192, 'Lhasa', 1246),
(2193, 'Lianyuan', 531),
(2194, 'Kuytun', 1365),
(2195, 'Puqi', 529),
(2196, 'Hongjiang', 531),
(2197, 'Qinzhou', 458),
(2198, 'Renqiu', 501),
(2199, 'Yuyao', 1386),
(2200, 'Guigang', 458),
(2201, 'Kaili', 465),
(2202, 'Yan´an', 1126),
(2203, 'Beihai', 458),
(2204, 'Xuangzhou', 76),
(2205, 'Quzhou', 1386),
(2206, 'Yong´an', 419),
(2207, 'Zixing', 531),
(2208, 'Liyang', 578),
(2209, 'Yizheng', 578),
(2210, 'Yumen', 429),
(2211, 'Liling', 531),
(2212, 'Yuncheng', 1132),
(2213, 'Shanwei', 457),
(2214, 'Cixi', 1386),
(2215, 'Yuanjiang', 531),
(2216, 'Bozhou', 76),
(2217, 'Jinchang', 429),
(2218, 'Fu´an', 419),
(2219, 'Suqian', 578),
(2220, 'Shishou', 529),
(2221, 'Hengshui', 501),
(2222, 'Danjiangkou', 529),
(2223, 'Fujin', 503),
(2224, 'Sanya', 477),
(2225, 'Guangshui', 529),
(2226, 'Huangshan', 76),
(2227, 'Xingcheng', 710),
(2228, 'Zhucheng', 1130),
(2229, 'Kunshan', 578),
(2230, 'Haining', 1386),
(2231, 'Pingliang', 429),
(2232, 'Fuqing', 419),
(2233, 'Xinzhou', 1132),
(2234, 'Jieyang', 457),
(2235, 'Zhangjiagang', 578),
(2236, 'Tong Xian', 963),
(2237, 'Ya´an', 1139),
(2238, 'Jinzhou', 710),
(2239, 'Emeishan', 1139),
(2240, 'Enshi', 529),
(2241, 'Bose', 458),
(2242, 'Yuzhou', 504),
(2243, 'Kaiyuan', 1377),
(2244, 'Tumen', 580),
(2245, 'Putian', 419),
(2246, 'Linhai', 1386),
(2247, 'Xilin Hot', 555),
(2248, 'Shaowu', 419),
(2249, 'Junan', 1130),
(2250, 'Huaying', 1139),
(2251, 'Pingyi', 1130),
(2252, 'Huangyan', 1386),
(2253, 'Bishkek', 186),
(2254, 'Osh', 941),
(2255, 'Bikenibeu', 1165),
(2256, 'Bairiki', 1165),
(2257, 'Santafé de Bogotá', 1099),
(2258, 'Cali', 1307),
(2259, 'Medellín', 81),
(2260, 'Barranquilla', 115),
(2261, 'Cartagena', 191),
(2262, 'Cúcuta', 897),
(2263, 'Bucaramanga', 1100),
(2264, 'Ibagué', 1261),
(2265, 'Pereira', 1052),
(2266, 'Santa Marta', 751),
(2267, 'Manizales', 229),
(2268, 'Bello', 81),
(2269, 'Pasto', 859),
(2270, 'Neiva', 530),
(2271, 'Soledad', 115),
(2272, 'Armenia', 1031),
(2273, 'Villavicencio', 802),
(2274, 'Soacha', 324),
(2275, 'Valledupar', 271),
(2276, 'Montería', 317),
(2277, 'Itagüí', 81),
(2278, 'Palmira', 1307),
(2279, 'Buenaventura', 1307),
(2280, 'Floridablanca', 1100),
(2281, 'Sincelejo', 1182),
(2282, 'Popayán', 252),
(2283, 'Barrancabermeja', 1100),
(2284, 'Dos Quebradas', 1052),
(2285, 'Tuluá', 1307),
(2286, 'Envigado', 81),
(2287, 'Cartago', 1307),
(2288, 'Girardot', 324),
(2289, 'Buga', 1307),
(2290, 'Tunja', 200),
(2291, 'Florencia', 241),
(2292, 'Maicao', 690),
(2293, 'Sogamoso', 200),
(2294, 'Giron', 1100),
(2295, 'Moroni', 887),
(2296, 'Brazzaville', 206),
(2297, 'Pointe-Noire', 668),
(2298, 'Kinshasa', 651),
(2299, 'Lubumbashi', 1127),
(2300, 'Mbuji-Mayi', 376),
(2301, 'Kolwezi', 1127),
(2302, 'Kisangani', 498),
(2303, 'Kananga', 1351),
(2304, 'Likasi', 1127),
(2305, 'Bukavu', 1164),
(2306, 'Kikwit', 146),
(2307, 'Tshikapa', 1351),
(2308, 'Matadi', 154),
(2309, 'Mbandaka', 391),
(2310, 'Mwene-Ditu', 376),
(2311, 'Boma', 154),
(2312, 'Uvira', 1164),
(2313, 'Butembo', 903),
(2314, 'Goma', 903),
(2315, 'Kalemie', 1127),
(2316, 'Bantam', 518),
(2317, 'West Island', 1349),
(2318, 'Pyongyang', 1012),
(2319, 'Hamhung', 485),
(2320, 'Chongjin', 486),
(2321, 'Nampo', 854),
(2322, 'Sinuiju', 1011),
(2323, 'Wonsan', 609),
(2324, 'Phyongsong', 1010),
(2325, 'Sariwon', 533),
(2326, 'Haeju', 532),
(2327, 'Kanggye', 273),
(2328, 'Kimchaek', 486),
(2329, 'Hyesan', 1371),
(2330, 'Kaesong', 592),
(2331, 'Seoul', 1119),
(2332, 'Pusan', 1009),
(2333, 'Inchon', 551),
(2334, 'Taegu', 1206),
(2335, 'Taejon', 1207),
(2336, 'Kwangju', 679),
(2337, 'Ulsan', 684),
(2338, 'Songnam', 682),
(2339, 'Puchon', 682),
(2340, 'Suwon', 682),
(2341, 'Anyang', 682),
(2342, 'Chonju', 292),
(2343, 'Chongju', 296),
(2344, 'Koyang', 682),
(2345, 'Ansan', 682),
(2346, 'Pohang', 683),
(2347, 'Chang-won', 684),
(2348, 'Masan', 684),
(2349, 'Kwangmyong', 682),
(2350, 'Chonan', 297),
(2351, 'Chinju', 684),
(2352, 'Iksan', 292),
(2353, 'Pyongtaek', 682),
(2354, 'Kumi', 683),
(2355, 'Uijongbu', 682),
(2356, 'Kyongju', 683),
(2357, 'Kunsan', 292),
(2358, 'Cheju', 280),
(2359, 'Kimhae', 684),
(2360, 'Sunchon', 293),
(2361, 'Mokpo', 293),
(2362, 'Yong-in', 682),
(2363, 'Wonju', 608),
(2364, 'Kunpo', 682),
(2365, 'Chunchon', 608),
(2366, 'Namyangju', 682),
(2367, 'Kangnung', 608),
(2368, 'Chungju', 296),
(2369, 'Andong', 683),
(2370, 'Yosu', 293),
(2371, 'Kyongsan', 683),
(2372, 'Paju', 682),
(2373, 'Yangsan', 684),
(2374, 'Ichon', 682),
(2375, 'Asan', 297),
(2376, 'Koje', 684),
(2377, 'Kimchon', 683),
(2378, 'Nonsan', 297),
(2379, 'Kuri', 682),
(2380, 'Chong-up', 292),
(2381, 'Chechon', 296),
(2382, 'Sosan', 297),
(2383, 'Shihung', 682),
(2384, 'Tong-yong', 684),
(2385, 'Kongju', 297),
(2386, 'Yongju', 683),
(2387, 'Chinhae', 684),
(2388, 'Sangju', 683),
(2389, 'Poryong', 297),
(2390, 'Kwang-yang', 293),
(2391, 'Miryang', 684),
(2392, 'Hanam', 682),
(2393, 'Kimje', 292),
(2394, 'Yongchon', 683),
(2395, 'Sachon', 684),
(2396, 'Uiwang', 682),
(2397, 'Naju', 293),
(2398, 'Namwon', 292),
(2399, 'Tonghae', 608),
(2400, 'Mun-gyong', 683),
(2401, 'Athenai', 118),
(2402, 'Thessaloniki', 265),
(2403, 'Pireus', 118),
(2404, 'Patras', 1346),
(2405, 'Peristerion', 118),
(2406, 'Herakleion', 321),
(2407, 'Kallithea', 118),
(2408, 'Larisa', 1239),
(2409, 'Zagreb', 448),
(2410, 'Split', 1168),
(2411, 'Rijeka', 1000),
(2412, 'Osijek', 942),
(2413, 'La Habana', 691),
(2414, 'Santiago de Cuba', 1103),
(2415, 'Camagüey', 232),
(2416, 'Holguín', 517),
(2417, 'Santa Clara', 1318),
(2418, 'Guantánamo', 459),
(2419, 'Pinar del Río', 976),
(2420, 'Bayamo', 452),
(2421, 'Cienfuegos', 301),
(2422, 'Victoria de las Tunas', 704),
(2423, 'Matanzas', 785),
(2424, 'Manzanillo', 452),
(2425, 'Sancti-Spíritus', 1093),
(2426, 'Ciego de Ávila', 300),
(2427, 'al-Salimiya', 500),
(2428, 'Jalib al-Shuyukh', 500),
(2429, 'Kuwait', 24),
(2430, 'Nicosia', 880),
(2431, 'Limassol', 716),
(2432, 'Vientiane', 1316),
(2433, 'Savannakhet', 1112),
(2434, 'Riga', 1048),
(2435, 'Daugavpils', 338),
(2436, 'Liepaja', 712),
(2437, 'Maseru', 782),
(2438, 'Beirut', 167),
(2439, 'Tripoli', 44),
(2440, 'Monrovia', 829),
(2441, 'Tripoli', 1272),
(2442, 'Bengasi', 172),
(2443, 'Misrata', 816),
(2444, 'al-Zawiya', 50),
(2445, 'Schaan', 1114),
(2446, 'Vaduz', 1304),
(2447, 'Vilnius', 1319),
(2448, 'Kaunas', 627),
(2449, 'Klaipeda', 657),
(2450, 'Šiauliai', 1397),
(2451, 'Panevezys', 955),
(2452, 'Luxembourg [Luxemburg/Lëtzebue', 740),
(2453, 'El-Aaiún', 386),
(2454, 'Macao', 745),
(2455, 'Antananarivo', 80),
(2456, 'Toamasina', 1255),
(2457, 'Antsirabé', 80),
(2458, 'Mahajanga', 753),
(2459, 'Fianarantsoa', 409),
(2460, 'Skopje', 1150),
(2461, 'Blantyre', 189),
(2462, 'Lilongwe', 714),
(2463, 'Male', 744),
(2464, 'Kuala Lumpur', 1362),
(2465, 'Ipoh', 966),
(2466, 'Johor Baharu', 583),
(2467, 'Petaling Jaya', 1117),
(2468, 'Kelang', 1117),
(2469, 'Kuala Terengganu', 1235),
(2470, 'Pinang', 1004),
(2471, 'Kota Bharu', 631),
(2472, 'Kuantan', 953),
(2473, 'Taiping', 966),
(2474, 'Seremban', 867),
(2475, 'Kuching', 1108),
(2476, 'Sibu', 1108),
(2477, 'Sandakan', 1063),
(2478, 'Alor Setar', 629),
(2479, 'Selayang Baru', 1117),
(2480, 'Sungai Petani', 629),
(2481, 'Shah Alam', 1117),
(2482, 'Bamako', 144),
(2483, 'Birkirkara', 949),
(2484, 'Valletta', 554),
(2485, 'Casablanca', 248),
(2486, 'Rabat', 1034),
(2487, 'Marrakech', 778),
(2488, 'Fès', 408),
(2489, 'Tanger', 1219),
(2490, 'Salé', 1034),
(2491, 'Meknès', 799),
(2492, 'Oujda', 935),
(2493, 'Kénitra', 438),
(2494, 'Tétouan', 1219),
(2495, 'Safi', 365),
(2496, 'Agadir', 1158),
(2497, 'Mohammedia', 248),
(2498, 'Khouribga', 278),
(2499, 'Beni-Mellal', 1205),
(2500, 'Témara', 1034),
(2501, 'El Jadida', 365),
(2502, 'Nador', 935),
(2503, 'Ksar el Kebir', 1219),
(2504, 'Settat', 278),
(2505, 'Taza', 1227),
(2506, 'El Araich', 1219),
(2507, 'Dalap-Uliga-Darrit', 756),
(2508, 'Fort-de-France', 413),
(2509, 'Nouakchott', 911),
(2510, 'Nouâdhibou', 329),
(2511, 'Port-Louis', 993),
(2512, 'Beau Bassin-Rose Hill', 980),
(2513, 'Vacoas-Phoenix', 980),
(2514, 'Mamoutzou', 759),
(2515, 'Ciudad de México', 351),
(2516, 'Guadalajara', 571),
(2517, 'Ecatepec de Morelos', 803),
(2518, 'Puebla', 1002),
(2519, 'Nezahualcóyotl', 803),
(2520, 'Juárez', 286),
(2521, 'Tijuana', 135),
(2522, 'León', 456),
(2523, 'Monterrey', 915),
(2524, 'Zapopan', 571),
(2525, 'Naucalpan de Juárez', 803),
(2526, 'Mexicali', 135),
(2527, 'Culiacán', 1143),
(2528, 'Acapulco de Juárez', 464),
(2529, 'Tlalnepantla de Baz', 803),
(2530, 'Mérida', 1376),
(2531, 'Chihuahua', 286),
(2532, 'San Luis Potosí', 1086),
(2533, 'Guadalupe', 915),
(2534, 'Toluca', 803),
(2535, 'Aguascalientes', 16),
(2536, 'Querétaro', 1029),
(2537, 'Morelia', 806),
(2538, 'Hermosillo', 1157),
(2539, 'Saltillo', 304),
(2540, 'Torreón', 304),
(2541, 'Centro (Villahermosa)', 1200),
(2542, 'San Nicolás de los Garza', 915),
(2543, 'Durango', 370),
(2544, 'Chimalhuacán', 803),
(2545, 'Tlaquepaque', 571),
(2546, 'Atizapán de Zaragoza', 803),
(2547, 'Veracruz', 1314),
(2548, 'Cuautitlán Izcalli', 803),
(2549, 'Irapuato', 456),
(2550, 'Tuxtla Gutiérrez', 283),
(2551, 'Tultitlán', 803),
(2552, 'Reynosa', 1215),
(2553, 'Benito Juárez', 1032),
(2554, 'Matamoros', 1215),
(2555, 'Xalapa', 1314),
(2556, 'Celaya', 456),
(2557, 'Mazatlán', 1143),
(2558, 'Ensenada', 135),
(2559, 'Ahome', 1143),
(2560, 'Cajeme', 1157),
(2561, 'Cuernavaca', 831),
(2562, 'Tonalá', 571),
(2563, 'Valle de Chalco Solidaridad', 803),
(2564, 'Nuevo Laredo', 1215),
(2565, 'Tepic', 864),
(2566, 'Tampico', 1215),
(2567, 'Ixtapaluca', 803),
(2568, 'Apodaca', 915),
(2569, 'Guasave', 1143),
(2570, 'Gómez Palacio', 370),
(2571, 'Tapachula', 283),
(2572, 'Nicolás Romero', 803),
(2573, 'Coatzacoalcos', 1314),
(2574, 'Uruapan', 806),
(2575, 'Victoria', 1215),
(2576, 'Oaxaca de Juárez', 919),
(2577, 'Coacalco de Berriozábal', 803),
(2578, 'Pachuca de Soto', 509),
(2579, 'General Escobedo', 915),
(2580, 'Salamanca', 456),
(2581, 'Santa Catarina', 915),
(2582, 'Tehuacán', 1002),
(2583, 'Chalco', 803),
(2584, 'Cárdenas', 1200),
(2585, 'Campeche', 234),
(2586, 'La Paz', 803),
(2587, 'Othón P. Blanco (Chetumal)', 1032),
(2588, 'Texcoco', 803),
(2589, 'La Paz', 136),
(2590, 'Metepec', 803),
(2591, 'Monclova', 304),
(2592, 'Huixquilucan', 803),
(2593, 'Chilpancingo de los Bravo', 464),
(2594, 'Puerto Vallarta', 571),
(2595, 'Fresnillo', 1379),
(2596, 'Ciudad Madero', 1215),
(2597, 'Soledad de Graciano Sánchez', 1086),
(2598, 'San Juan del Río', 1028),
(2599, 'San Felipe del Progreso', 803),
(2600, 'Córdoba', 1314),
(2601, 'Tecámac', 803),
(2602, 'Ocosingo', 283),
(2603, 'Carmen', 234),
(2604, 'Lázaro Cárdenas', 806),
(2605, 'Jiutepec', 831),
(2606, 'Papantla', 1314),
(2607, 'Comalcalco', 1200),
(2608, 'Zamora', 806),
(2609, 'Nogales', 1157),
(2610, 'Huimanguillo', 1200),
(2611, 'Cuautla', 831),
(2612, 'Minatitlán', 1314),
(2613, 'Poza Rica de Hidalgo', 1314),
(2614, 'Ciudad Valles', 1086),
(2615, 'Navolato', 1143),
(2616, 'San Luis Río Colorado', 1157),
(2617, 'Pénjamo', 456),
(2618, 'San Andrés Tuxtla', 1314),
(2619, 'Guanajuato', 456),
(2620, 'Navojoa', 1157),
(2621, 'Zitácuaro', 806),
(2622, 'Boca del Río', 1315),
(2623, 'Allende', 456),
(2624, 'Silao', 456),
(2625, 'Macuspana', 1200),
(2626, 'San Juan Bautista Tuxtepec', 919),
(2627, 'San Cristóbal de las Casas', 283),
(2628, 'Valle de Santiago', 456),
(2629, 'Guaymas', 1157),
(2630, 'Colima', 308),
(2631, 'Dolores Hidalgo', 456),
(2632, 'Lagos de Moreno', 571),
(2633, 'Piedras Negras', 304),
(2634, 'Altamira', 1215),
(2635, 'Túxpam', 1314),
(2636, 'San Pedro Garza García', 915),
(2637, 'Cuauhtémoc', 286),
(2638, 'Manzanillo', 308),
(2639, 'Iguala de la Independencia', 464),
(2640, 'Zacatecas', 1379),
(2641, 'Tlajomulco de Zúñiga', 571),
(2642, 'Tulancingo de Bravo', 509),
(2643, 'Zinacantepec', 803),
(2644, 'San Martín Texmelucan', 1002),
(2645, 'Tepatitlán de Morelos', 571),
(2646, 'Martínez de la Torre', 1314),
(2647, 'Orizaba', 1314),
(2648, 'Apatzingán', 806),
(2649, 'Atlixco', 1002),
(2650, 'Delicias', 286),
(2651, 'Ixtlahuaca', 803),
(2652, 'El Mante', 1215),
(2653, 'Lerdo', 370),
(2654, 'Almoloya de Juárez', 803),
(2655, 'Acámbaro', 456),
(2656, 'Acuña', 304),
(2657, 'Guadalupe', 1379),
(2658, 'Huejutla de Reyes', 509),
(2659, 'Hidalgo', 806),
(2660, 'Los Cabos', 136),
(2661, 'Comitán de Domínguez', 283),
(2662, 'Cunduacán', 1200),
(2663, 'Río Bravo', 1215),
(2664, 'Temapache', 1314),
(2665, 'Chilapa de Alvarez', 464),
(2666, 'Hidalgo del Parral', 286),
(2667, 'San Francisco del Rincón', 456),
(2668, 'Taxco de Alarcón', 464),
(2669, 'Zumpango', 803),
(2670, 'San Pedro Cholula', 1002),
(2671, 'Lerma', 803),
(2672, 'Tecomán', 308),
(2673, 'Las Margaritas', 283),
(2674, 'Cosoleacaque', 1314),
(2675, 'San Luis de la Paz', 456),
(2676, 'José Azueta', 464),
(2677, 'Santiago Ixcuintla', 864),
(2678, 'San Felipe', 456),
(2679, 'Tejupilco', 803),
(2680, 'Tantoyuca', 1314),
(2681, 'Salvatierra', 456),
(2682, 'Tultepec', 803),
(2683, 'Temixco', 831),
(2684, 'Matamoros', 304),
(2685, 'Pánuco', 1314),
(2686, 'El Fuerte', 1143),
(2687, 'Tierra Blanca', 1314),
(2688, 'Weno', 299),
(2689, 'Palikir', 988),
(2690, 'Chisinau', 289),
(2691, 'Tiraspol', 358),
(2692, 'Balti', 142),
(2693, 'Bender (Tîghina)', 171),
(2694, 'Monte-Carlo', 1405),
(2695, 'Monaco-Ville', 1405),
(2696, 'Ulan Bator', 1294),
(2697, 'Plymouth', 983),
(2698, 'Maputo', 769),
(2699, 'Matola', 769),
(2700, 'Beira', 1154),
(2701, 'Nampula', 855),
(2702, 'Chimoio', 764),
(2703, 'Naçala-Porto', 855),
(2704, 'Quelimane', 1381),
(2705, 'Mocuba', 1381),
(2706, 'Tete', 1237),
(2707, 'Xai-Xai', 431),
(2708, 'Gurue', 1381),
(2709, 'Maxixe', 553),
(2710, 'Rangoon (Yangon)', 1039),
(2711, 'Mandalay', 762),
(2712, 'Moulmein (Mawlamyine)', 824),
(2713, 'Pegu (Bago)', 962),
(2714, 'Bassein (Pathein)', 560),
(2715, 'Monywa', 1065),
(2716, 'Sittwe (Akyab)', 1038),
(2717, 'Taunggyi (Taunggye)', 1129),
(2718, 'Meikhtila', 762),
(2719, 'Mergui (Myeik)', 1233),
(2720, 'Lashio (Lasho)', 1129),
(2721, 'Prome (Pyay)', 962),
(2722, 'Henzada (Hinthada)', 560),
(2723, 'Myingyan', 762),
(2724, 'Tavoy (Dawei)', 1233),
(2725, 'Pagakku (Pakokku)', 752),
(2726, 'Windhoek', 640),
(2727, 'Yangor', 1409),
(2728, 'Yaren', 1409),
(2729, 'Kathmandu', 259),
(2730, 'Biratnagar', 379),
(2731, 'Pokhara', 1355),
(2732, 'Lalitapur', 259),
(2733, 'Birgunj', 259),
(2734, 'Managua', 761),
(2735, 'León', 709),
(2736, 'Chinandega', 288),
(2737, 'Masaya', 781),
(2738, 'Niamey', 879),
(2739, 'Zinder', 1388),
(2740, 'Maradi', 770),
(2741, 'Lagos', 698),
(2742, 'Ibadan', 951),
(2743, 'Ogbomosho', 951),
(2744, 'Kano', 610),
(2745, 'Oshogbo', 951),
(2746, 'Ilorin', 680),
(2747, 'Abeokuta', 921),
(2748, 'Port Harcourt', 1053),
(2749, 'Zaria', 591),
(2750, 'Ilesha', 951),
(2751, 'Onitsha', 69),
(2752, 'Iwo', 951),
(2753, 'Ado-Ekiti', 928),
(2754, 'Abuja', 406),
(2755, 'Kaduna', 591),
(2756, 'Mushin', 698),
(2757, 'Maiduguri', 194),
(2758, 'Enugu', 69),
(2759, 'Ede', 951),
(2760, 'Aba', 550),
(2761, 'Ife', 951),
(2762, 'Ila', 951),
(2763, 'Oyo', 951),
(2764, 'Ikerre', 928),
(2765, 'Benin City', 383),
(2766, 'Iseyin', 951),
(2767, 'Katsina', 626),
(2768, 'Jos', 981),
(2769, 'Sokoto', 1155),
(2770, 'Ilobu', 951),
(2771, 'Offa', 680),
(2772, 'Ikorodu', 698),
(2773, 'Ilawe-Ekiti', 928),
(2774, 'Owo', 928),
(2775, 'Ikirun', 951),
(2776, 'Shaki', 951),
(2777, 'Calabar', 322),
(2778, 'Ondo', 928),
(2779, 'Akure', 928),
(2780, 'Gusau', 1155),
(2781, 'Ijebu-Ode', 921),
(2782, 'Effon-Alaiye', 951),
(2783, 'Kumo', 163),
(2784, 'Shomolu', 698),
(2785, 'Oka-Akoko', 928),
(2786, 'Ikare', 928),
(2787, 'Sapele', 383),
(2788, 'Deba Habe', 163),
(2789, 'Minna', 882),
(2790, 'Warri', 383),
(2791, 'Bida', 882),
(2792, 'Ikire', 951),
(2793, 'Makurdi', 175),
(2794, 'Lafia', 981),
(2795, 'Inisa', 951),
(2796, 'Shagamu', 921),
(2797, 'Awka', 69),
(2798, 'Gombe', 163),
(2799, 'Igboho', 951),
(2800, 'Ejigbo', 951),
(2801, 'Agege', 698),
(2802, 'Ise-Ekiti', 928),
(2803, 'Ugep', 322),
(2804, 'Epe', 698),
(2805, 'Alofi', 1408),
(2806, 'Kingston', 1407),
(2807, 'Oslo', 943),
(2808, 'Bergen', 522),
(2809, 'Trondheim', 1199),
(2810, 'Stavanger', 1057),
(2811, 'Bærum', 20),
(2812, 'Abidjan', 4),
(2813, 'Bouaké', 197),
(2814, 'Yamoussoukro', 1370),
(2815, 'Daloa', 330),
(2816, 'Korhogo', 664),
(2817, 'al-Sib', 783),
(2818, 'Salala', 1390),
(2819, 'Bawshar', 783),
(2820, 'Suhar', 27),
(2821, 'Masqat', 783),
(2822, 'Karachi', 1145),
(2823, 'Lahore', 1007),
(2824, 'Faisalabad', 1007),
(2825, 'Rawalpindi', 1007),
(2826, 'Multan', 1007),
(2827, 'Hyderabad', 1145),
(2828, 'Gujranwala', 1007),
(2829, 'Peshawar', 910),
(2830, 'Quetta', 143),
(2831, 'Islamabad', 562),
(2832, 'Sargodha', 1007),
(2833, 'Sialkot', 1007),
(2834, 'Bahawalpur', 1007),
(2835, 'Sukkur', 1145),
(2836, 'Jhang', 1007),
(2837, 'Sheikhupura', 1007),
(2838, 'Larkana', 1145),
(2839, 'Gujrat', 1007),
(2840, 'Mardan', 910),
(2841, 'Kasur', 1007),
(2842, 'Rahim Yar Khan', 1007),
(2843, 'Sahiwal', 1007),
(2844, 'Okara', 1007),
(2845, 'Wah', 1007),
(2846, 'Dera Ghazi Khan', 1007),
(2847, 'Mirpur Khas', 1144),
(2848, 'Nawabshah', 1144),
(2849, 'Mingora', 910),
(2850, 'Chiniot', 1007),
(2851, 'Kamoke', 1007),
(2852, 'Mandi Burewala', 1007),
(2853, 'Jhelum', 1007),
(2854, 'Sadiqabad', 1007),
(2855, 'Jacobabad', 1144),
(2856, 'Shikarpur', 1144),
(2857, 'Khanewal', 1007),
(2858, 'Hafizabad', 1007),
(2859, 'Kohat', 910),
(2860, 'Muzaffargarh', 1007),
(2861, 'Khanpur', 1007),
(2862, 'Gojra', 1007),
(2863, 'Bahawalnagar', 1007),
(2864, 'Muridke', 1007),
(2865, 'Pak Pattan', 1007),
(2866, 'Abottabad', 910),
(2867, 'Tando Adam', 1144),
(2868, 'Jaranwala', 1007),
(2869, 'Khairpur', 1144),
(2870, 'Chishtian Mandi', 1007),
(2871, 'Daska', 1007),
(2872, 'Dadu', 1144),
(2873, 'Mandi Bahauddin', 1007),
(2874, 'Ahmadpur East', 1007),
(2875, 'Kamalia', 1007),
(2876, 'Khuzdar', 143),
(2877, 'Vihari', 1007),
(2878, 'Dera Ismail Khan', 910),
(2879, 'Wazirabad', 1007),
(2880, 'Nowshera', 910),
(2881, 'Koror', 665),
(2882, 'Ciudad de Panamá', 954),
(2883, 'San Miguelito', 1089),
(2884, 'Port Moresby', 860),
(2885, 'Asunción', 111),
(2886, 'Ciudad del Este', 62),
(2887, 'San Lorenzo', 260),
(2888, 'Lambaré', 260),
(2889, 'Fernando de la Mora', 260),
(2890, 'Lima', 715),
(2891, 'Arequipa', 96),
(2892, 'Trujillo', 692),
(2893, 'Chiclayo', 700),
(2894, 'Callao', 231),
(2895, 'Iquitos', 728),
(2896, 'Chimbote', 70),
(2897, 'Huancayo', 586),
(2898, 'Piura', 979),
(2899, 'Cusco', 326),
(2900, 'Pucallpa', 1291),
(2901, 'Tacna', 1204),
(2902, 'Ica', 539),
(2903, 'Sullana', 979),
(2904, 'Juliaca', 1008),
(2905, 'Huánuco', 528),
(2906, 'Ayacucho', 122),
(2907, 'Chincha Alta', 539),
(2908, 'Cajamarca', 227),
(2909, 'Puno', 1008),
(2910, 'Ventanilla', 231),
(2911, 'Castilla', 979),
(2912, 'Adamstown', 1410),
(2913, 'Garapan', 1073),
(2914, 'Lisboa', 720),
(2915, 'Porto', 995),
(2916, 'Amadora', 720),
(2917, 'Coímbra', 307),
(2918, 'Braga', 201),
(2919, 'San Juan', 1084),
(2920, 'Bayamón', 164),
(2921, 'Ponce', 990),
(2922, 'Carolina', 246),
(2923, 'Caguas', 226),
(2924, 'Arecibo', 95),
(2925, 'Guaynabo', 463),
(2926, 'Mayagüez', 789),
(2927, 'Toa Baja', 1254),
(2928, 'Warszawa', 792),
(2929, 'Lódz', 723),
(2930, 'Kraków', 758),
(2931, 'Wroclaw', 362),
(2932, 'Poznan', 1360),
(2933, 'Gdansk', 989),
(2934, 'Szczecin', 1380),
(2935, 'Bydgoszcz', 673),
(2936, 'Lublin', 736),
(2937, 'Katowice', 1152),
(2938, 'Bialystok', 985),
(2939, 'Czestochowa', 1152),
(2940, 'Gdynia', 989),
(2941, 'Sosnowiec', 1152),
(2942, 'Radom', 792),
(2943, 'Kielce', 1196),
(2944, 'Gliwice', 1152),
(2945, 'Torun', 673),
(2946, 'Bytom', 1152),
(2947, 'Zabrze', 1152),
(2948, 'Bielsko-Biala', 1152),
(2949, 'Olsztyn', 1338),
(2950, 'Rzeszów', 984),
(2951, 'Ruda Slaska', 1152),
(2952, 'Rybnik', 1152),
(2953, 'Walbrzych', 362),
(2954, 'Tychy', 1152),
(2955, 'Dabrowa Górnicza', 1152),
(2956, 'Plock', 792),
(2957, 'Elblag', 1338),
(2958, 'Opole', 930),
(2959, 'Gorzów Wielkopolski', 737),
(2960, 'Wloclawek', 673),
(2961, 'Chorzów', 1152),
(2962, 'Tarnów', 758),
(2963, 'Zielona Góra', 737),
(2964, 'Koszalin', 1380),
(2965, 'Legnica', 362),
(2966, 'Kalisz', 1360),
(2967, 'Grudziadz', 673),
(2968, 'Slupsk', 989),
(2969, 'Jastrzebie-Zdrój', 1152),
(2970, 'Jaworzno', 1152),
(2971, 'Jelenia Góra', 362),
(2972, 'Malabo', 184),
(2973, 'Doha', 360),
(2974, 'Paris', 545),
(2975, 'Marseille', 1001),
(2976, 'Lyon', 1044),
(2977, 'Toulouse', 807),
(2978, 'Nice', 1001),
(2979, 'Nantes', 961),
(2980, 'Strasbourg', 60),
(2981, 'Montpellier', 702),
(2982, 'Bordeaux', 90),
(2983, 'Rennes', 497),
(2984, 'Le Havre', 275),
(2985, 'Reims', 894),
(2986, 'Lille', 1044),
(2987, 'St-Étienne', 209),
(2988, 'Toulon', 1001),
(2989, 'Grenoble', 1044),
(2990, 'Angers', 961),
(2991, 'Dijon', 199),
(2992, 'Brest', 209),
(2993, 'Le Mans', 961),
(2994, 'Clermont-Ferrand', 121),
(2995, 'Amiens', 971),
(2996, 'Aix-en-Provence', 1001),
(2997, 'Limoges', 718),
(2998, 'Nîmes', 702),
(2999, 'Tours', 270),
(3000, 'Villeurbanne', 1044),
(3001, 'Metz', 730),
(3002, 'Besançon', 414),
(3003, 'Caen', 158),
(3004, 'Orléans', 270),
(3005, 'Mulhouse', 60),
(3006, 'Rouen', 497),
(3007, 'Boulogne-Billancourt', 545),
(3008, 'Perpignan', 702),
(3009, 'Nancy', 730),
(3010, 'Roubaix', 894),
(3011, 'Argenteuil', 545),
(3012, 'Tourcoing', 894),
(3013, 'Montreuil', 545),
(3014, 'Cayenne', 253),
(3015, 'Faaa', 1208),
(3016, 'Papeete', 1208),
(3017, 'Saint-Denis', 1070),
(3018, 'Bucuresti', 218),
(3019, 'Iasi', 536),
(3020, 'Constanta', 312),
(3021, 'Cluj-Napoca', 303),
(3022, 'Galati', 427),
(3023, 'Timisoara', 1249),
(3024, 'Brasov', 204),
(3025, 'Craiova', 361),
(3026, 'Ploiesti', 998),
(3027, 'Braila', 202),
(3028, 'Oradea', 180),
(3029, 'Bacau', 128),
(3030, 'Pitesti', 97),
(3031, 'Arad', 91),
(3032, 'Sibiu', 1138),
(3033, 'Târgu Mures', 839),
(3034, 'Baia Mare', 771),
(3035, 'Buzau', 224),
(3036, 'Satu Mare', 1111),
(3037, 'Botosani', 196),
(3038, 'Piatra Neamt', 865),
(3039, 'Râmnicu Vâlcea', 1305),
(3040, 'Suceava', 1181),
(3041, 'Drobeta-Turnu Severin', 797),
(3042, 'Târgoviste', 333),
(3043, 'Focsani', 1329),
(3044, 'Târgu Jiu', 446),
(3045, 'Tulcea', 1277),
(3046, 'Resita', 245),
(3047, 'Kigali', 648),
(3048, 'Stockholm', 721),
(3049, 'Gothenburg [Göteborg]', 1347),
(3050, 'Malmö', 1151),
(3051, 'Uppsala', 1298),
(3052, 'Linköping', 374),
(3053, 'Västerås', 1334),
(3054, 'Örebro', 1396),
(3055, 'Norrköping', 374),
(3056, 'Helsingborg', 1151),
(3057, 'Jönköping', 587),
(3058, 'Umeå', 1332),
(3059, 'Lund', 1151),
(3060, 'Borås', 1347),
(3061, 'Sundsvall', 1333),
(3062, 'Gävle', 470),
(3063, 'Jamestown', 1069),
(3064, 'Basseterre', 1172),
(3065, 'Castries', 250),
(3066, 'Kingstown', 1171),
(3067, 'Saint-Pierre', 1072),
(3068, 'Berlin', 176),
(3069, 'Hamburg', 484),
(3070, 'Munich [München]', 134),
(3071, 'Köln', 896),
(3072, 'Frankfurt am Main', 507),
(3073, 'Essen', 896),
(3074, 'Dortmund', 896),
(3075, 'Stuttgart', 130),
(3076, 'Düsseldorf', 896),
(3077, 'Bremen', 207),
(3078, 'Duisburg', 896),
(3079, 'Hannover', 881),
(3080, 'Leipzig', 1076),
(3081, 'Nürnberg', 134),
(3082, 'Dresden', 1076),
(3083, 'Bochum', 896),
(3084, 'Wuppertal', 896),
(3085, 'Bielefeld', 896),
(3086, 'Mannheim', 130),
(3087, 'Bonn', 896),
(3088, 'Gelsenkirchen', 896),
(3089, 'Karlsruhe', 130),
(3090, 'Wiesbaden', 507),
(3091, 'Münster', 896),
(3092, 'Mönchengladbach', 896),
(3093, 'Chemnitz', 1076),
(3094, 'Augsburg', 134),
(3095, 'Halle/Saale', 75),
(3096, 'Braunschweig', 881),
(3097, 'Aachen', 896),
(3098, 'Krefeld', 896),
(3099, 'Magdeburg', 75),
(3100, 'Kiel', 1115),
(3101, 'Oberhausen', 896),
(3102, 'Lübeck', 1115),
(3103, 'Hagen', 896),
(3104, 'Rostock', 794),
(3105, 'Freiburg im Breisgau', 130),
(3106, 'Erfurt', 1243),
(3107, 'Kassel', 507),
(3108, 'Saarbrücken', 1062),
(3109, 'Mainz', 1042),
(3110, 'Hamm', 896),
(3111, 'Herne', 896),
(3112, 'Mülheim an der Ruhr', 896),
(3113, 'Solingen', 896),
(3114, 'Osnabrück', 881),
(3115, 'Ludwigshafen am Rhein', 1042),
(3116, 'Leverkusen', 896),
(3117, 'Oldenburg', 881),
(3118, 'Neuss', 896),
(3119, 'Heidelberg', 130),
(3120, 'Darmstadt', 507),
(3121, 'Paderborn', 896),
(3122, 'Potsdam', 203),
(3123, 'Würzburg', 134),
(3124, 'Regensburg', 134),
(3125, 'Recklinghausen', 896),
(3126, 'Göttingen', 881),
(3127, 'Bremerhaven', 207),
(3128, 'Wolfsburg', 881),
(3129, 'Bottrop', 896),
(3130, 'Remscheid', 896),
(3131, 'Heilbronn', 130),
(3132, 'Pforzheim', 130),
(3133, 'Offenbach am Main', 507),
(3134, 'Ulm', 130),
(3135, 'Ingolstadt', 134),
(3136, 'Gera', 1243),
(3137, 'Salzgitter', 881),
(3138, 'Cottbus', 203),
(3139, 'Reutlingen', 130),
(3140, 'Fürth', 134),
(3141, 'Siegen', 896),
(3142, 'Koblenz', 1042),
(3143, 'Moers', 896),
(3144, 'Bergisch Gladbach', 896),
(3145, 'Zwickau', 1076),
(3146, 'Hildesheim', 881),
(3147, 'Witten', 896),
(3148, 'Schwerin', 794),
(3149, 'Erlangen', 134),
(3150, 'Kaiserslautern', 1042),
(3151, 'Trier', 1042),
(3152, 'Jena', 1243),
(3153, 'Iserlohn', 896),
(3154, 'Gütersloh', 896),
(3155, 'Marl', 896),
(3156, 'Lünen', 896),
(3157, 'Düren', 896),
(3158, 'Ratingen', 896),
(3159, 'Velbert', 896),
(3160, 'Esslingen am Neckar', 130),
(3161, 'Honiara', 520),
(3162, 'Lusaka', 739),
(3163, 'Ndola', 314),
(3164, 'Kitwe', 314),
(3165, 'Kabwe', 262),
(3166, 'Chingola', 314),
(3167, 'Mufulira', 314),
(3168, 'Luanshya', 314),
(3169, 'Apia', 1297),
(3170, 'Serravalle', 1121),
(3171, 'San Marino', 1087),
(3172, 'São Tomé', 89),
(3173, 'Riyadh', 1055),
(3174, 'Jedda', 798),
(3175, 'Mekka', 798),
(3176, 'Medina', 795),
(3177, 'al-Dammam', 46),
(3178, 'al-Taif', 798),
(3179, 'Tabuk', 1202),
(3180, 'Burayda', 42),
(3181, 'al-Hufuf', 46),
(3182, 'al-Mubarraz', 46),
(3183, 'Khamis Mushayt', 105),
(3184, 'Hail', 476),
(3185, 'al-Kharj', 1045),
(3186, 'al-Khubar', 46),
(3187, 'Jubayl', 46),
(3188, 'Hafar al-Batin', 46),
(3189, 'al-Tuqba', 46),
(3190, 'Yanbu', 795),
(3191, 'Abha', 105),
(3192, 'Ara´ar', 34),
(3193, 'al-Qatif', 46),
(3194, 'al-Hawiya', 798),
(3195, 'Unayza', 1017),
(3196, 'Najran', 847),
(3197, 'Pikine', 239),
(3198, 'Dakar', 239),
(3199, 'Thiès', 1240),
(3200, 'Kaolack', 613),
(3201, 'Ziguinchor', 1387),
(3202, 'Rufisque', 239),
(3203, 'Saint-Louis', 1071),
(3204, 'Mbour', 1240),
(3205, 'Diourbel', 345),
(3206, 'Victoria', 755),
(3207, 'Freetown', 1356),
(3208, 'Singapore', 1411),
(3209, 'Bratislava', 205),
(3210, 'Košice', 1330),
(3211, 'Prešov', 1330),
(3212, 'Ljubljana', 945),
(3213, 'Maribor', 986),
(3214, 'Mogadishu', 145),
(3215, 'Hargeysa', 1364),
(3216, 'Kismaayo', 584),
(3217, 'Colombo', 1354),
(3218, 'Dehiwala', 1354),
(3219, 'Moratuwa', 1354),
(3220, 'Jaffna', 907),
(3221, 'Kandy', 258),
(3222, 'Sri Jayawardenepura Kotte', 1354),
(3223, 'Negombo', 1354),
(3224, 'Omdurman', 639),
(3225, 'Khartum', 639),
(3226, 'Sharq al-Nil', 639),
(3227, 'Port Sudan', 26),
(3228, 'Kassala', 623),
(3229, 'Obeid', 675),
(3230, 'Nyala', 335),
(3231, 'Wad Madani', 33),
(3232, 'al-Qadarif', 39),
(3233, 'Kusti', 25),
(3234, 'al-Fashir', 336),
(3235, 'Juba', 133),
(3236, 'Helsinki [Helsingfors]', 877),
(3237, 'Espoo', 877),
(3238, 'Tampere', 978),
(3239, 'Vantaa', 877),
(3240, 'Turku [Åbo]', 1311),
(3241, 'Oulu', 987),
(3242, 'Lahti', 1013),
(3243, 'Paramaribo', 958),
(3244, 'Mbabane', 508),
(3245, 'Zürich', 1393),
(3246, 'Geneve', 435),
(3247, 'Basel', 155),
(3248, 'Bern', 177),
(3249, 'Lausanne', 1312),
(3250, 'Damascus', 331),
(3251, 'Aleppo', 56),
(3252, 'Hims', 510),
(3253, 'Hama', 482),
(3254, 'Latakia', 705),
(3255, 'al-Qamishliya', 32),
(3256, 'Dayr al-Zawr', 339),
(3257, 'Jaramana', 332),
(3258, 'Duma', 332),
(3259, 'al-Raqqa', 43),
(3260, 'Idlib', 542),
(3261, 'Dushanbe', 621),
(3262, 'Khujand', 644),
(3263, 'Taipei', 1211),
(3264, 'Kaohsiung', 612),
(3265, 'Taichung', 1209),
(3266, 'Tainan', 1210),
(3267, 'Panchiao', 1211),
(3268, 'Chungho', 1211),
(3269, 'Keelung (Chilung)', 630),
(3270, 'Sanchung', 1211),
(3271, 'Hsinchuang', 1211),
(3272, 'Hsinchu', 525),
(3273, 'Chungli', 1220),
(3274, 'Fengshan', 612),
(3275, 'Taoyuan', 1220),
(3276, 'Chiayi', 284),
(3277, 'Hsintien', 1211),
(3278, 'Changhwa', 277),
(3279, 'Yungho', 1211),
(3280, 'Tucheng', 1211),
(3281, 'Pingtung', 977),
(3282, 'Yungkang', 1210),
(3283, 'Pingchen', 1220),
(3284, 'Tali', 1209),
(3285, 'Taiping', 1),
(3286, 'Pate', 1220),
(3287, 'Fengyuan', 1209),
(3288, 'Luchou', 1211),
(3289, 'Hsichuh', 1211),
(3290, 'Shulin', 1211),
(3291, 'Yuanlin', 277),
(3292, 'Yangmei', 1220),
(3293, 'Taliao', 1),
(3294, 'Kueishan', 1),
(3295, 'Tanshui', 1211),
(3296, 'Taitung', 1212),
(3297, 'Hualien', 526),
(3298, 'Nantou', 857),
(3299, 'Lungtan', 1211),
(3300, 'Touliu', 1378),
(3301, 'Tsaotun', 857),
(3302, 'Kangshan', 612),
(3303, 'Ilan', 544),
(3304, 'Miaoli', 804),
(3305, 'Dar es Salaam', 334),
(3306, 'Dodoma', 359),
(3307, 'Mwanza', 841),
(3308, 'Zanzibar', 1383),
(3309, 'Tanga', 1218),
(3310, 'Mbeya', 793),
(3311, 'Morogoro', 832),
(3312, 'Arusha', 103),
(3313, 'Moshi', 649),
(3314, 'Tabora', 1201),
(3315, 'København', 688),
(3316, 'Århus', 1395),
(3317, 'Odense', 424),
(3318, 'Aalborg', 895),
(3319, 'Frederiksberg', 416),
(3320, 'Bangkok', 147),
(3321, 'Nonthaburi', 888),
(3322, 'Nakhon Ratchasima', 849),
(3323, 'Chiang Mai', 282),
(3324, 'Udon Thani', 1293),
(3325, 'Hat Yai', 1156),
(3326, 'Khon Kaen', 641),
(3327, 'Pak Kret', 888),
(3328, 'Nakhon Sawan', 850),
(3329, 'Ubon Ratchathani', 1290),
(3330, 'Songkhla', 1156),
(3331, 'Nakhon Pathom', 848),
(3332, 'Lomé', 776),
(3333, 'Fakaofo', 401),
(3334, 'Nuku´alofa', 1263),
(3335, 'Chaguanas', 247),
(3336, 'Port-of-Spain', 994),
(3337, 'N´Djaména', 279),
(3338, 'Moundou', 724),
(3339, 'Praha', 512),
(3340, 'Brno', 582),
(3341, 'Ostrava', 1124),
(3342, 'Plzen', 1384),
(3343, 'Olomouc', 1124),
(3344, 'Liberec', 1123),
(3345, 'Ceské Budejovice', 581),
(3346, 'Hradec Králové', 1331),
(3347, 'Ústí nad Labem', 1123),
(3348, 'Pardubice', 1331),
(3349, 'Tunis', 1279),
(3350, 'Sfax', 1125),
(3351, 'Ariana', 98),
(3352, 'Ettadhamen', 98),
(3353, 'Sousse', 1159),
(3354, 'Kairouan', 598),
(3355, 'Biserta', 185),
(3356, 'Gabès', 425),
(3357, 'Istanbul', 565),
(3358, 'Ankara', 77),
(3359, 'Izmir', 569),
(3360, 'Adana', 9),
(3361, 'Bursa', 222),
(3362, 'Gaziantep', 433),
(3363, 'Konya', 662),
(3364, 'Mersin (Içel)', 540),
(3365, 'Antalya', 79),
(3366, 'Diyarbakir', 355),
(3367, 'Kayseri', 628),
(3368, 'Eskisehir', 395),
(3369, 'Sanliurfa', 1094),
(3370, 'Samsun', 1081),
(3371, 'Malatya', 757),
(3372, 'Gebze', 658),
(3373, 'Denizli', 341),
(3374, 'Sivas', 1148),
(3375, 'Erzurum', 393),
(3376, 'Tarsus', 9),
(3377, 'Kahramanmaras', 596),
(3378, 'Elâzig', 387),
(3379, 'Van', 1309),
(3380, 'Sultanbeyli', 565),
(3381, 'Izmit (Kocaeli)', 658),
(3382, 'Manisa', 767),
(3383, 'Batman', 160),
(3384, 'Balikesir', 140),
(3385, 'Sakarya (Adapazari)', 1075),
(3386, 'Iskenderun', 496),
(3387, 'Osmaniye', 944),
(3388, 'Çorum', 320),
(3389, 'Kütahya', 686),
(3390, 'Hatay (Antakya)', 496),
(3391, 'Kirikkale', 653),
(3392, 'Adiyaman', 12),
(3393, 'Trabzon', 1270),
(3394, 'Ordu', 932),
(3395, 'Aydin', 123),
(3396, 'Usak', 1299),
(3397, 'Edirne', 382),
(3398, 'Çorlu', 1231),
(3399, 'Isparta', 564),
(3400, 'Karabük', 614),
(3401, 'Kilis', 650),
(3402, 'Alanya', 79),
(3403, 'Kiziltepe', 774),
(3404, 'Zonguldak', 1389),
(3405, 'Siirt', 1142),
(3406, 'Viransehir', 1094),
(3407, 'Tekirdag', 1231),
(3408, 'Karaman', 616),
(3409, 'Afyon', 15),
(3410, 'Aksaray', 22),
(3411, 'Ceyhan', 9),
(3412, 'Erzincan', 392),
(3413, 'Bismil', 355),
(3414, 'Nazilli', 123),
(3415, 'Tokat', 1258),
(3416, 'Kars', 622),
(3417, 'Inegöl', 222),
(3418, 'Bandirma', 140),
(3419, 'Ashgabat', 17),
(3420, 'Chärjew', 707),
(3421, 'Dashhowuz', 337),
(3422, 'Mary', 779),
(3423, 'Cockburn Town', 450),
(3424, 'Funafuti', 423),
(3425, 'Kampala', 261),
(3426, 'Kyiv', 652),
(3427, 'Harkova [Harkiv]', 493),
(3428, 'Dnipropetrovsk', 357),
(3429, 'Donetsk', 363),
(3430, 'Odesa', 920),
(3431, 'Zaporizzja', 1385),
(3432, 'Lviv', 742),
(3433, 'Kryvyi Rig', 357),
(3434, 'Mykolajiv', 842),
(3435, 'Mariupol', 363),
(3436, 'Lugansk', 738),
(3437, 'Vinnytsja', 1320),
(3438, 'Makijivka', 363),
(3439, 'Herson', 506),
(3440, 'Sevastopol', 672),
(3441, 'Simferopol', 672),
(3442, 'Pultava [Poltava]', 1005),
(3443, 'Tšernigiv', 1285),
(3444, 'Tšerkasy', 1284),
(3445, 'Gorlivka', 363),
(3446, 'Zytomyr', 1394),
(3447, 'Sumy', 1193),
(3448, 'Dniprodzerzynsk', 357),
(3449, 'Kirovograd', 655),
(3450, 'Hmelnytskyi', 513),
(3451, 'Tšernivtsi', 1286),
(3452, 'Rivne', 1054),
(3453, 'Krementšuk', 1005),
(3454, 'Ivano-Frankivsk', 566),
(3455, 'Ternopil', 1236),
(3456, 'Lutsk', 1327),
(3457, 'Bila Tserkva', 652),
(3458, 'Kramatorsk', 363),
(3459, 'Melitopol', 1385),
(3460, 'Kertš', 672),
(3461, 'Nikopol', 357),
(3462, 'Berdjansk', 1385),
(3463, 'Pavlograd', 357),
(3464, 'Sjeverodonetsk', 738),
(3465, 'Slovjansk', 363),
(3466, 'Uzgorod', 1214),
(3467, 'Altševsk', 738),
(3468, 'Lysytšansk', 738),
(3469, 'Jevpatorija', 672),
(3470, 'Kamjanets-Podilskyi', 513),
(3471, 'Jenakijeve', 363),
(3472, 'Krasnyi Lutš', 738),
(3473, 'Stahanov', 738),
(3474, 'Oleksandrija', 655),
(3475, 'Konotop', 1193),
(3476, 'Kostjantynivka', 363),
(3477, 'Berdytšiv', 1394),
(3478, 'Izmajil', 920),
(3479, 'Šostka', 1193),
(3480, 'Uman', 1284),
(3481, 'Brovary', 652),
(3482, 'Mukatševe', 1214),
(3483, 'Budapest', 214),
(3484, 'Debrecen', 480),
(3485, 'Miskolc', 195),
(3486, 'Szeged', 323),
(3487, 'Pécs', 151),
(3488, 'Györ', 468),
(3489, 'Nyiregyháza', 1198),
(3490, 'Kecskemét', 129),
(3491, 'Székesfehérvár', 407),
(3492, 'Montevideo', 828),
(3493, 'Nouméa', 1406),
(3494, 'Auckland', 120),
(3495, 'Christchurch', 238),
(3496, 'Manukau', 120),
(3497, 'North Shore', 120),
(3498, 'Waitakere', 120),
(3499, 'Wellington', 1341),
(3500, 'Dunedin', 369),
(3501, 'Hamilton', 488),
(3502, 'Lower Hutt', 1341),
(3503, 'Toskent', 1267),
(3504, 'Namangan', 852),
(3505, 'Samarkand', 1080),
(3506, 'Andijon', 73),
(3507, 'Buhoro', 216),
(3508, 'Karsi', 1016),
(3509, 'Nukus', 615),
(3510, 'Kükon', 403),
(3511, 'Fargona', 403),
(3512, 'Circik', 1266),
(3513, 'Margilon', 403),
(3514, 'Ürgenc', 643),
(3515, 'Angren', 1266),
(3516, 'Cizah', 302),
(3517, 'Navoi', 863),
(3518, 'Olmalik', 1266),
(3519, 'Termiz', 1194),
(3520, 'Minsk', 521),
(3521, 'Gomel', 445),
(3522, 'Mogiljov', 822),
(3523, 'Vitebsk', 1322),
(3524, 'Grodno', 454),
(3525, 'Brest', 208),
(3526, 'Bobruisk', 822),
(3527, 'Baranovitši', 208),
(3528, 'Borisov', 813),
(3529, 'Pinsk', 208),
(3530, 'Orša', 1322),
(3531, 'Mozyr', 445),
(3532, 'Novopolotsk', 1322),
(3533, 'Lida', 454),
(3534, 'Soligorsk', 813),
(3535, 'Molodetšno', 813),
(3536, 'Mata-Utu', 1337),
(3537, 'Port-Vila', 1134),
(3538, 'Città del Vaticano', 1412),
(3539, 'Caracas', 352),
(3540, 'Maracaíbo', 1392),
(3541, 'Barquisimeto', 703),
(3542, 'Valencia', 243),
(3543, 'Ciudad Guayana', 192),
(3544, 'Petare', 814),
(3545, 'Maracay', 93),
(3546, 'Barcelona', 84),
(3547, 'Maturín', 825),
(3548, 'San Cristóbal', 1203),
(3549, 'Ciudad Bolívar', 192),
(3550, 'Cumaná', 1183),
(3551, 'Mérida', 801),
(3552, 'Cabimas', 1392),
(3553, 'Barinas', 152),
(3554, 'Turmero', 93),
(3555, 'Baruta', 814),
(3556, 'Puerto Cabello', 243),
(3557, 'Santa Ana de Coro', 402),
(3558, 'Los Teques', 814),
(3559, 'Punto Fijo', 402),
(3560, 'Guarenas', 814),
(3561, 'Acarigua', 996),
(3562, 'Puerto La Cruz', 84),
(3563, 'Ciudad Losada', 2),
(3564, 'Guacara', 243),
(3565, 'Valera', 1274),
(3566, 'Guanare', 996),
(3567, 'Carúpano', 1183),
(3568, 'Catia La Mar', 352),
(3569, 'El Tigre', 84),
(3570, 'Guatire', 814),
(3571, 'Calabozo', 460),
(3572, 'Pozuelos', 84),
(3573, 'Ciudad Ojeda', 1392),
(3574, 'Ocumare del Tuy', 814),
(3575, 'Valle de la Pascua', 460),
(3576, 'Araure', 996),
(3577, 'San Fernando de Apure', 87),
(3578, 'San Felipe', 1372),
(3579, 'El Limón', 93),
(3580, 'Moscow', 833),
(3581, 'St Petersburg', 974),
(3582, 'Novosibirsk', 914),
(3583, 'Nizni Novgorod', 886),
(3584, 'Jekaterinburg', 1195),
(3585, 'Samara', 1079),
(3586, 'Omsk', 927),
(3587, 'Kazan', 1226),
(3588, 'Ufa', 165),
(3589, 'Tšeljabinsk', 1283),
(3590, 'Rostov-na-Donu', 1060),
(3591, 'Perm', 967),
(3592, 'Volgograd', 1325),
(3593, 'Voronez', 1328),
(3594, 'Krasnojarsk', 671),
(3595, 'Saratov', 1107),
(3596, 'Toljatti', 1079),
(3597, 'Uljanovsk', 1295),
(3598, 'Izevsk', 1292),
(3599, 'Krasnodar', 670),
(3600, 'Jaroslavl', 574),
(3601, 'Habarovsk', 473),
(3602, 'Vladivostok', 999),
(3603, 'Irkutsk', 559),
(3604, 'Barnaul', 61),
(3605, 'Novokuznetsk', 632),
(3606, 'Penza', 965),
(3607, 'Rjazan', 1056),
(3608, 'Orenburg', 934),
(3609, 'Lipetsk', 719),
(3610, 'Nabereznyje Tšelny', 1226),
(3611, 'Tula', 1276),
(3612, 'Tjumen', 1252),
(3613, 'Kemerovo', 632),
(3614, 'Astrahan', 109),
(3615, 'Tomsk', 1262),
(3616, 'Kirov', 654),
(3617, 'Ivanovo', 567),
(3618, 'Tšeboksary', 1289),
(3619, 'Brjansk', 211),
(3620, 'Tver', 1281),
(3621, 'Kursk', 677),
(3622, 'Magnitogorsk', 1283),
(3623, 'Kaliningrad', 603),
(3624, 'Nizni Tagil', 1195),
(3625, 'Murmansk', 840),
(3626, 'Ulan-Ude', 221),
(3627, 'Kurgan', 676),
(3628, 'Arkangeli', 100),
(3629, 'Sotši', 670),
(3630, 'Smolensk', 1153),
(3631, 'Orjol', 937),
(3632, 'Stavropol', 1178),
(3633, 'Belgorod', 169),
(3634, 'Kaluga', 605),
(3635, 'Vladimir', 1323),
(3636, 'Mahatškala', 328),
(3637, 'Tšerepovets', 1326),
(3638, 'Saransk', 830),
(3639, 'Tambov', 1216),
(3640, 'Vladikavkaz', 904),
(3641, 'Tšita', 1288),
(3642, 'Vologda', 1326),
(3643, 'Veliki Novgorod', 913),
(3644, 'Komsomolsk-na-Amure', 473),
(3645, 'Kostroma', 667),
(3646, 'Volzski', 1325),
(3647, 'Taganrog', 1060),
(3648, 'Petroskoi', 619),
(3649, 'Bratsk', 559),
(3650, 'Dzerzinsk', 886),
(3651, 'Surgut', 490),
(3652, 'Orsk', 934),
(3653, 'Sterlitamak', 165),
(3654, 'Angarsk', 559),
(3655, 'Joškar-Ola', 775),
(3656, 'Rybinsk', 574),
(3657, 'Prokopjevsk', 632),
(3658, 'Niznevartovsk', 490),
(3659, 'Naltšik', 588),
(3660, 'Syktyvkar', 661),
(3661, 'Severodvinsk', 100),
(3662, 'Bijsk', 61),
(3663, 'Niznekamsk', 1226),
(3664, 'Blagoveštšensk', 67),
(3665, 'Šahty', 1060),
(3666, 'Staryi Oskol', 169),
(3667, 'Zelenograd', 833),
(3668, 'Balakovo', 1107),
(3669, 'Novorossijsk', 670),
(3670, 'Pihkova', 975),
(3671, 'Zlatoust', 1283),
(3672, 'Jakutsk', 1066),
(3673, 'Podolsk', 834),
(3674, 'Petropavlovsk-Kamtšatski', 606),
(3675, 'Kamensk-Uralski', 1195),
(3676, 'Engels', 1107),
(3677, 'Syzran', 1079),
(3678, 'Grozny', 1287),
(3679, 'Novotšerkassk', 1060),
(3680, 'Berezniki', 967),
(3681, 'Juzno-Sahalinsk', 1067),
(3682, 'Volgodonsk', 1060),
(3683, 'Abakan', 481),
(3684, 'Maikop', 13),
(3685, 'Miass', 1283),
(3686, 'Armavir', 670),
(3687, 'Ljubertsy', 834),
(3688, 'Rubtsovsk', 61),
(3689, 'Kovrov', 1323),
(3690, 'Nahodka', 999),
(3691, 'Ussurijsk', 999),
(3692, 'Salavat', 165),
(3693, 'Mytištši', 834),
(3694, 'Kolomna', 834),
(3695, 'Elektrostal', 834),
(3696, 'Murom', 1323),
(3697, 'Kolpino', 974),
(3698, 'Norilsk', 671),
(3699, 'Almetjevsk', 1226),
(3700, 'Novomoskovsk', 1276),
(3701, 'Dimitrovgrad', 1295),
(3702, 'Pervouralsk', 1195),
(3703, 'Himki', 834),
(3704, 'Balašiha', 834),
(3705, 'Nevinnomyssk', 1178),
(3706, 'Pjatigorsk', 1178),
(3707, 'Korolev', 834),
(3708, 'Serpuhov', 834),
(3709, 'Odintsovo', 834),
(3710, 'Orehovo-Zujevo', 834),
(3711, 'Kamyšin', 1325),
(3712, 'Novotšeboksarsk', 1289),
(3713, 'Tšerkessk', 617),
(3714, 'Atšinsk', 671),
(3715, 'Magadan', 749),
(3716, 'Mitšurinsk', 1216),
(3717, 'Kislovodsk', 1178),
(3718, 'Jelets', 719),
(3719, 'Seversk', 1262),
(3720, 'Noginsk', 834),
(3721, 'Velikije Luki', 975),
(3722, 'Novokuibyševsk', 1079),
(3723, 'Neftekamsk', 165),
(3724, 'Leninsk-Kuznetski', 632),
(3725, 'Oktjabrski', 165),
(3726, 'Sergijev Posad', 834),
(3727, 'Arzamas', 886),
(3728, 'Kiseljovsk', 632),
(3729, 'Novotroitsk', 934),
(3730, 'Obninsk', 605),
(3731, 'Kansk', 671),
(3732, 'Glazov', 1292),
(3733, 'Solikamsk', 967),
(3734, 'Sarapul', 1292),
(3735, 'Ust-Ilimsk', 559),
(3736, 'Štšolkovo', 834),
(3737, 'Mezduretšensk', 632),
(3738, 'Usolje-Sibirskoje', 559),
(3739, 'Elista', 604),
(3740, 'Novošahtinsk', 1060),
(3741, 'Votkinsk', 1292),
(3742, 'Kyzyl', 1282),
(3743, 'Serov', 1195),
(3744, 'Zelenodolsk', 1226),
(3745, 'Zeleznodoroznyi', 834),
(3746, 'Kinešma', 567),
(3747, 'Kuznetsk', 965),
(3748, 'Uhta', 661),
(3749, 'Jessentuki', 1178),
(3750, 'Tobolsk', 1252),
(3751, 'Neftejugansk', 490),
(3752, 'Bataisk', 1060),
(3753, 'Nojabrsk', 1368),
(3754, 'Balašov', 1107),
(3755, 'Zeleznogorsk', 677),
(3756, 'Zukovski', 834),
(3757, 'Anzero-Sudzensk', 632),
(3758, 'Bugulma', 1226),
(3759, 'Zeleznogorsk', 671),
(3760, 'Novouralsk', 1195),
(3761, 'Puškin', 974),
(3762, 'Vorkuta', 661),
(3763, 'Derbent', 328),
(3764, 'Kirovo-Tšepetsk', 654),
(3765, 'Krasnogorsk', 834),
(3766, 'Klin', 834),
(3767, 'Tšaikovski', 967),
(3768, 'Novyi Urengoi', 1368),
(3769, 'Ho Chi Minh City', 514),
(3770, 'Hanoi', 489),
(3771, 'Haiphong', 479),
(3772, 'Da Nang', 1024),
(3773, 'Biên Hoa', 364),
(3774, 'Nha Trang', 638),
(3775, 'Hue', 1242),
(3776, 'Can Tho', 235),
(3777, 'Cam Pha', 1023),
(3778, 'Nam Dinh', 851),
(3779, 'Quy Nhon', 181),
(3780, 'Vung Tau', 125),
(3781, 'Rach Gia', 647),
(3782, 'Long Xuyen', 68),
(3783, 'Thai Nguyen', 127),
(3784, 'Hong Gai', 1025),
(3785, 'Phan Thiêt', 182),
(3786, 'Cam Ranh', 638),
(3787, 'Vinh', 878),
(3788, 'My Tho', 1247),
(3789, 'Da Lat', 699),
(3790, 'Buon Ma Thuot', 327),
(3791, 'Tallinn', 492),
(3792, 'Tartu', 1224),
(3793, 'New York', 875),
(3794, 'Los Angeles', 230),
(3795, 'Chicago', 546),
(3796, 'Houston', 1238),
(3797, 'Philadelphia', 964),
(3798, 'Phoenix', 99),
(3799, 'San Diego', 230),
(3800, 'Dallas', 1238),
(3801, 'San Antonio', 1238),
(3802, 'Detroit', 805),
(3803, 'San Jose', 230),
(3804, 'Indianapolis', 552),
(3805, 'San Francisco', 230),
(3806, 'Jacksonville', 411),
(3807, 'Columbus', 922),
(3808, 'Austin', 1238),
(3809, 'Baltimore', 780),
(3810, 'Memphis', 1234),
(3811, 'Milwaukee', 1363),
(3812, 'Boston', 784),
(3813, 'Washington', 347),
(3814, 'Nashville-Davidson', 1234),
(3815, 'El Paso', 1238),
(3816, 'Seattle', 1339),
(3817, 'Denver', 309),
(3818, 'Charlotte', 899),
(3819, 'Fort Worth', 1238),
(3820, 'Portland', 933),
(3821, 'Oklahoma City', 926),
(3822, 'Tucson', 99),
(3823, 'New Orleans', 733),
(3824, 'Las Vegas', 869),
(3825, 'Cleveland', 922),
(3826, 'Long Beach', 230),
(3827, 'Albuquerque', 872),
(3828, 'Kansas City', 818),
(3829, 'Fresno', 230),
(3830, 'Virginia Beach', 1321),
(3831, 'Atlanta', 437),
(3832, 'Sacramento', 230),
(3833, 'Oakland', 230),
(3834, 'Mesa', 99),
(3835, 'Tulsa', 926),
(3836, 'Omaha', 866),
(3837, 'Minneapolis', 812),
(3838, 'Honolulu', 499),
(3839, 'Miami', 411),
(3840, 'Colorado Springs', 309),
(3841, 'Saint Louis', 818),
(3842, 'Wichita', 611),
(3843, 'Santa Ana', 230),
(3844, 'Pittsburgh', 964),
(3845, 'Arlington', 1238),
(3846, 'Cincinnati', 922),
(3847, 'Anaheim', 230),
(3848, 'Toledo', 922),
(3849, 'Tampa', 411),
(3850, 'Buffalo', 875),
(3851, 'Saint Paul', 812),
(3852, 'Corpus Christi', 1238),
(3853, 'Aurora', 309),
(3854, 'Raleigh', 899),
(3855, 'Newark', 871),
(3856, 'Lexington-Fayette', 633),
(3857, 'Anchorage', 53),
(3858, 'Louisville', 633),
(3859, 'Riverside', 230),
(3860, 'Saint Petersburg', 411),
(3861, 'Bakersfield', 230),
(3862, 'Stockton', 230),
(3863, 'Birmingham', 51),
(3864, 'Jersey City', 871),
(3865, 'Norfolk', 1321),
(3866, 'Baton Rouge', 733),
(3867, 'Hialeah', 411),
(3868, 'Lincoln', 866),
(3869, 'Greensboro', 899),
(3870, 'Plano', 1238),
(3871, 'Rochester', 875),
(3872, 'Glendale', 99),
(3873, 'Akron', 922),
(3874, 'Garland', 1238),
(3875, 'Madison', 1363),
(3876, 'Fort Wayne', 552),
(3877, 'Fremont', 230),
(3878, 'Scottsdale', 99),
(3879, 'Montgomery', 51),
(3880, 'Shreveport', 733),
(3881, 'Augusta-Richmond County', 437),
(3882, 'Lubbock', 1238),
(3883, 'Chesapeake', 1321),
(3884, 'Mobile', 51),
(3885, 'Des Moines', 556),
(3886, 'Grand Rapids', 805),
(3887, 'Richmond', 1321),
(3888, 'Yonkers', 875),
(3889, 'Spokane', 1339),
(3890, 'Glendale', 230),
(3891, 'Tacoma', 1339),
(3892, 'Irving', 1238),
(3893, 'Huntington Beach', 230),
(3894, 'Modesto', 230),
(3895, 'Durham', 899),
(3896, 'Columbus', 437),
(3897, 'Orlando', 411),
(3898, 'Boise City', 541),
(3899, 'Winston-Salem', 899),
(3900, 'San Bernardino', 230),
(3901, 'Jackson', 817),
(3902, 'Little Rock', 101),
(3903, 'Salt Lake City', 1300),
(3904, 'Reno', 869),
(3905, 'Newport News', 1321),
(3906, 'Chandler', 99),
(3907, 'Laredo', 1238),
(3908, 'Henderson', 869),
(3909, 'Arlington', 1321),
(3910, 'Knoxville', 1234),
(3911, 'Amarillo', 1238),
(3912, 'Providence', 1043),
(3913, 'Chula Vista', 230),
(3914, 'Worcester', 784),
(3915, 'Oxnard', 230),
(3916, 'Dayton', 922),
(3917, 'Garden Grove', 230),
(3918, 'Oceanside', 230),
(3919, 'Tempe', 99),
(3920, 'Huntsville', 51),
(3921, 'Ontario', 230),
(3922, 'Chattanooga', 1234),
(3923, 'Fort Lauderdale', 411),
(3924, 'Springfield', 784),
(3925, 'Springfield', 818),
(3926, 'Santa Clarita', 230),
(3927, 'Salinas', 230),
(3928, 'Tallahassee', 411),
(3929, 'Rockford', 546),
(3930, 'Pomona', 230),
(3931, 'Metairie', 733),
(3932, 'Paterson', 871),
(3933, 'Overland Park', 611),
(3934, 'Santa Rosa', 230),
(3935, 'Syracuse', 875),
(3936, 'Kansas City', 611),
(3937, 'Hampton', 1321),
(3938, 'Lakewood', 309),
(3939, 'Vancouver', 1339),
(3940, 'Irvine', 230),
(3941, 'Aurora', 546),
(3942, 'Moreno Valley', 230),
(3943, 'Pasadena', 230),
(3944, 'Hayward', 230),
(3945, 'Brownsville', 1238),
(3946, 'Bridgeport', 311),
(3947, 'Hollywood', 411),
(3948, 'Warren', 805),
(3949, 'Torrance', 230),
(3950, 'Eugene', 933),
(3951, 'Pembroke Pines', 411),
(3952, 'Salem', 933),
(3953, 'Pasadena', 1238),
(3954, 'Escondido', 230),
(3955, 'Sunnyvale', 230),
(3956, 'Savannah', 437),
(3957, 'Fontana', 230),
(3958, 'Orange', 230),
(3959, 'Naperville', 546),
(3960, 'Alexandria', 1321),
(3961, 'Rancho Cucamonga', 230),
(3962, 'Grand Prairie', 1238),
(3963, 'East Los Angeles', 230),
(3964, 'Fullerton', 230),
(3965, 'Corona', 230),
(3966, 'Flint', 805),
(3967, 'Paradise', 869),
(3968, 'Mesquite', 1238),
(3969, 'Sterling Heights', 805),
(3970, 'Sioux Falls', 1162),
(3971, 'New Haven', 311),
(3972, 'Topeka', 611),
(3973, 'Concord', 230),
(3974, 'Evansville', 552),
(3975, 'Hartford', 311),
(3976, 'Fayetteville', 899),
(3977, 'Cedar Rapids', 556),
(3978, 'Elizabeth', 871),
(3979, 'Lansing', 805),
(3980, 'Lancaster', 230),
(3981, 'Fort Collins', 309),
(3982, 'Coral Springs', 411),
(3983, 'Stamford', 311),
(3984, 'Thousand Oaks', 230),
(3985, 'Vallejo', 230),
(3986, 'Palmdale', 230),
(3987, 'Columbia', 1161),
(3988, 'El Monte', 230),
(3989, 'Abilene', 1238),
(3990, 'North Las Vegas', 869),
(3991, 'Ann Arbor', 805),
(3992, 'Beaumont', 1238),
(3993, 'Waco', 1238),
(3994, 'Macon', 437),
(3995, 'Independence', 818),
(3996, 'Peoria', 546),
(3997, 'Inglewood', 230),
(3998, 'Springfield', 546),
(3999, 'Simi Valley', 230),
(4000, 'Lafayette', 733),
(4001, 'Gilbert', 99),
(4002, 'Carrollton', 1238),
(4003, 'Bellevue', 1339),
(4004, 'West Valley City', 1300),
(4005, 'Clarksville', 1234),
(4006, 'Costa Mesa', 230),
(4007, 'Peoria', 99),
(4008, 'South Bend', 552),
(4009, 'Downey', 230),
(4010, 'Waterbury', 311),
(4011, 'Manchester', 870),
(4012, 'Allentown', 964),
(4013, 'McAllen', 1238),
(4014, 'Joliet', 546),
(4015, 'Lowell', 784),
(4016, 'Provo', 1300),
(4017, 'West Covina', 230),
(4018, 'Wichita Falls', 1238),
(4019, 'Erie', 964),
(4020, 'Daly City', 230),
(4021, 'Citrus Heights', 230),
(4022, 'Norwalk', 230),
(4023, 'Gary', 552),
(4024, 'Berkeley', 230),
(4025, 'Santa Clara', 230),
(4026, 'Green Bay', 1363),
(4027, 'Cape Coral', 411),
(4028, 'Arvada', 309),
(4029, 'Pueblo', 309),
(4030, 'Sandy', 1300),
(4031, 'Athens-Clarke County', 437),
(4032, 'Cambridge', 784),
(4033, 'Westminster', 309),
(4034, 'San Buenaventura', 230),
(4035, 'Portsmouth', 1321),
(4036, 'Livonia', 805),
(4037, 'Burbank', 230),
(4038, 'Clearwater', 411),
(4039, 'Midland', 1238),
(4040, 'Davenport', 556),
(4041, 'Mission Viejo', 230),
(4042, 'Miami Beach', 411),
(4043, 'Sunrise Manor', 869),
(4044, 'New Bedford', 784),
(4045, 'El Cajon', 230),
(4046, 'Norman', 926),
(4047, 'Richmond', 230),
(4048, 'Albany', 875),
(4049, 'Brockton', 784),
(4050, 'Roanoke', 1321),
(4051, 'Billings', 826),
(4052, 'Compton', 230),
(4053, 'Gainesville', 411),
(4054, 'Fairfield', 230),
(4055, 'Arden-Arcade', 230),
(4056, 'San Mateo', 230),
(4057, 'Visalia', 230),
(4058, 'Boulder', 309),
(4059, 'Cary', 899),
(4060, 'Santa Monica', 230),
(4061, 'Fall River', 784),
(4062, 'Kenosha', 1363),
(4063, 'Elgin', 546),
(4064, 'Odessa', 1238),
(4065, 'Carson', 230),
(4066, 'Charleston', 1161),
(4067, 'Charlotte Amalie', 1175),
(4068, 'Harare', 491),
(4069, 'Bulawayo', 219),
(4070, 'Chitungwiza', 491),
(4071, 'Mount Darwin', 491),
(4072, 'Mutare', 765),
(4073, 'Gweru', 808),
(4074, 'Gaza', 432),
(4075, 'Khan Yunis', 637),
(4076, 'Hebron', 502),
(4077, 'Jabaliya', 900),
(4078, 'Nablus', 843),
(4079, 'Rafah', 1035),
(4080, 'Abejorral ', 81),
(4081, 'Abriaqui ', 81),
(4082, 'Alejandria ', 81),
(4083, 'Amaga ', 81),
(4084, 'Amalfi ', 81),
(4085, 'Andes ', 81),
(4086, 'Angelopolis ', 81),
(4087, 'Angostura ', 81),
(4088, 'Anori ', 81),
(4089, 'Santafe De Antioquia ', 81),
(4090, 'Anza ', 81),
(4091, 'Apartado ', 81),
(4092, 'Arboletes ', 81),
(4093, 'Argelia ', 81),
(4094, 'Armenia ', 81),
(4095, 'Barbosa ', 81),
(4096, 'Belmira ', 81),
(4097, 'Betania ', 81),
(4098, 'Betulia ', 81),
(4099, 'Ciudad Bolivar ', 81),
(4100, 'Briceño ', 81),
(4101, 'Buritica ', 81),
(4102, 'Caceres ', 81),
(4103, 'Caicedo ', 81),
(4104, 'Caldas ', 81),
(4105, 'Campamento ', 81),
(4106, 'Cañasgordas ', 81),
(4107, 'Caracoli ', 81),
(4108, 'Caramanta ', 81),
(4109, 'Carepa ', 81),
(4110, 'El Carmen De Viboral ', 81),
(4111, 'Carolina ', 81),
(4112, 'Caucasia ', 81),
(4113, 'Chigorodo ', 81),
(4114, 'Cisneros ', 81),
(4115, 'Cocorna ', 81),
(4116, 'Concepcion ', 81),
(4117, 'Concordia ', 81),
(4118, 'Copacabana ', 81),
(4119, 'Dabeiba ', 81),
(4120, 'Don Matias ', 81),
(4121, 'Ebejico ', 81),
(4122, 'El Bagre ', 81),
(4123, 'Entrerrios ', 81),
(4124, 'Fredonia ', 81),
(4125, 'Frontino ', 81),
(4126, 'Giraldo ', 81),
(4127, 'Girardota ', 81),
(4128, 'Gomez Plata ', 81),
(4129, 'Granada ', 81),
(4130, 'Guadalupe ', 81),
(4131, 'Guarne ', 81),
(4132, 'Guatape ', 81),
(4133, 'Heliconia ', 81),
(4134, 'Hispania ', 81),
(4135, 'Ituango ', 81),
(4136, 'Jardin ', 81),
(4137, 'Jerico ', 81),
(4138, 'La Ceja ', 81),
(4139, 'La Estrella ', 81),
(4140, 'La Pintada ', 81),
(4141, 'La Union ', 81),
(4142, 'Liborina ', 81),
(4143, 'Maceo ', 81),
(4144, 'Marinilla ', 81),
(4145, 'Montebello ', 81),
(4146, 'Murindo ', 81),
(4147, 'Mutata ', 81),
(4148, 'Nariño ', 81),
(4149, 'Necocli ', 81),
(4150, 'Nechi ', 81),
(4151, 'Olaya ', 81),
(4152, 'Peñol ', 81),
(4153, 'Peque ', 81),
(4154, 'Pueblorrico ', 81),
(4155, 'Puerto Berrio ', 81),
(4156, 'Puerto Nare ', 81),
(4157, 'Puerto Triunfo ', 81),
(4158, 'Remedios ', 81),
(4159, 'Retiro ', 81),
(4160, 'Rionegro ', 81),
(4161, 'Sabanalarga ', 81),
(4162, 'Sabaneta ', 81),
(4163, 'Salgar ', 81),
(4164, 'San Andres ', 81),
(4165, 'San Carlos ', 81),
(4166, 'San Francisco ', 81),
(4167, 'San Jeronimo ', 81),
(4168, 'San Jose De La Montaña ', 81),
(4169, 'San Juan De Uraba ', 81),
(4170, 'San Luis ', 81),
(4171, 'San Pedro ', 81),
(4172, 'San Pedro De Uraba ', 81),
(4173, 'San Rafael ', 81),
(4174, 'San Roque ', 81),
(4175, 'San Vicente ', 81),
(4176, 'Santa Barbara ', 81),
(4177, 'Santa Rosa De Osos ', 81),
(4178, 'Santo Domingo ', 81),
(4179, 'El Santuario ', 81),
(4180, 'Segovia ', 81),
(4181, 'Sonson ', 81),
(4182, 'Sopetran ', 81),
(4183, 'Tamesis ', 81),
(4184, 'Taraza ', 81),
(4185, 'Tarso ', 81),
(4186, 'Titiribi ', 81),
(4187, 'Toledo ', 81),
(4188, 'Turbo ', 81),
(4189, 'Uramita ', 81),
(4190, 'Urrao ', 81),
(4191, 'Valdivia ', 81),
(4192, 'Valparaiso ', 81),
(4193, 'Vegachi ', 81),
(4194, 'Venecia ', 81),
(4195, 'Vigia Del Fuerte ', 81),
(4196, 'Yali ', 81),
(4197, 'Yarumal ', 81),
(4198, 'Yolombo ', 81),
(4199, 'Yondo ', 81),
(4200, 'Zaragoza ', 81),
(4201, 'Baranoa ', 115),
(4202, 'Campo De La Cruz ', 115),
(4203, 'Candelaria ', 115),
(4204, 'Galapa ', 115),
(4205, 'Juan De Acosta ', 115),
(4206, 'Luruaco ', 115),
(4207, 'Malambo ', 115),
(4208, 'Manati ', 115),
(4209, 'Palmar De Varela ', 115),
(4210, 'Piojo ', 115),
(4211, 'Polonuevo ', 115),
(4212, 'Ponedera ', 115),
(4213, 'Puerto Colombia ', 115),
(4214, 'Repelon ', 115),
(4215, 'Sabanagrande ', 115),
(4216, 'Sabanalarga ', 115),
(4217, 'Santa Lucia ', 115),
(4218, 'Santo Tomas ', 115),
(4219, 'Suan ', 115),
(4220, 'Tubara ', 115),
(4221, 'Usiacuri ', 115),
(4222, 'Achi ', 191),
(4223, 'Altos Del Rosario ', 191),
(4224, 'Arenal ', 191),
(4225, 'Arjona ', 191),
(4226, 'Arroyohondo ', 191),
(4227, 'Barranco De Loba ', 191),
(4228, 'Calamar ', 191),
(4229, 'Cantagallo ', 191),
(4230, 'Cicuco ', 191),
(4231, 'Cordoba ', 191),
(4232, 'Clemencia ', 191),
(4233, 'El Carmen De Bolivar ', 191),
(4234, 'El Guamo ', 191),
(4235, 'El Peñon ', 191),
(4236, 'Hatillo De Loba ', 191),
(4237, 'Magangue ', 191),
(4238, 'Mahates ', 191),
(4239, 'Margarita ', 191),
(4240, 'Maria La Baja ', 191),
(4241, 'Montecristo ', 191),
(4242, 'Mompos ', 191);
INSERT INTO `tb_municipio` (`muni_codi`, `muni_nomb`, `depa_codi`) VALUES
(4243, 'Morales ', 191),
(4244, 'Pinillos ', 191),
(4245, 'Regidor ', 191),
(4246, 'Rio Viejo ', 191),
(4247, 'San Cristobal ', 191),
(4248, 'San Estanislao ', 191),
(4249, 'San Fernando ', 191),
(4250, 'San Jacinto ', 191),
(4251, 'San Jacinto Del Cauca ', 191),
(4252, 'San Juan Nepomuceno ', 191),
(4253, 'San Martin De Loba ', 191),
(4254, 'San Pablo ', 191),
(4255, 'Santa Catalina ', 191),
(4256, 'Santa Rosa ', 191),
(4257, 'Santa Rosa Del Sur ', 191),
(4258, 'Simiti ', 191),
(4259, 'Soplaviento ', 191),
(4260, 'Talaigua Nuevo ', 191),
(4261, 'Tiquisio ', 191),
(4262, 'Turbaco ', 191),
(4263, 'Turbana ', 191),
(4264, 'Villanueva ', 191),
(4265, 'Zambrano ', 191),
(4266, 'Almeida ', 200),
(4267, 'Aquitania ', 200),
(4268, 'Arcabuco ', 200),
(4269, 'Belen ', 200),
(4270, 'Berbeo ', 200),
(4271, 'Beteitiva ', 200),
(4272, 'Boavita ', 200),
(4273, 'Boyaca ', 200),
(4274, 'Briceño ', 200),
(4275, 'Buenavista ', 200),
(4276, 'Busbanza ', 200),
(4277, 'Caldas ', 200),
(4278, 'Campohermoso ', 200),
(4279, 'Cerinza ', 200),
(4280, 'Chinavita ', 200),
(4281, 'Chiquinquira ', 200),
(4282, 'Chiscas ', 200),
(4283, 'Chita ', 200),
(4284, 'Chitaraque ', 200),
(4285, 'Chivata ', 200),
(4286, 'Cienega ', 200),
(4287, 'Combita ', 200),
(4288, 'Coper ', 200),
(4289, 'Corrales ', 200),
(4290, 'Covarachia ', 200),
(4291, 'Cubara ', 200),
(4292, 'Cucaita ', 200),
(4293, 'Cuitiva ', 200),
(4294, 'Chiquiza ', 200),
(4295, 'Chivor ', 200),
(4296, 'Duitama ', 200),
(4297, 'El Cocuy ', 200),
(4298, 'El Espino ', 200),
(4299, 'Firavitoba ', 200),
(4300, 'Floresta ', 200),
(4301, 'Gachantiva ', 200),
(4302, 'Gameza ', 200),
(4303, 'Garagoa ', 200),
(4304, 'Guacamayas ', 200),
(4305, 'Guateque ', 200),
(4306, 'Guayata ', 200),
(4307, 'Güican ', 200),
(4308, 'Iza ', 200),
(4309, 'Jenesano ', 200),
(4310, 'Jerico ', 200),
(4311, 'Labranzagrande ', 200),
(4312, 'La Capilla ', 200),
(4313, 'La Victoria ', 200),
(4314, 'La Uvita ', 200),
(4315, 'Villa De Leyva ', 200),
(4316, 'Macanal ', 200),
(4317, 'Maripi ', 200),
(4318, 'Miraflores ', 200),
(4319, 'Mongua ', 200),
(4320, 'Mongui ', 200),
(4321, 'Moniquira ', 200),
(4322, 'Motavita ', 200),
(4323, 'Muzo ', 200),
(4324, 'Nobsa ', 200),
(4325, 'Nuevo Colon ', 200),
(4326, 'Oicata ', 200),
(4327, 'Otanche ', 200),
(4328, 'Pachavita ', 200),
(4329, 'Paez ', 200),
(4330, 'Paipa ', 200),
(4331, 'Pajarito ', 200),
(4332, 'Panqueba ', 200),
(4333, 'Pauna ', 200),
(4334, 'Paya ', 200),
(4335, 'Paz De Rio ', 200),
(4336, 'Pesca ', 200),
(4337, 'Pisba ', 200),
(4338, 'Puerto Boyaca ', 200),
(4339, 'Quipama ', 200),
(4340, 'Ramiriqui ', 200),
(4341, 'Raquira ', 200),
(4342, 'Rondon ', 200),
(4343, 'Saboya ', 200),
(4344, 'Sachica ', 200),
(4345, 'Samaca ', 200),
(4346, 'San Eduardo ', 200),
(4347, 'San Jose De Pare ', 200),
(4348, 'San Luis De Gaceno ', 200),
(4349, 'San Mateo ', 200),
(4350, 'San Miguel De Sema ', 200),
(4351, 'San Pablo De Borbur ', 200),
(4352, 'Santana ', 200),
(4353, 'Santa Maria ', 200),
(4354, 'Santa Rosa De Viterbo ', 200),
(4355, 'Santa Sofia ', 200),
(4356, 'Sativanorte ', 200),
(4357, 'Sativasur ', 200),
(4358, 'Siachoque ', 200),
(4359, 'Soata ', 200),
(4360, 'Socota ', 200),
(4361, 'Socha ', 200),
(4362, 'Somondoco ', 200),
(4363, 'Sora ', 200),
(4364, 'Sotaquira ', 200),
(4365, 'Soraca ', 200),
(4366, 'Susacon ', 200),
(4367, 'Sutamarchan ', 200),
(4368, 'Sutatenza ', 200),
(4369, 'Tasco ', 200),
(4370, 'Tenza ', 200),
(4371, 'Tibana ', 200),
(4372, 'Tibasosa ', 200),
(4373, 'Tinjaca ', 200),
(4374, 'Tipacoque ', 200),
(4375, 'Toca ', 200),
(4376, 'Togüi ', 200),
(4377, 'Topaga ', 200),
(4378, 'Tota ', 200),
(4379, 'Tunungua ', 200),
(4380, 'Turmeque ', 200),
(4381, 'Tuta ', 200),
(4382, 'Tutaza ', 200),
(4383, 'Umbita ', 200),
(4384, 'Ventaquemada ', 200),
(4385, 'Viracacha ', 200),
(4386, 'Zetaquira ', 200),
(4387, 'Aguadas ', 229),
(4388, 'Anserma ', 229),
(4389, 'Aranzazu ', 229),
(4390, 'Belalcazar ', 229),
(4391, 'Chinchina ', 229),
(4392, 'Filadelfia ', 229),
(4393, 'La Dorada ', 229),
(4394, 'La Merced ', 229),
(4395, 'Manzanares ', 229),
(4396, 'Marmato ', 229),
(4397, 'Marquetalia ', 229),
(4398, 'Marulanda ', 229),
(4399, 'Neira ', 229),
(4400, 'Norcasia ', 229),
(4401, 'Pacora ', 229),
(4402, 'Palestina ', 229),
(4403, 'Pensilvania ', 229),
(4404, 'Riosucio ', 229),
(4405, 'Risaralda ', 229),
(4406, 'Salamina ', 229),
(4407, 'Samana ', 229),
(4408, 'San Jose ', 229),
(4409, 'Supia ', 229),
(4410, 'Victoria ', 229),
(4411, 'Villamaria ', 229),
(4412, 'Viterbo ', 229),
(4413, 'Albania ', 241),
(4414, 'Belen De Los Andaquies ', 241),
(4415, 'Cartagena Del Chaira ', 241),
(4416, 'Curillo ', 241),
(4417, 'El Doncello ', 241),
(4418, 'El Paujil ', 241),
(4419, 'La Montañita ', 241),
(4420, 'Milan ', 241),
(4421, 'Morelia ', 241),
(4422, 'Puerto Rico ', 241),
(4423, 'San Jose De La Fragua ', 241),
(4424, 'San Vicente Del Caguan ', 241),
(4425, 'Solano ', 241),
(4426, 'Solita ', 241),
(4427, 'Valparaiso ', 241),
(4428, 'Almaguer ', 252),
(4429, 'Argelia ', 252),
(4430, 'Balboa ', 252),
(4431, 'Bolivar ', 252),
(4432, 'Buenos Aires ', 252),
(4433, 'Cajibio ', 252),
(4434, 'Caldono ', 252),
(4435, 'Caloto ', 252),
(4436, 'Corinto ', 252),
(4437, 'El Tambo ', 252),
(4438, 'Florencia ', 252),
(4439, 'Guapi ', 252),
(4440, 'Inza ', 252),
(4441, 'Jambalo ', 252),
(4442, 'La Sierra ', 252),
(4443, 'La Vega ', 252),
(4444, 'Lopez ', 252),
(4445, 'Mercaderes ', 252),
(4446, 'Miranda ', 252),
(4447, 'Morales ', 252),
(4448, 'Padilla ', 252),
(4449, 'Paez ', 252),
(4450, 'Patia ', 252),
(4451, 'Piamonte ', 252),
(4452, 'Piendamo ', 252),
(4453, 'Puerto Tejada ', 252),
(4454, 'Purace ', 252),
(4455, 'Rosas ', 252),
(4456, 'San Sebastian ', 252),
(4457, 'Santander De Quilichao ', 252),
(4458, 'Santa Rosa ', 252),
(4459, 'Silvia ', 252),
(4460, 'Sotara ', 252),
(4461, 'Suarez ', 252),
(4462, 'Sucre ', 252),
(4463, 'Timbio ', 252),
(4464, 'Timbiqui ', 252),
(4465, 'Toribio ', 252),
(4466, 'Totoro ', 252),
(4467, 'Villa Rica ', 252),
(4468, 'Aguachica ', 271),
(4469, 'Agustin Codazzi ', 271),
(4470, 'Astrea ', 271),
(4471, 'Becerril ', 271),
(4472, 'Bosconia ', 271),
(4473, 'Chimichagua ', 271),
(4474, 'Chiriguana ', 271),
(4475, 'Curumani ', 271),
(4476, 'El Copey ', 271),
(4477, 'El Paso ', 271),
(4478, 'Gamarra ', 271),
(4479, 'Gonzalez ', 271),
(4480, 'La Gloria ', 271),
(4481, 'La Jagua De Ibirico ', 271),
(4482, 'Manaure ', 271),
(4483, 'Pailitas ', 271),
(4484, 'Pelaya ', 271),
(4485, 'Pueblo Bello ', 271),
(4486, 'Rio De Oro ', 271),
(4487, 'La Paz ', 271),
(4488, 'San Alberto ', 271),
(4489, 'San Diego ', 271),
(4490, 'San Martin ', 271),
(4491, 'Tamalameque ', 271),
(4492, 'Ayapel ', 317),
(4493, 'Buenavista ', 317),
(4494, 'Canalete ', 317),
(4495, 'Cerete ', 317),
(4496, 'Chima ', 317),
(4497, 'Chinu ', 317),
(4498, 'Cienaga De Oro ', 317),
(4499, 'Cotorra ', 317),
(4500, 'La Apartada ', 317),
(4501, 'Lorica ', 317),
(4502, 'Los Cordobas ', 317),
(4503, 'Momil ', 317),
(4504, 'Montelibano ', 317),
(4505, 'Moñitos ', 317),
(4506, 'Planeta Rica ', 317),
(4507, 'Pueblo Nuevo ', 317),
(4508, 'Puerto Escondido ', 317),
(4509, 'Puerto Libertador ', 317),
(4510, 'Purisima ', 317),
(4511, 'Sahagun ', 317),
(4512, 'San Andres De Sotavento ', 317),
(4513, 'San Antero ', 317),
(4514, 'San Bernardo Del Viento ', 317),
(4515, 'San Carlos ', 317),
(4516, 'San Pelayo ', 317),
(4517, 'Tierralta ', 317),
(4518, 'Valencia ', 317),
(4519, 'Agua De Dios ', 324),
(4520, 'Alban ', 324),
(4521, 'Anapoima ', 324),
(4522, 'Anolaima ', 324),
(4523, 'Arbelaez ', 324),
(4524, 'Beltran ', 324),
(4525, 'Bituima ', 324),
(4526, 'Bojaca ', 324),
(4527, 'Cabrera ', 324),
(4528, 'Cachipay ', 324),
(4529, 'Cajica ', 324),
(4530, 'Caparrapi ', 324),
(4531, 'Caqueza ', 324),
(4532, 'Carmen De Carupa ', 324),
(4533, 'Chaguani ', 324),
(4534, 'Chia ', 324),
(4535, 'Chipaque ', 324),
(4536, 'Choachi ', 324),
(4537, 'Choconta ', 324),
(4538, 'Cogua ', 324),
(4539, 'Cota ', 324),
(4540, 'Cucunuba ', 324),
(4541, 'El Colegio ', 324),
(4542, 'El Peñon ', 324),
(4543, 'El Rosal ', 324),
(4544, 'Facatativa ', 324),
(4545, 'Fomeque ', 324),
(4546, 'Fosca ', 324),
(4547, 'Funza ', 324),
(4548, 'Fuquene ', 324),
(4549, 'Fusagasuga ', 324),
(4550, 'Gachala ', 324),
(4551, 'Gachancipa ', 324),
(4552, 'Gacheta ', 324),
(4553, 'Gama ', 324),
(4554, 'Granada ', 324),
(4555, 'Guacheta ', 324),
(4556, 'Guaduas ', 324),
(4557, 'Guasca ', 324),
(4558, 'Guataqui ', 324),
(4559, 'Guatavita ', 324),
(4560, 'Guayabal De Siquima ', 324),
(4561, 'Guayabetal ', 324),
(4562, 'Gutierrez ', 324),
(4563, 'Jerusalen ', 324),
(4564, 'Junin ', 324),
(4565, 'La Calera ', 324),
(4566, 'La Mesa ', 324),
(4567, 'La Palma ', 324),
(4568, 'La Peña ', 324),
(4569, 'La Vega ', 324),
(4570, 'Lenguazaque ', 324),
(4571, 'Macheta ', 324),
(4572, 'Madrid ', 324),
(4573, 'Manta ', 324),
(4574, 'Medina ', 324),
(4575, 'Mosquera ', 324),
(4576, 'Nariño ', 324),
(4577, 'Nemocon ', 324),
(4578, 'Nilo ', 324),
(4579, 'Nimaima ', 324),
(4580, 'Nocaima ', 324),
(4581, 'Venecia ', 324),
(4582, 'Pacho ', 324),
(4583, 'Paime ', 324),
(4584, 'Pandi ', 324),
(4585, 'Paratebueno ', 324),
(4586, 'Pasca ', 324),
(4587, 'Puerto Salgar ', 324),
(4588, 'Puli ', 324),
(4589, 'Quebradanegra ', 324),
(4590, 'Quetame ', 324),
(4591, 'Quipile ', 324),
(4592, 'Apulo ', 324),
(4593, 'Ricaurte ', 324),
(4594, 'San Antonio Del Tequendama ', 324),
(4595, 'San Bernardo ', 324),
(4596, 'San Cayetano ', 324),
(4597, 'San Francisco ', 324),
(4598, 'San Juan De Rio Seco ', 324),
(4599, 'Sasaima ', 324),
(4600, 'Sesquile ', 324),
(4601, 'Sibate ', 324),
(4602, 'Silvania ', 324),
(4603, 'Simijaca ', 324),
(4604, 'Sopo ', 324),
(4605, 'Subachoque ', 324),
(4606, 'Suesca ', 324),
(4607, 'Supata ', 324),
(4608, 'Susa ', 324),
(4609, 'Sutatausa ', 324),
(4610, 'Tabio ', 324),
(4611, 'Tausa ', 324),
(4612, 'Tena ', 324),
(4613, 'Tenjo ', 324),
(4614, 'Tibacuy ', 324),
(4615, 'Tibirita ', 324),
(4616, 'Tocaima ', 324),
(4617, 'Tocancipa ', 324),
(4618, 'Topaipi ', 324),
(4619, 'Ubala ', 324),
(4620, 'Ubaque ', 324),
(4621, 'Villa De San Diego De Ubate ', 324),
(4622, 'Une ', 324),
(4623, 'Utica ', 324),
(4624, 'Vergara ', 324),
(4625, 'Viani ', 324),
(4626, 'Villagomez ', 324),
(4627, 'Villapinzon ', 324),
(4628, 'Villeta ', 324),
(4629, 'Viota ', 324),
(4630, 'Yacopi ', 324),
(4631, 'Zipacon ', 324),
(4632, 'Zipaquira ', 324),
(4633, 'Acevedo ', 530),
(4634, 'Agrado ', 530),
(4635, 'Aipe ', 530),
(4636, 'Algeciras ', 530),
(4637, 'Altamira ', 530),
(4638, 'Baraya ', 530),
(4639, 'Campoalegre ', 530),
(4640, 'Colombia ', 530),
(4641, 'Elias ', 530),
(4642, 'Garzon ', 530),
(4643, 'Gigante ', 530),
(4644, 'Guadalupe ', 530),
(4645, 'Hobo ', 530),
(4646, 'Iquira ', 530),
(4647, 'Isnos ', 530),
(4648, 'La Argentina ', 530),
(4649, 'La Plata ', 530),
(4650, 'Nataga ', 530),
(4651, 'Oporapa ', 530),
(4652, 'Paicol ', 530),
(4653, 'Palermo ', 530),
(4654, 'Palestina ', 530),
(4655, 'Pital ', 530),
(4656, 'Pitalito ', 530),
(4657, 'Rivera ', 530),
(4658, 'Saladoblanco ', 530),
(4659, 'San Agustin ', 530),
(4660, 'Santa Maria ', 530),
(4661, 'Suaza ', 530),
(4662, 'Tarqui ', 530),
(4663, 'Tesalia ', 530),
(4664, 'Tello ', 530),
(4665, 'Teruel ', 530),
(4666, 'Timana ', 530),
(4667, 'Villavieja ', 530),
(4668, 'Yaguara ', 530),
(4669, 'Riohacha ', 690),
(4670, 'Albania ', 690),
(4671, 'Barrancas ', 690),
(4672, 'Dibulla ', 690),
(4673, 'Distraccion ', 690),
(4674, 'El Molino ', 690),
(4675, 'Fonseca ', 690),
(4676, 'Hatonuevo ', 690),
(4677, 'La Jagua Del Pilar ', 690),
(4678, 'Manaure ', 690),
(4679, 'San Juan Del Cesar ', 690),
(4680, 'Uribia ', 690),
(4681, 'Urumita ', 690),
(4682, 'Villanueva ', 690),
(4683, 'Algarrobo ', 751),
(4684, 'Aracataca ', 751),
(4685, 'Ariguani ', 751),
(4686, 'Cerro San Antonio ', 751),
(4687, 'Chivolo ', 751),
(4688, 'Cienaga ', 751),
(4689, 'Concordia ', 751),
(4690, 'El Banco ', 751),
(4691, 'El Piñon ', 751),
(4692, 'El Reten ', 751),
(4693, 'Fundacion ', 751),
(4694, 'Guamal ', 751),
(4695, 'Nueva Granada ', 751),
(4696, 'Pedraza ', 751),
(4697, 'Pijiño Del Carmen ', 751),
(4698, 'Pivijay ', 751),
(4699, 'Plato ', 751),
(4700, 'Puebloviejo ', 751),
(4701, 'Remolino ', 751),
(4702, 'Sabanas De San Angel ', 751),
(4703, 'Salamina ', 751),
(4704, 'San Sebastian De Buenavista ', 751),
(4705, 'San Zenon ', 751),
(4706, 'Santa Ana ', 751),
(4707, 'Santa Barbara De Pinto ', 751),
(4708, 'Sitionuevo ', 751),
(4709, 'Tenerife ', 751),
(4710, 'Zapayan ', 751),
(4711, 'Zona Bananera ', 751),
(4712, 'Algarrobo ', 802),
(4713, 'Aracataca ', 802),
(4714, 'Ariguani ', 802),
(4715, 'Cerro San Antonio ', 802),
(4716, 'Chivolo ', 802),
(4717, 'Cienaga ', 802),
(4718, 'Concordia ', 802),
(4719, 'El Banco ', 802),
(4720, 'El Piñon ', 802),
(4721, 'El Reten ', 802),
(4722, 'Fundacion ', 802),
(4723, 'Guamal ', 802),
(4724, 'Nueva Granada ', 802),
(4725, 'Pedraza ', 802),
(4726, 'Pijiño Del Carmen ', 802),
(4727, 'Pivijay ', 802),
(4728, 'Plato ', 802),
(4729, 'Puebloviejo ', 802),
(4730, 'Remolino ', 802),
(4731, 'Sabanas De San Angel ', 802),
(4732, 'Salamina ', 802),
(4733, 'San Sebastian De Buenavista ', 802),
(4734, 'San Zenon ', 802),
(4735, 'Santa Ana ', 802),
(4736, 'Santa Barbara De Pinto ', 802),
(4737, 'Sitionuevo ', 802),
(4738, 'Tenerife ', 802),
(4739, 'Zapayan ', 802),
(4740, 'Zona Bananera ', 802),
(4741, 'Alban ', 859),
(4742, 'Aldana ', 859),
(4743, 'Ancuya ', 859),
(4744, 'Arboleda ', 859),
(4745, 'Barbacoas ', 859),
(4746, 'Belen ', 859),
(4747, 'Buesaco ', 859),
(4748, 'Colon ', 859),
(4749, 'Consaca ', 859),
(4750, 'Contadero ', 859),
(4751, 'Cordoba ', 859),
(4752, 'Cuaspud ', 859),
(4753, 'Cumbal ', 859),
(4754, 'Cumbitara ', 859),
(4755, 'Chachagüi ', 859),
(4756, 'El Charco ', 859),
(4757, 'El Peñol ', 859),
(4758, 'El Rosario ', 859),
(4759, 'El Tablon De Gomez ', 859),
(4760, 'El Tambo ', 859),
(4761, 'Funes ', 859),
(4762, 'Guachucal ', 859),
(4763, 'Guaitarilla ', 859),
(4764, 'Gualmatan ', 859),
(4765, 'Iles ', 859),
(4766, 'Imues ', 859),
(4767, 'Ipiales ', 859),
(4768, 'La Cruz ', 859),
(4769, 'La Florida ', 859),
(4770, 'La Llanada ', 859),
(4771, 'La Tola ', 859),
(4772, 'La Union ', 859),
(4773, 'Leiva ', 859),
(4774, 'Linares ', 859),
(4775, 'Los Andes ', 859),
(4776, 'Magüi ', 859),
(4777, 'Mallama ', 859),
(4778, 'Mosquera ', 859),
(4779, 'Nariño ', 859),
(4780, 'Olaya Herrera ', 859),
(4781, 'Ospina ', 859),
(4782, 'Francisco Pizarro ', 859),
(4783, 'Policarpa ', 859),
(4784, 'Potosi ', 859),
(4785, 'Providencia ', 859),
(4786, 'Puerres ', 859),
(4787, 'Pupiales ', 859),
(4788, 'Ricaurte ', 859),
(4789, 'Roberto Payan ', 859),
(4790, 'Samaniego ', 859),
(4791, 'Sandona ', 859),
(4792, 'San Bernardo ', 859),
(4793, 'San Lorenzo ', 859),
(4794, 'San Pablo ', 859),
(4795, 'San Pedro De Cartago ', 859),
(4796, 'Santa Barbara ', 859),
(4797, 'Santacruz ', 859),
(4798, 'Sapuyes ', 859),
(4799, 'Taminango ', 859),
(4800, 'Tangua ', 859),
(4801, 'Tumaco ', 859),
(4802, 'Tuquerres ', 859),
(4803, 'Yacuanquer ', 859),
(4804, 'Abrego ', 897),
(4805, 'Arboledas ', 897),
(4806, 'Bochalema ', 897),
(4807, 'Bucarasica ', 897),
(4808, 'Cacota ', 897),
(4809, 'Cachira ', 897),
(4810, 'Chinacota ', 897),
(4811, 'Chitaga ', 897),
(4812, 'Convencion ', 897),
(4813, 'Cucutilla ', 897),
(4814, 'Durania ', 897),
(4815, 'El Carmen ', 897),
(4816, 'El Tarra ', 897),
(4817, 'El Zulia ', 897),
(4818, 'Gramalote ', 897),
(4819, 'Hacari ', 897),
(4820, 'Herran ', 897),
(4821, 'Labateca ', 897),
(4822, 'La Esperanza ', 897),
(4823, 'La Playa ', 897),
(4824, 'Los Patios ', 897),
(4825, 'Lourdes ', 897),
(4826, 'Mutiscua ', 897),
(4827, 'Ocaña ', 897),
(4828, 'Pamplona ', 897),
(4829, 'Pamplonita ', 897),
(4830, 'Puerto Santander ', 897),
(4831, 'Ragonvalia ', 897),
(4832, 'Salazar ', 897),
(4833, 'San Calixto ', 897),
(4834, 'San Cayetano ', 897),
(4835, 'Santiago ', 897),
(4836, 'Sardinata ', 897),
(4837, 'Silos ', 897),
(4838, 'Teorama ', 897),
(4839, 'Tibu ', 897),
(4840, 'Toledo ', 897),
(4841, 'Villa Caro ', 897),
(4842, 'Villa Del Rosario ', 897),
(4843, 'Buenavista ', 1031),
(4844, 'Calarca ', 1031),
(4845, 'Circasia ', 1031),
(4846, 'Cordoba ', 1031),
(4847, 'Filandia ', 1031),
(4848, 'Genova ', 1031),
(4849, 'La Tebaida ', 1031),
(4850, 'Montenegro ', 1031),
(4851, 'Pijao ', 1031),
(4852, 'Quimbaya ', 1031),
(4853, 'Salento ', 1031),
(4854, 'Apia ', 1052),
(4855, 'Balboa ', 1052),
(4856, 'Belen De Umbria ', 1052),
(4857, 'Guatica ', 1052),
(4858, 'La Celia ', 1052),
(4859, 'La Virginia ', 1052),
(4860, 'Marsella ', 1052),
(4861, 'Mistrato ', 1052),
(4862, 'Pueblo Rico ', 1052),
(4863, 'Quinchia ', 1052),
(4864, 'Santa Rosa De Cabal ', 1052),
(4865, 'Santuario ', 1052),
(4866, 'Aguada ', 1100),
(4867, 'Albania ', 1100),
(4868, 'Aratoca ', 1100),
(4869, 'Barbosa ', 1100),
(4870, 'Barichara ', 1100),
(4871, 'Betulia ', 1100),
(4872, 'Bolivar ', 1100),
(4873, 'Cabrera ', 1100),
(4874, 'California ', 1100),
(4875, 'Capitanejo ', 1100),
(4876, 'Carcasi ', 1100),
(4877, 'Cepita ', 1100),
(4878, 'Cerrito ', 1100),
(4879, 'Charala ', 1100),
(4880, 'Charta ', 1100),
(4881, 'Chima ', 1100),
(4882, 'Chipata ', 1100),
(4883, 'Cimitarra ', 1100),
(4884, 'Concepcion ', 1100),
(4885, 'Confines ', 1100),
(4886, 'Contratacion ', 1100),
(4887, 'Coromoro ', 1100),
(4888, 'Curiti ', 1100),
(4889, 'El Carmen De Chucuri ', 1100),
(4890, 'El Guacamayo ', 1100),
(4891, 'El Peñon ', 1100),
(4892, 'El Playon ', 1100),
(4893, 'Encino ', 1100),
(4894, 'Enciso ', 1100),
(4895, 'Florian ', 1100),
(4896, 'Galan ', 1100),
(4897, 'Gambita ', 1100),
(4898, 'Guaca ', 1100),
(4899, 'Guadalupe ', 1100),
(4900, 'Guapota ', 1100),
(4901, 'Guavata ', 1100),
(4902, 'Güepsa ', 1100),
(4903, 'Hato ', 1100),
(4904, 'Jesus Maria ', 1100),
(4905, 'Jordan ', 1100),
(4906, 'La Belleza ', 1100),
(4907, 'Landazuri ', 1100),
(4908, 'La Paz ', 1100),
(4909, 'Lebrija ', 1100),
(4910, 'Los Santos ', 1100),
(4911, 'Macaravita ', 1100),
(4912, 'Malaga ', 1100),
(4913, 'Matanza ', 1100),
(4914, 'Mogotes ', 1100),
(4915, 'Molagavita ', 1100),
(4916, 'Ocamonte ', 1100),
(4917, 'Oiba ', 1100),
(4918, 'Onzaga ', 1100),
(4919, 'Palmar ', 1100),
(4920, 'Palmas Del Socorro ', 1100),
(4921, 'Paramo ', 1100),
(4922, 'Piedecuesta ', 1100),
(4923, 'Pinchote ', 1100),
(4924, 'Puente Nacional ', 1100),
(4925, 'Puerto Parra ', 1100),
(4926, 'Puerto Wilches ', 1100),
(4927, 'Rionegro ', 1100),
(4928, 'Sabana De Torres ', 1100),
(4929, 'San Andres ', 1100),
(4930, 'San Benito ', 1100),
(4931, 'San Gil ', 1100),
(4932, 'San Joaquin ', 1100),
(4933, 'San Jose De Miranda ', 1100),
(4934, 'San Miguel ', 1100),
(4935, 'San Vicente De Chucuri ', 1100),
(4936, 'Santa Barbara ', 1100),
(4937, 'Santa Helena Del Opon ', 1100),
(4938, 'Simacota ', 1100),
(4939, 'Socorro ', 1100),
(4940, 'Suaita ', 1100),
(4941, 'Sucre ', 1100),
(4942, 'Surata ', 1100),
(4943, 'Tona ', 1100),
(4944, 'Valle De San Jose ', 1100),
(4945, 'Velez ', 1100),
(4946, 'Vetas ', 1100),
(4947, 'Villanueva ', 1100),
(4948, 'Zapatoca ', 1100),
(4949, 'Buenavista ', 1182),
(4950, 'Caimito ', 1182),
(4951, 'Coloso ', 1182),
(4952, 'Corozal ', 1182),
(4953, 'Chalan ', 1182),
(4954, 'El Roble ', 1182),
(4955, 'Galeras ', 1182),
(4956, 'Guaranda ', 1182),
(4957, 'La Union ', 1182),
(4958, 'Los Palmitos ', 1182),
(4959, 'Majagual ', 1182),
(4960, 'Morroa ', 1182),
(4961, 'Ovejas ', 1182),
(4962, 'Palmito ', 1182),
(4963, 'Sampues ', 1182),
(4964, 'San Benito Abad ', 1182),
(4965, 'San Juan De Betulia ', 1182),
(4966, 'San Marcos ', 1182),
(4967, 'San Onofre ', 1182),
(4968, 'San Pedro ', 1182),
(4969, 'Since ', 1182),
(4970, 'Sucre ', 1182),
(4971, 'Santiago De Tolu ', 1182),
(4972, 'Toluviejo ', 1182),
(4973, '', 1261),
(4974, 'Alvarado', 1261),
(4975, 'Ambalema', 1261),
(4976, 'Anzoategui', 1261),
(4977, 'Armero', 1261),
(4978, 'Ataco', 1261),
(4979, 'Cajamarca', 1261),
(4980, 'Carmen De Apicala', 1261),
(4981, 'Casabianca', 1261),
(4982, 'Chaparral', 1261),
(4983, 'Coello', 1261),
(4984, 'Coyaima', 1261),
(4985, 'Cunday', 1261),
(4986, 'Dolores', 1261),
(4987, 'Espinal', 1261),
(4988, 'Falan', 1261),
(4989, 'Flandes', 1261),
(4990, 'Fresno', 1261),
(4991, 'Guamo', 1261),
(4992, 'Herveo', 1261),
(4993, 'Honda', 1261),
(4994, 'Icononzo', 1261),
(4995, 'Lerida', 1261),
(4996, 'Libano', 1261),
(4997, 'Mariquita', 1261),
(4998, 'Melgar', 1261),
(4999, 'Murillo', 1261),
(5000, 'Natagaima', 1261),
(5001, 'Ortega', 1261),
(5002, 'Palocabildo', 1261),
(5003, 'Piedras', 1261),
(5004, 'Planadas', 1261),
(5005, 'Prado', 1261),
(5006, 'Purificacion', 1261),
(5007, 'Rioblanco', 1261),
(5008, 'Roncesvalles', 1261),
(5009, 'Rovira', 1261),
(5010, 'Saldaña', 1261),
(5011, 'San Antonio', 1261),
(5012, 'San Luis', 1261),
(5013, 'Santa Isabel', 1261),
(5014, 'Suarez', 1261),
(5015, 'Valle De San Juan', 1261),
(5016, 'Venadillo', 1261),
(5017, 'Villahermosa', 1261),
(5018, 'Villarrica', 1261),
(5019, 'Alcala ', 1307),
(5020, 'Andalucia ', 1307),
(5021, 'Ansermanuevo ', 1307),
(5022, 'Argelia ', 1307),
(5023, 'Bolivar ', 1307),
(5024, 'Guadalajara De Buga ', 1307),
(5025, 'Bugalagrande ', 1307),
(5026, 'Caicedonia ', 1307),
(5027, 'Calima ', 1307),
(5028, 'Candelaria ', 1307),
(5029, 'Dagua ', 1307),
(5030, 'El Aguila ', 1307),
(5031, 'El Cairo ', 1307),
(5032, 'El Cerrito ', 1307),
(5033, 'El Dovio ', 1307),
(5034, 'Florida ', 1307),
(5035, 'Ginebra ', 1307),
(5036, 'Guacari ', 1307),
(5037, 'Jamundi ', 1307),
(5038, 'La Cumbre ', 1307),
(5039, 'La Union ', 1307),
(5040, 'La Victoria ', 1307),
(5041, 'Obando ', 1307),
(5042, 'Pradera ', 1307),
(5043, 'Restrepo ', 1307),
(5044, 'Riofrio ', 1307),
(5045, 'Roldanillo ', 1307),
(5046, 'San Pedro ', 1307),
(5047, 'Sevilla ', 1307),
(5048, 'Toro ', 1307),
(5049, 'Trujillo ', 1307),
(5050, 'Ulloa ', 1307),
(5051, 'Versalles ', 1307),
(5052, 'Vijes ', 1307),
(5053, 'Yotoco ', 1307),
(5054, 'Yumbo ', 1307),
(5055, 'Zarzal ', 1307),
(5056, 'Quibdo ', 1413),
(5057, 'Acandi ', 1413),
(5058, 'Alto Baudo ', 1413),
(5059, 'Atrato ', 1413),
(5060, 'Bagado ', 1413),
(5061, 'Bahia Solano ', 1413),
(5062, 'Bajo Baudo ', 1413),
(5063, 'Belen De Bajira ', 1413),
(5064, 'Bojaya ', 1413),
(5065, 'El Canton Del San Pablo ', 1413),
(5066, 'Carmen Del Darien ', 1413),
(5067, 'Certegui ', 1413),
(5068, 'Condoto ', 1413),
(5069, 'El Carmen De Atrato ', 1413),
(5070, 'El Litoral Del San Juan ', 1413),
(5071, 'Istmina ', 1413),
(5072, 'Jurado ', 1413),
(5073, 'Lloro ', 1413),
(5074, 'Medio Atrato ', 1413),
(5075, 'Medio Baudo ', 1413),
(5076, 'Medio San Juan ', 1413),
(5077, 'Novita ', 1413),
(5078, 'Nuqui ', 1413),
(5079, 'Rio Iro ', 1413),
(5080, 'Rio Quito ', 1413),
(5081, 'Riosucio ', 1413),
(5082, 'San Jose Del Palmar ', 1413),
(5083, 'Sipi ', 1413),
(5084, 'Tado ', 1413),
(5085, 'Unguia ', 1413),
(5086, 'Union Panamericana ', 1413),
(5087, 'Arauca ', 1414),
(5088, 'Arauquita ', 1414),
(5089, 'Cravo Norte ', 1414),
(5090, 'Fortul ', 1414),
(5091, 'Puerto Rondon ', 1414),
(5092, 'Saravena ', 1414),
(5093, 'Tame ', 1414),
(5094, 'Yopal ', 1415),
(5095, 'Aguazul ', 1415),
(5096, 'Chameza ', 1415),
(5097, 'Hato Corozal ', 1415),
(5098, 'La Salina ', 1415),
(5099, 'Mani ', 1415),
(5100, 'Monterrey ', 1415),
(5101, 'Nunchia ', 1415),
(5102, 'Orocue ', 1415),
(5103, 'Paz De Ariporo ', 1415),
(5104, 'Pore ', 1415),
(5105, 'Recetor ', 1415),
(5106, 'Sabanalarga ', 1415),
(5107, 'Sacama ', 1415),
(5108, 'San Luis De Palenque ', 1415),
(5109, 'Tamara ', 1415),
(5110, 'Tauramena ', 1415),
(5111, 'Trinidad ', 1415),
(5112, 'Villanueva ', 1415),
(5113, 'Mocoa ', 1416),
(5114, 'Colon ', 1416),
(5115, 'Orito ', 1416),
(5116, 'Puerto Asis ', 1416),
(5117, 'Puerto Caicedo ', 1416),
(5118, 'Puerto Guzman ', 1416),
(5119, 'Leguizamo ', 1416),
(5120, 'Sibundoy ', 1416),
(5121, 'San Francisco ', 1416),
(5122, 'San Miguel ', 1416),
(5123, 'Santiago ', 1416),
(5124, 'Valle Del Guamuez ', 1416),
(5125, 'Villagarzon ', 1416),
(5126, 'San Andres 1 ', 1417),
(5127, 'Providencia ', 1417),
(5128, 'Leticia ', 1418),
(5129, 'El Encanto ', 1418),
(5130, 'La Chorrera ', 1418),
(5131, 'La Pedrera ', 1418),
(5132, 'La Victoria ', 1418),
(5133, 'Miriti - Parana ', 1418),
(5134, 'Puerto Alegria ', 1418),
(5135, 'Puerto Arica ', 1418),
(5136, 'Puerto Nariño ', 1418),
(5137, 'Puerto Santander ', 1418),
(5138, 'Tarapaca ', 1418),
(5139, 'Inirida ', 1419),
(5140, 'Barranco Minas ', 1419),
(5141, 'Mapiripana ', 1419),
(5142, 'San Felipe ', 1419),
(5143, 'Puerto Colombia ', 1419),
(5144, 'La Guadalupe ', 1419),
(5145, 'Cacahual ', 1419),
(5146, 'Pana Pana ', 1419),
(5147, 'Morichal ', 1419),
(5148, 'Queens', 875);

-- --------------------------------------------------------

--
-- Estructura de tabla para la tabla `tb_pais`
--

CREATE TABLE `tb_pais` (
  `pais_codi` char(3) COLLATE utf8_spanish_ci NOT NULL COMMENT 'Codigo del pais',
  `pais_nomb` varchar(52) COLLATE utf8_spanish_ci NOT NULL COMMENT 'Nombre del pais',
  `pais_capi` int(10) UNSIGNED NOT NULL COMMENT 'Nacionalidad del pais'
) ENGINE=MyISAM DEFAULT CHARSET=utf8 COLLATE=utf8_spanish_ci COMMENT='Se almacena la informacion de los paises';

--
-- Volcado de datos para la tabla `tb_pais`
--

INSERT INTO `tb_pais` (`pais_codi`, `pais_nomb`, `pais_capi`) VALUES
('ABW', 'Aruba', 129),
('AFG', 'Afghanistan', 1),
('AGO', 'Angola', 56),
('AIA', 'Anguilla', 62),
('ALB', 'Albania', 34),
('AND', 'Andorra', 55),
('ANT', 'Netherlands Antilles', 33),
('ARE', 'United Arab Emirates', 65),
('ARG', 'Argentina', 69),
('ARM', 'Armenia', 126),
('ASM', 'American Samoa', 54),
('ATA', 'Antarctica', 0),
('ATF', 'French Southern territories', 0),
('ATG', 'Antigua and Barbuda', 63),
('AUS', 'Australia', 135),
('AUT', 'Austria', 1523),
('AZE', 'Azerbaijan', 144),
('BDI', 'Burundi', 552),
('BEL', 'Belgium', 179),
('BEN', 'Benin', 187),
('BFA', 'Burkina Faso', 549),
('BGD', 'Bangladesh', 150),
('BGR', 'Bulgaria', 539),
('BHR', 'Bahrain', 149),
('BHS', 'Bahamas', 148),
('BIH', 'Bosnia and Herzegovina', 201),
('BLR', 'Belarus', 3520),
('BLZ', 'Belize', 185),
('BMU', 'Bermuda', 191),
('BOL', 'Bolivia', 194),
('BRA', 'Brazil', 211),
('BRB', 'Barbados', 174),
('BRN', 'Brunei', 538),
('BTN', 'Bhutan', 192),
('BVT', 'Bouvet Island', 0),
('BWA', 'Botswana', 204),
('CAF', 'Central African Republic', 1889),
('CAN', 'Canada', 1822),
('CCK', 'Cocos (Keeling) Islands', 2317),
('CHE', 'Switzerland', 3248),
('CHL', 'Chile', 554),
('CHN', 'China', 1891),
('CIV', 'Côte d’Ivoire', 2814),
('CMR', 'Cameroon', 1804),
('COD', 'Congo, The Democratic Republic of the', 2298),
('COG', 'Congo', 2296),
('COK', 'Cook Islands', 583),
('COL', 'Colombia', 2257),
('COM', 'Comoros', 2295),
('CPV', 'Cape Verde', 1859),
('CRI', 'Costa Rica', 584),
('CUB', 'Cuba', 2413),
('CXR', 'Christmas Island', 1791),
('CYM', 'Cayman Islands', 553),
('CYP', 'Cyprus', 2430),
('CZE', 'Czech Republic', 3339),
('DEU', 'Germany', 3068),
('DJI', 'Djibouti', 585),
('DMA', 'Dominica', 586),
('DNK', 'Denmark', 3315),
('DOM', 'Dominican Republic', 587),
('DZA', 'Algeria', 35),
('ECU', 'Ecuador', 594),
('EGY', 'Egypt', 608),
('ERI', 'Eritrea', 652),
('ESH', 'Western Sahara', 2453),
('ESP', 'Spain', 653),
('EST', 'Estonia', 3791),
('ETH', 'Ethiopia', 756),
('FIN', 'Finland', 3236),
('FJI', 'Fiji Islands', 764),
('FLK', 'Falkland Islands', 763),
('FRA', 'France', 2974),
('FRO', 'Faroe Islands', 901),
('FSM', 'Micronesia, Federated States of', 2689),
('GAB', 'Gabon', 902),
('GBR', 'United Kingdom', 456),
('GEO', 'Georgia', 905),
('GHA', 'Ghana', 910),
('GIB', 'Gibraltar', 915),
('GIN', 'Guinea', 926),
('GLP', 'Guadeloupe', 919),
('GMB', 'Gambia', 904),
('GNB', 'Guinea-Bissau', 927),
('GNQ', 'Equatorial Guinea', 2972),
('GRC', 'Greece', 2401),
('GRD', 'Grenada', 916),
('GRL', 'Greenland', 917),
('GTM', 'Guatemala', 922),
('GUF', 'French Guiana', 3014),
('GUM', 'Guam', 921),
('GUY', 'Guyana', 928),
('HKG', 'Hong Kong', 937),
('HMD', 'Heard Island and McDonald Islands', 0),
('HND', 'Honduras', 933),
('HRV', 'Croatia', 2409),
('HTI', 'Haiti', 929),
('HUN', 'Hungary', 3483),
('IDN', 'Indonesia', 939),
('IND', 'India', 1109),
('IOT', 'British Indian Ocean Territory', 0),
('IRL', 'Ireland', 1447),
('IRN', 'Iran', 1380),
('IRQ', 'Iraq', 1365),
('ISL', 'Iceland', 1449),
('ISR', 'Israel', 1450),
('ITA', 'Italy', 1464),
('JAM', 'Jamaica', 1530),
('JOR', 'Jordan', 1786),
('JPN', 'Japan', 1532),
('KAZ', 'Kazakstan', 1864),
('KEN', 'Kenya', 1881),
('KGZ', 'Kyrgyzstan', 2253),
('KHM', 'Cambodia', 1800),
('KIR', 'Kiribati', 2256),
('KNA', 'Saint Kitts and Nevis', 3064),
('KOR', 'South Korea', 2331),
('KWT', 'Kuwait', 2429),
('LAO', 'Laos', 2432),
('LBN', 'Lebanon', 2438),
('LBR', 'Liberia', 2440),
('LBY', 'Libyan Arab Jamahiriya', 2441),
('LCA', 'Saint Lucia', 3065),
('LIE', 'Liechtenstein', 2446),
('LKA', 'Sri Lanka', 3217),
('LSO', 'Lesotho', 2437),
('LTU', 'Lithuania', 2447),
('LUX', 'Luxembourg', 2452),
('LVA', 'Latvia', 2434),
('MAC', 'Macao', 2454),
('MAR', 'Morocco', 2486),
('MCO', 'Monaco', 2695),
('MDA', 'Moldova', 2690),
('MDG', 'Madagascar', 2455),
('MDV', 'Maldives', 2463),
('MEX', 'Mexico', 2515),
('MHL', 'Marshall Islands', 2507),
('MKD', 'Macedonia', 2460),
('MLI', 'Mali', 2482),
('MLT', 'Malta', 2484),
('MMR', 'Myanmar', 2710),
('MNG', 'Mongolia', 2696),
('MNP', 'Northern Mariana Islands', 2913),
('MOZ', 'Mozambique', 2698),
('MRT', 'Mauritania', 2509),
('MSR', 'Montserrat', 2697),
('MTQ', 'Martinique', 2508),
('MUS', 'Mauritius', 2511),
('MWI', 'Malawi', 2462),
('MYS', 'Malaysia', 2464),
('MYT', 'Mayotte', 2514),
('NAM', 'Namibia', 2726),
('NCL', 'New Caledonia', 3493),
('NER', 'Niger', 2738),
('NFK', 'Norfolk Island', 2806),
('NGA', 'Nigeria', 2754),
('NIC', 'Nicaragua', 2734),
('NIU', 'Niue', 2805),
('NLD', 'Netherlands', 5),
('NOR', 'Norway', 2807),
('NPL', 'Nepal', 2729),
('NRU', 'Nauru', 2728),
('NZL', 'New Zealand', 3499),
('OMN', 'Oman', 2821),
('PAK', 'Pakistan', 2831),
('PAN', 'Panama', 2882),
('PCN', 'Pitcairn', 2912),
('PER', 'Peru', 2890),
('PHL', 'Philippines', 766),
('PLW', 'Palau', 2881),
('PNG', 'Papua New Guinea', 2884),
('POL', 'Poland', 2928),
('PRI', 'Puerto Rico', 2919),
('PRK', 'North Korea', 2318),
('PRT', 'Portugal', 2914),
('PRY', 'Paraguay', 2885),
('PSE', 'Palestine', 4074),
('PYF', 'French Polynesia', 3016),
('QAT', 'Qatar', 2973),
('REU', 'Réunion', 3017),
('ROM', 'Romania', 3018),
('RUS', 'Russian Federation', 3580),
('RWA', 'Rwanda', 3047),
('SAU', 'Saudi Arabia', 3173),
('SDN', 'Sudan', 3225),
('SEN', 'Senegal', 3198),
('SGP', 'Singapore', 3208),
('SGS', 'South Georgia and the South Sandwich Islands', 0),
('SHN', 'Saint Helena', 3063),
('SJM', 'Svalbard and Jan Mayen', 938),
('SLB', 'Solomon Islands', 3161),
('SLE', 'Sierra Leone', 3207),
('SLV', 'El Salvador', 645),
('SMR', 'San Marino', 3171),
('SOM', 'Somalia', 3214),
('SPM', 'Saint Pierre and Miquelon', 3067),
('STP', 'Sao Tome and Principe', 3172),
('SUR', 'Suriname', 3243),
('SVK', 'Slovakia', 3209),
('SVN', 'Slovenia', 3212),
('SWE', 'Sweden', 3048),
('SWZ', 'Swaziland', 3244),
('SYC', 'Seychelles', 3206),
('SYR', 'Syria', 3250),
('TCA', 'Turks and Caicos Islands', 3423),
('TCD', 'Chad', 3337),
('TGO', 'Togo', 3332),
('THA', 'Thailand', 3320),
('TJK', 'Tajikistan', 3261),
('TKL', 'Tokelau', 3333),
('TKM', 'Turkmenistan', 3419),
('TMP', 'East Timor', 1522),
('TON', 'Tonga', 3334),
('TTO', 'Trinidad and Tobago', 3336),
('TUN', 'Tunisia', 3349),
('TUR', 'Turkey', 3358),
('TUV', 'Tuvalu', 3424),
('TWN', 'Taiwan', 3263),
('TZA', 'Tanzania', 3306),
('UGA', 'Uganda', 3425),
('UKR', 'Ukraine', 3426),
('UMI', 'United States Minor Outlying Islands', 0),
('URY', 'Uruguay', 3492),
('USA', 'United States', 3813),
('UZB', 'Uzbekistan', 3503),
('VAT', 'Holy See (Vatican City State)', 3538),
('VCT', 'Saint Vincent and the Grenadines', 3066),
('VEN', 'Venezuela', 3539),
('VGB', 'Virgin Islands, British', 537),
('VIR', 'Virgin Islands, U.S.', 4067),
('VNM', 'Vietnam', 3770),
('VUT', 'Vanuatu', 3537),
('WLF', 'Wallis and Futuna', 3536),
('WSM', 'Samoa', 3169),
('YEM', 'Yemen', 1780),
('YUG', 'Yugoslavia', 1792),
('ZAF', 'South Africa', 716),
('ZMB', 'Zambia', 3162),
('ZWE', 'Zimbabwe', 4068);

-- --------------------------------------------------------

--
-- Estructura de tabla para la tabla `tb_persona`
--

CREATE TABLE `tb_persona` (
  `perso_codi` bigint(20) UNSIGNED NOT NULL,
  `perso_nomb` varchar(30) COLLATE utf8_spanish_ci NOT NULL COMMENT 'Nombre del acudiente',
  `perso_apel` varchar(15) COLLATE utf8_spanish_ci NOT NULL COMMENT 'Apellido del acudiente',
  `perso_apel_2` varchar(15) COLLATE utf8_spanish_ci NOT NULL COMMENT 'Segundo apellido del acudiente',
  `esta_civi_codi` tinyint(3) UNSIGNED NOT NULL COMMENT 'Tipo de estado civil del acudiente',
  `docu_codi` int(10) UNSIGNED NOT NULL COMMENT 'Codigo del tipo del documento que tiene el acudiente',
  `muni_codi_expe` int(10) UNSIGNED NOT NULL COMMENT 'Codigo del municipio en el que expidio el documento',
  `barr_codi` int(10) UNSIGNED NOT NULL COMMENT 'Codigo del barrio donde vive el acudiente',
  `perso_dire` varchar(70) COLLATE utf8_spanish_ci NOT NULL COMMENT 'Direccion donde reside el acudiente',
  `perso_tele_casa` int(10) UNSIGNED DEFAULT NULL COMMENT 'Numero telefonico del acudiente',
  `perso_tele_ofic` int(10) UNSIGNED NOT NULL COMMENT 'Telefono de la oficina del acudiente',
  `perso_celu` bigint(20) UNSIGNED NOT NULL COMMENT 'Celular del acudiente',
  `perso_mail` varchar(80) COLLATE utf8_spanish_ci NOT NULL COMMENT 'Email del acudiente',
  `ocup_codi` varchar(70) COLLATE utf8_spanish_ci NOT NULL COMMENT 'Profesion del acudiente',
  `gene_codi` int(10) UNSIGNED NOT NULL COMMENT 'Genero del acudiente',
  `sang_codi` tinyint(2) NOT NULL
) ENGINE=MyISAM DEFAULT CHARSET=utf8 COLLATE=utf8_spanish_ci COMMENT='Se almacena la informacion de las persona';

--
-- Volcado de datos para la tabla `tb_persona`
--

INSERT INTO `tb_persona` (`perso_codi`, `perso_nomb`, `perso_apel`, `perso_apel_2`, `esta_civi_codi`, `docu_codi`, `muni_codi_expe`, `barr_codi`, `perso_dire`, `perso_tele_casa`, `perso_tele_ofic`, `perso_celu`, `perso_mail`, `ocup_codi`, `gene_codi`, `sang_codi`) VALUES
(100000001, 'Juan Carlos', 'Ochoa', 'Castro', 1, 3, 2258, 368, '', 0, 0, 0, 'Juan Carlos.Ochoa1@hotmail.com', 'Contador Publico', 1, 0),
(100000002, 'Soley Sdriana', 'Ortiz', 'Motta', 1, 3, 5028, 368, '', 0, 0, 0, 'Soley Sdriana.Ortiz1@hotmail.com', 'Administración de Empresas', 2, 0),
(100000003, 'Luis Carlos', 'Dominguez', 'Tenorio', 1, 3, 2258, 295, '', 0, 0, 0, 'Luis Carlos.Dominguez1@hotmail.com', '1', 1, 0),
(100000004, 'Liliana', 'Mejia', 'Leon', 1, 3, 5055, 295, '', 0, 0, 0, 'Liliana.Mejia1@hotmail.com', 'administadora de empresas', 2, 0),
(100000005, 'Jose Ricaute', 'Ruiz', 'Delgado', 1, 3, 2285, 269, '', 0, 0, 0, 'Jose Ricaute.Ruiz1@yahoo.com', 'empleado', 1, 0),
(100000006, 'Barbara', 'Quintero', 'Renza', 1, 3, 2258, 269, '', 0, 0, 0, 'Barbara.Quintero1@cvc.gov.co', 'empleada', 2, 0),
(100000007, 'Walter Alirio', 'Gomez', 'Cuervo', 1, 3, 2258, 38, '', 0, 0, 0, 'Walter Alirio.Gomez1@hotmail.com', 'Ingeniero Industrial', 1, 0),
(100000008, 'Rosalia', 'Muñoz', 'Bermudez', 1, 3, 2258, 38, '', 0, 0, 0, 'Rosalia.Muñoz1@hotmail.com', 'Hogar', 2, 0),
(100000009, 'Alexander', 'Delgado', 'Loaiza', 1, 3, 5037, 297, '', 0, 0, 0, 'Alexander.Delgado1@noel.com.co', 'Administrador', 1, 0),
(100000010, 'Jazli', 'Caicedo', 'Villota', 1, 3, 2258, 297, '', 0, 0, 0, 'Jazli.Caicedo1@carvajal.com', 'Contadora ', 2, 0),
(100000011, 'Ivan Alberto', 'Fernandez', 'Arango', 3, 3, 2257, 318, '', 0, 0, 0, 'Ivan Alberto.Fernandez1@yahoo.com', 'ortodoncista', 1, 0),
(100000012, 'Martha Leticia', 'Garcia', 'Saavedra', 3, 3, 2257, 271, '', 0, 0, 0, 'Martha Leticia.Garcia1@yahoo.com', '1', 2, 0),
(100000013, 'German', 'Duque', 'Angel', 1, 3, 2278, 360, '', 0, 0, 0, 'German.Duque1@hotmail.com', 'Administrador', 1, 0),
(100000014, 'Luz Angela', 'Leon', 'Bedoya', 1, 3, 2258, 360, '', 0, 0, 0, 'Luz Angela.Leon1@hotmail.com', 'HOGAR', 2, 0),
(100000015, 'Juan Carlos ', 'Ramirez', 'Diez', 1, 3, 2258, 368, '', 0, 0, 0, 'Juan Carlos .Ramirez1@hotmail.com', 'comerciante', 1, 0),
(100000016, 'Sandra Viviana', 'Gomez', 'Delgado', 1, 3, 2269, 368, '', 0, 0, 0, 'Sandra Viviana.Gomez1@hotmail.com', 'hogar', 2, 0),
(100000017, 'Jairo William ', 'Martinez', 'Cardona', 1, 3, 2258, 297, '', 0, 0, 0, 'Jairo William .Martinez1@marsh.com', 'Ingeniero de Sistemas', 1, 0),
(100000018, 'Maria Fernanda', 'Vera', 'Guzman', 1, 3, 2258, 297, '', 0, 0, 0, 'Maria Fernanda.Vera1@hotmail.com', 'Abogada', 2, 0),
(100000019, 'Juan Felipe', 'Rodriguez', 'Grisales', 1, 3, 2258, 268, '', 0, 0, 0, 'Juan Felipe.Rodriguez1@hotmail.com', 'empleado', 1, 0),
(100000020, 'Angela Maria', 'Orozco', 'Medina', 1, 3, 2258, 268, '', 0, 0, 0, 'Angela Maria.Orozco1@hotmail.com', 'empleada', 2, 0),
(100000021, 'Gerardo Herney', 'Paz', 'Mahecha', 1, 3, 2258, 264, '', 0, 0, 0, 'Gerardo Herney.Paz1@gmail.com', 'Médico Radiologo', 1, 0),
(100000022, 'Isabel', 'Silva', 'Montealegre', 1, 3, 2291, 264, '', 0, 0, 0, 'Isabel.Silva1@gmail.com', '1', 2, 0),
(100000023, 'Jorge', 'Malagon', 'Guillen', 1, 3, 2257, 360, '', 0, 0, 0, 'Jorge.Malagon1@gmail.com', 'Empleado ', 1, 0),
(100000024, 'Lisbeth Del Carmen ', 'Guerrero', 'Piñeres', 1, 3, 2261, 360, '', 0, 0, 0, 'Lisbeth Del Carmen .Guerrero1@hotmail.com', 'estudiante de Derecho ', 2, 0),
(100000025, 'Rene Alberto', 'Espinosa', 'Marsiglia', 1, 3, 2258, 360, '', 0, 0, 0, 'Rene Alberto.Espinosa1@hotmail.com', 'Anestesiologo Intensivista', 1, 0),
(100000026, 'Alejandra Maria', 'Salazar', 'Escobar', 1, 3, 2267, 360, '', 0, 0, 0, 'Alejandra Maria.Salazar1@hotmail.com', 'enfermera', 2, 0),
(100000027, 'Helmer Eduardo', 'Payan', 'Duque', 1, 3, 2258, 254, '', 0, 0, 0, 'Helmer Eduardo.Payan1@payan.com.co', 'administrador de empresas', 1, 0),
(100000028, 'Paola Andrea', 'Salazar', 'Rios', 3, 3, 2258, 277, '', 0, 0, 0, 'Paola Andrea.Salazar1@hotmail.com', 'Comerciante', 2, 0),
(100000029, 'Oscar Alberto', 'Valencia', 'Perdomo', 3, 3, 2258, 368, '', 0, 0, 0, 'Oscar Alberto.Valencia1@msn.com', '1', 1, 0),
(100000030, 'Claudia Patricia', 'Parra', 'Vallejo', 3, 3, 2258, 263, '', 0, 0, 0, 'Claudia Patricia.Parra1@hotmail.com', '0', 2, 0),
(100000031, 'Juan Carlos', 'Muñoz', 'Rodriguez', 1, 3, 2258, 360, '', 0, 0, 0, 'Juan Carlos.Muñoz1@hotmail.com', '0', 1, 0),
(100000032, 'Adriana', 'Santacoloma', 'Hoyos', 1, 3, 2258, 360, '', 0, 0, 0, 'Adriana.Santacoloma1@hotmail.com', 'empleada', 2, 0),
(100000033, 'Dagoberto', 'Lerma', 'Nuñez', 2, 3, 2279, 258, '', 0, 0, 0, 'Dagoberto.Lerma1@hotmail.com', 'EMPLEADO', 1, 0),
(100000034, 'Obdulia', 'Mosquera', 'Murillo', 2, 3, 2279, 258, '', 0, 0, 0, 'Obdulia.Mosquera1@telecom.com.co', 'Gerente', 2, 0),
(100000035, 'Simon Pedro', 'Molina', 'Castañeda', 1, 3, 4724, 368, '', 0, 0, 0, 'Simon Pedro.Molina1@hotmail.com', 'Agricultor', 1, 0),
(100000036, 'Marilisbeth', 'Espinal', 'Gomez', 1, 3, 2285, 368, '', 0, 0, 0, 'Marilisbeth.Espinal1@hotmail.com', 'Asistente y laboratorista dental', 2, 0),
(100000037, 'Wiliam Hernan', 'Velasco', '.', 1, 3, 2258, 251, '', 0, 0, 0, 'Wiliam Hernan.Velasco1@gmail.com', 'ingeniero', 1, 0),
(100000038, 'Mariela', 'Sanchez', 'Rodriguez', 1, 3, 2258, 251, '', 0, 0, 0, 'Mariela.Sanchez1@yahoo.es', 'DOCENTE', 2, 0),
(100000039, 'Hugo', 'Daza', 'Viera', 1, 3, 2258, 26, '', 0, 0, 0, 'Hugo.Daza1@hotmail.com', '1', 1, 0),
(100000040, 'Denice', 'Bolaños', 'Valencia', 1, 3, 2278, 26, '', 0, 0, 0, 'Denice.Bolaños1@hotmail.com', 'ASESORA DE MERCADEO', 2, 0),
(100000041, 'Fernando Augusto', 'Prada ', 'Morales', 1, 3, 2257, 317, '', 0, 0, 0, 'Fernando Augusto.Prada 1@hotmail.com', '2', 1, 0),
(100000042, 'Carmen Yadyra', 'Moreno', 'Gomez', 1, 3, 2293, 317, '', 0, 0, 0, 'Carmen Yadyra.Moreno1@hotmail.com', 'odontologa', 2, 0),
(100000043, 'Camilo Augusto', 'Cañas', 'Giraldo', 3, 3, 4632, 360, '', 0, 0, 0, 'Camilo Augusto.Cañas1@yahoo.es', 'medico', 1, 0),
(100000044, 'Diana', 'Patricia', 'Leyes Castro', 3, 3, 2258, 360, '', 0, 0, 0, 'Diana.Patricia1@hotmail.com', 'medico', 2, 0),
(100000045, 'Orlando', 'Erazo', 'Montenegro', 1, 3, 2258, 321, '', 0, 0, 0, 'Orlando.Erazo1@hotmail.com', 'comerciante', 1, 0),
(100000046, 'Beatriz Liliana', 'Colina ', 'Lombana', 1, 3, 2258, 321, '', 0, 0, 0, 'Beatriz Liliana.Colina 1@hotmail.com', 'administra', 2, 0),
(100000047, 'Jose Luis', 'Calero', 'Tascon', 1, 3, 5035, 368, '', 0, 0, 0, 'Jose Luis.Calero1@hotmail.com', 'Administrador de empresas ', 1, 0),
(100000048, 'Isabel Cristina', 'Hoyos', 'Salamanca', 1, 3, 2278, 368, '', 0, 0, 0, 'Isabel Cristina.Hoyos1@hotmail.com', 'psicologa', 2, 0),
(100000049, 'Henry', 'Gómez', 'Martinez', 5, 3, 2258, 318, '', 0, 0, 0, 'Henry.Gómez1@hotmail.com', 'GERENTE', 1, 0),
(100000050, 'Sandra Milena', 'Reyes', 'Castaño', 5, 3, 2258, 318, '', 0, 0, 0, 'Sandra Milena.Reyes1@hotmail.com', 'SUBGERENTE', 2, 0),
(100000051, 'Julián', 'Buenaventura', 'Cobo', 1, 3, 2258, 361, '', 0, 0, 0, 'Julián.Buenaventura1@gmail.com', 'Administrador de Empresas', 1, 0),
(100000052, 'Claudia Patricia', 'Aguilar', 'Chaves', 1, 3, 2258, 361, '', 0, 0, 0, 'Claudia Patricia.Aguilar1@hotmail.com', 'Asesora de Imagen de Victorinox Colombia', 2, 0),
(100000053, 'Jair', 'Garcia', 'Vela', 1, 3, 2258, 360, '', 0, 0, 0, 'Jair.Garcia1@hotmail.com', 'Independiente', 1, 0),
(100000054, 'Armida', 'Garcia', 'Bernal', 1, 3, 2258, 360, '', 0, 0, 0, 'Armida.Garcia1@hotmail.com', 'Independiente', 2, 0),
(100000055, 'Jose Jesus', 'Ruiz', 'Echeverry', 1, 3, 2258, 363, '', 0, 0, 0, 'Jose Jesus.Ruiz1@gmail.com', 'director de seguridad', 1, 0),
(100000056, 'Luz Stella', 'Hernandez', 'Riveros', 1, 3, 2281, 363, '', 0, 0, 0, 'Luz Stella.Hernandez1@hotmail.com', 'ama de casa', 2, 0),
(100000057, 'Alejandro', 'Lopez', 'Saavedra', 2, 3, 2278, 361, '', 0, 0, 0, 'Alejandro.Lopez1@hotmail.com', 'Ascesor', 1, 0),
(100000058, 'Viviana Andrea', 'Zuluaga', 'Espinosa', 2, 3, 2258, 360, '', 0, 0, 0, 'Viviana Andrea.Zuluaga1@hotmail.com', '1', 2, 0),
(100000059, 'Jesus Alberto', 'Bolaños', 'Segura', 1, 3, 2258, 262, '', 0, 0, 0, 'Jesus Alberto.Bolaños1@hotmail.com', 'ingeniero de sistemas', 1, 0),
(100000060, 'Xiomara', 'Castillo', 'Feria', 1, 3, 2279, 262, '', 0, 0, 0, 'Xiomara.Castillo1@gmail.com', 'ingeniero de sistemas', 2, 0),
(100000061, 'Hector Eduardo', 'Ortiz', 'Lozano', 5, 3, 2258, 260, '', 0, 0, 0, 'Hector Eduardo.Ortiz1@hotmail.com', 'Comerciante', 1, 0),
(100000062, 'Leidy Dahana', 'Fajardo', 'Velazque', 5, 3, 2258, 260, '', 0, 0, 0, 'Leidy Dahana.Fajardo1@hotmail.com', 'Comerciante', 2, 0),
(100000063, 'Alexandro', 'Niño', 'Ruano', 1, 3, 2282, 261, '', 0, 0, 0, 'Alexandro.Niño1@hotmail.com', 'Docente', 1, 0),
(100000064, 'Gloria Ximena', 'Adrada', 'Gutiérrez', 1, 3, 2282, 261, '', 0, 0, 0, 'Gloria Ximena.Adrada1@hotmail.com', 'Odontologa', 2, 0),
(100000065, 'Juan', 'Salazar', 'Saavedra', 1, 3, 2258, 368, '', 0, 0, 0, 'Juan.Salazar1@hotmail.com', 'odontologo', 1, 0),
(100000066, 'Silvia', 'Vacca', 'Jaramillo', 1, 3, 2258, 368, '', 0, 0, 0, 'Silvia.Vacca1@hotmail.com', 'ama de casa', 2, 0),
(100000067, 'Oscar Alfredo', 'Lozano', 'Izquierdo', 1, 3, 2258, 47, '', 0, 0, 0, 'Oscar Alfredo.Lozano1@hotmail.com', 'abogado', 1, 0),
(100000068, 'Sandra Lorena', 'Castillo', 'Barona', 1, 3, 2258, 47, '', 0, 0, 0, 'Sandra Lorena.Castillo1@hotmail.com', 'abogada', 2, 0),
(100000069, 'Alexander', 'Muñoz', 'Campo', 1, 3, 5037, 368, '', 0, 0, 0, 'Alexander.Muñoz1@distrimas.com.co', 'Gerente Comercial Nacional', 1, 0),
(100000070, 'Ana Karina', 'Caicedo', 'Soto', 1, 3, 2258, 368, '', 0, 0, 0, 'Ana Karina.Caicedo1@distrimas.com.co', 'Coordinadora de Administracion Comercial', 2, 0),
(100000071, 'Fernando', 'Muñoz', 'Arboleda', 1, 3, 2258, 318, '', 0, 0, 0, 'Fernando.Muñoz1@cenicana.org', '1', 1, 0),
(100000072, 'Luz  Marina', 'Sandoval', 'Morcillo', 1, 3, 2258, 318, '', 0, 0, 0, 'Luz  Marina.Sandoval1@hotmail.com', '0', 2, 0),
(100000073, 'Carlos Hernan', 'Barona', 'Cifuentes', 1, 3, 2258, 368, '', 0, 0, 0, 'Carlos Hernan.Barona1@hotmail.com', 'Comerciante', 1, 0),
(100000074, 'Tulia Viviana', 'Martinez', 'Martinez', 1, 3, 2258, 368, '', 0, 0, 0, 'Tulia Viviana.Martinez1@hotmail.com', 'arquitecta', 2, 0),
(100000075, 'Ramiro', 'Idàrraga ', 'Lènis', 1, 3, 5055, 261, '', 0, 0, 0, 'Ramiro.Idàrraga 1@hotmail.com', 'ingeniero Mecanico', 1, 0),
(100000076, 'Sandra Patricia', 'Nieva', 'Rios', 1, 3, 2258, 261, '', 0, 0, 0, 'Sandra Patricia.Nieva1@hotmail.com', 'comerciante', 2, 0),
(100000077, 'Javier', 'Velasquez', 'Bedoya', 1, 3, 4155, 361, '', 0, 0, 0, 'Javier.Velasquez1@hotmail.com', 'Medico', 1, 0),
(100000078, 'Mayerline', 'Bardales', 'Gutierrez', 1, 3, 2258, 361, '', 0, 0, 0, 'Mayerline.Bardales1@hotmail.com', 'ama de casa', 2, 0),
(100000079, 'Alexander', 'Alzate', 'Pulgarin', 1, 3, 2258, 361, '', 0, 0, 0, 'Alexander.Alzate1@alexanderalzate.com', 'Pastor', 1, 0),
(100000080, 'Patricia Elena', 'Ospino', 'Palma', 1, 3, 2258, 361, '', 0, 0, 0, 'Patricia Elena.Ospino1@hotmail.com', 'Pastora', 2, 0),
(100000081, 'Eduardo ', 'Lara', 'Lozano', 1, 3, 2278, 368, '', 0, 0, 0, 'Eduardo .Lara1@hotmail.com', 'tecnico de futbol', 1, 0),
(100000082, 'Lilian', 'Campo', 'Cruz', 1, 3, 2258, 368, '', 0, 0, 0, 'Lilian.Campo1@hotmail.com', 'ama de casa', 2, 0),
(100000083, 'Omar', 'Giraldo', 'Alzate', 1, 3, 2258, 271, '', 0, 0, 0, 'Omar.Giraldo1@gmail.com', 'CONTADOR ', 1, 0),
(100000084, 'Marleny', 'Castro', 'Murillo', 1, 3, 2258, 271, '', 0, 0, 0, 'Marleny.Castro1@hotmail.com', '1', 2, 0),
(100000085, 'Ricardo', 'Calderón', 'Ascanio', 1, 3, 2263, 368, '', 0, 0, 0, 'Ricardo.Calderón1@hotmail.com', '0', 1, 0),
(100000086, 'Gloria Maritza', 'Gutiérrez', 'Blanco', 1, 3, 2263, 368, '', 0, 0, 0, 'Gloria Maritza.Gutiérrez1@yahoo.es', '0', 2, 0),
(100000087, 'Julio César', 'Guzmán', 'Victoria', 1, 3, 2289, 363, '', 0, 0, 0, 'Julio César.Guzmán1@hotmail.com', 'Empleado', 1, 0),
(100000088, 'Martha Lucía', 'Salazar', 'Ramírez', 1, 3, 2289, 363, '', 0, 0, 0, 'Martha Lucía.Salazar1@hotmail.com', 'Hogar', 2, 0),
(100000089, 'Francisco Aurelio', 'Diaz', 'Chavez', 1, 3, 2257, 266, '', 0, 0, 0, 'Francisco Aurelio.Diaz1@its.jnj.com', 'Gerente Regional de Recursos Humanos', 1, 0),
(100000090, 'Aura Alexandra', 'Espinosa ', 'Lozano', 1, 3, 2258, 266, '', 0, 0, 0, 'Aura Alexandra.Espinosa 1@gmail.com', 'VISITADORA MEDICA', 2, 0),
(100000091, 'Marco Antonio', 'González', 'Suárez', 1, 3, 2258, 368, '', 0, 0, 0, 'Marco Antonio.González1@hotmail.com', 'Transportador', 1, 0),
(100000092, 'Clara Inés', 'Hernández', 'Reza', 1, 3, 2258, 368, '', 0, 0, 0, 'Clara Inés.Hernández1@hotmail.com', 'abogada', 2, 0),
(100000093, 'Alfonso', 'Gámez', 'Vanegas', 1, 3, 2257, 258, '', 0, 0, 0, 'Alfonso.Gámez1@hotmail.com', 'Pensionado', 1, 0),
(100000094, 'Sandra Milena', 'Melo', 'Betancourt', 1, 3, 2258, 258, '', 0, 0, 0, 'Sandra Milena.Melo1@hotmail.com', 'Hogar', 2, 0),
(100000095, 'Jesus Alexander', 'Jaramillo', 'Muñoz', 1, 3, 2258, 5, '', 0, 0, 0, 'Jesus Alexander.Jaramillo1@hotmail.com', 'Ingeniero', 0, 0),
(100000096, 'Claudia', 'Mosquera', 'Arboleda', 1, 3, 2258, 361, '', 0, 0, 0, 'Claudia.Mosquera1@colegiobennett.edu.co', 'DIRECTORA MERCADEO ', 2, 0),
(100000097, 'Fredy Julian ', 'Villamil', 'Rodriguez', 1, 3, 2257, 374, '', 0, 0, 0, 'Fredy Julian .Villamil1@telefonica.com', 'Ingeniero', 1, 0),
(100000098, 'Diana Elizabeth', 'Rodriguez', 'Perez', 1, 3, 2257, 374, '', 0, 0, 0, 'Diana Elizabeth.Rodriguez1@gmail.com', 'Fisioterapeuta', 2, 0),
(100000099, 'Henry', 'Lopez', 'Vargas', 1, 3, 2257, 279, '', 0, 0, 0, 'Henry.Lopez1@yahoo.com.mx', 'Contador', 1, 0),
(100000100, 'Nohra', 'Ordoñez', 'Perez', 1, 3, 2258, 279, '', 0, 0, 0, 'Nohra.Ordoñez1@yahoo.com.mx', 'Bacteriologa', 2, 0),
(100000101, 'Luis Antonio', 'Montaña', 'Mendez', 1, 3, 4998, 361, '', 0, 0, 0, 'Luis Antonio.Montaña1@yahoo.es', 'gerente', 1, 0),
(100000102, 'Yamiles Margarita', 'Alvarez', 'Budes', 1, 3, 2260, 361, '', 0, 0, 0, 'Yamiles Margarita.Alvarez1@hotmail.com', 'subgerente', 2, 0),
(100000103, 'Diego Fernando', 'Espinosa', 'Osorio', 1, 3, 2257, 264, '', 0, 0, 0, 'Diego Fernando.Espinosa1@hotmail.com', 'Independiente', 1, 0),
(100000104, 'Nancy', 'Murillo', 'Plazas', 1, 3, 2258, 264, '', 0, 0, 0, 'Nancy.Murillo1@hotmail.com', 'Independiente', 2, 0),
(100000105, 'Hugo Ernesto', 'Peña', 'Reina', 1, 3, 2257, 302, '', 0, 0, 0, 'Hugo Ernesto.Peña1@yahoo.com', 'Medico', 1, 0),
(100000106, 'Ana Lucia', 'Paredes', 'Diaz', 1, 3, 4762, 302, '', 0, 0, 0, 'Ana Lucia.Paredes1@gmail.com', '1', 2, 0),
(100000107, 'Fernando Ulises', 'Polo', 'Olaya', 1, 3, 2258, 295, '', 0, 0, 0, 'Fernando Ulises.Polo1@hotmail.com', 'Ingeniero Industrial', 1, 0),
(100000108, 'Mirtha', 'Arbelaez', 'Lourido', 1, 3, 2258, 295, '', 0, 0, 0, 'Mirtha.Arbelaez1@yahoo.es', '1', 2, 0),
(100000109, 'Jorney', 'Jaramillo', '-----', 1, 3, 2272, 258, '', 0, 0, 0, 'Jorney.Jaramillo1@haciendalagloria.com', 'Ingeniero Mecanico', 1, 0),
(100000110, 'Carmen Stella', 'Bernal', 'Marquez', 1, 3, 4632, 258, '', 0, 0, 0, 'Carmen Stella.Bernal1@terpel.com', 'Ingeniero Mecanico', 2, 0),
(100000111, 'William Humberto', 'Lopez', 'Rodriguez', 1, 3, 2258, 361, '', 0, 0, 0, 'William Humberto.Lopez1@emcali.net.co', 'Gerente - Propietario', 1, 0),
(100000112, 'Adriana ', 'Castro', 'Lozano', 1, 3, 2258, 361, '', 0, 0, 0, 'Adriana .Castro1@gmail.com', 'administradora de empresas', 2, 0),
(100000113, 'Federico', 'Rivera', 'Garcia', 1, 3, 2257, 14, '', 0, 0, 0, 'Federico.Rivera1@hotmail.com', 'Medico', 1, 0),
(100000114, 'Luz Jeanneth', 'Ortiz', 'Bohorquez', 1, 3, 2258, 14, '', 0, 0, 0, 'Luz Jeanneth.Ortiz1@yahoo.com', 'Familia', 2, 0),
(100000115, 'Carlos Andres', 'Barreto', 'Sierra', 1, 3, 2258, 368, '', 0, 0, 0, 'Carlos Andres.Barreto1@hotmail.com', 'Ingeniero De Produccion', 1, 0),
(100000116, 'Leidy Johanna', 'Ramirez', 'Grisales', 1, 3, 2258, 368, '', 0, 0, 0, 'Leidy Johanna.Ramirez1@colegiobennett.edu.co', '.', 2, 0),
(100000117, 'Sergio', 'Ocampo', 'Gutierrez', 1, 3, 2267, 275, '', 0, 0, 0, 'Sergio.Ocampo1@hotmail.com', '1', 1, 0),
(100000118, 'Esther Eugenia', 'Saavedra', 'Pardo', 1, 3, 2258, 275, '', 0, 0, 0, 'Esther Eugenia.Saavedra1@hotmail.com', 'Fisioterapeuta', 2, 0),
(100000119, 'Hector Jaime', 'Millan', 'Camargo', 1, 3, 2258, 368, '', 0, 0, 0, 'Hector Jaime.Millan1@hotmail.com', 'GERENTE INDEPENDIENTE', 1, 0),
(100000120, 'Alejandra', 'Ramirez', 'Ortiz', 1, 3, 2258, 368, '', 0, 0, 0, 'Alejandra.Ramirez1@hotmail.com', '1', 2, 0),
(100000121, 'Andres Mauricio', 'Ramirez', 'Castaño', 2, 3, 2258, 152, '', 0, 0, 0, 'Andres Mauricio.Ramirez1@goodyear.com', 'monitor calidad', 1, 0),
(100000122, 'Nini Johana', 'Mosquera', 'Devia', 2, 3, 2258, 323, '', 0, 0, 0, 'Nini Johana.Mosquera1@yahoo.es', 'Coordinadora Medico', 2, 0),
(100000123, 'Milton', 'Novoa', 'Franco', 1, 3, 2258, 361, '', 0, 0, 0, 'Milton.Novoa1@hotmail.com', 'Comerciante', 1, 0),
(100000124, 'Mariaclemencia', 'Loaiza', 'Rodriguez', 1, 3, 2258, 361, '', 0, 0, 0, 'Mariaclemencia.Loaiza1@hotmail.com', 'abogada', 2, 0),
(100000125, 'Elias', 'Garcia', 'Esguerra', 1, 3, 4534, 368, '', 0, 0, 0, 'Elias.Garcia1@msn.com', 'ODONTOLOGO', 1, 0),
(100000126, 'Rocio', 'Cruz', 'Rodriguez', 1, 3, 4534, 368, '', 0, 0, 0, 'Rocio.Cruz1@hotmail.com', 'ODONTOLOGA', 2, 0),
(100000127, 'Carlos Arturo', 'Muñoz', 'Cuartas', 1, 3, 2258, 179, '', 0, 0, 0, 'Carlos Arturo.Muñoz1@yahoo.com', 'Docente', 1, 0),
(100000128, 'Adriana Marcela ', 'Sabogal', 'Rodriguez', 1, 3, 2258, 264, '', 0, 0, 0, 'Adriana Marcela .Sabogal1@girosyfinanzas.com', 'Administradora de Empresas', 2, 0),
(100000129, 'Francisco Gilberto  (Fallecido', 'Diaz', 'Barberan', 1, 3, 2258, 264, '', 0, 0, 0, 'Francisco Gilberto  (Fallecido.Diaz1@hotmail.es', '', 1, 0),
(100000130, 'Yaneth', 'Sarria', 'Guerra', 4, 3, 2258, 264, '', 0, 0, 0, 'Yaneth.Sarria1@hotmail.es', '1', 2, 0),
(100000131, 'Jorge Miguel', 'Rojas', 'Navarro', 1, 3, 2258, 263, '', 0, 0, 0, 'Jorge Miguel.Rojas1@innova.com.co', 'Gerente Comercial', 1, 0),
(100000132, 'Catalina', 'Montero', 'Concha', 1, 3, 2258, 263, '', 0, 0, 0, 'Catalina.Montero1@hotmail.com', 'Psicologa', 2, 0),
(100000133, 'Horacio   Orlando', 'Castaño', 'Montes', 1, 3, 5026, 360, '', 0, 0, 0, 'Horacio   Orlando.Castaño1@hotmail.com', 'Independiente', 1, 0),
(100000134, 'Xilena Patricia', 'Mercado', 'Arevalo', 1, 3, 2258, 360, '', 0, 0, 0, 'Xilena Patricia.Mercado1@hotmail.com', 'Comerciante', 2, 0),
(100000135, 'Orlando', 'Hernandez', 'Sanz', 1, 3, 2258, 261, '', 0, 0, 0, 'Orlando.Hernandez1@gmail.com', 'Contador', 1, 0),
(100000136, 'Marly', 'Gutierrez', 'Quiñones', 5, 3, 2258, 261, '', 0, 0, 0, 'Marly.Gutierrez1@gmail.com', 'Contadora', 2, 0),
(100000137, 'Nestor Raul', 'Gomez', 'Gomez', 1, 3, 2258, 368, '', 0, 0, 0, 'Nestor Raul.Gomez1@hotmail.com', 'empresario de transporte', 1, 0),
(100000138, 'Monica', 'Orozco', 'Delgado', 1, 3, 2258, 368, '', 0, 0, 0, 'Monica.Orozco1@hotmail.com', 'empresaria de transporte', 2, 0),
(100000139, 'Carlos Eduardo', 'Cobo', 'Oliveros', 1, 3, 2258, 297, '', 0, 0, 0, 'Carlos Eduardo.Cobo1@hotmail.com', 'Profesor Universitario', 1, 0),
(100000140, 'Mariluz', 'Diaz', 'Calderon', 1, 3, 2258, 297, '', 0, 0, 0, 'Mariluz.Diaz1@hotmail.com', 'Contadora', 2, 0),
(100000141, 'Alonso Emiliano', 'Castillo ', 'Gutierrez', 1, 6, 5029, 361, '', 0, 0, 0, 'Alonso Emiliano.Castillo 1@co.michelin.com', '0', 1, 0),
(100000142, 'Sandra Ines ', 'Dorado', 'Medina', 1, 3, 2258, 361, '', 0, 0, 0, 'Sandra Ines .Dorado1@sku.com.co', '0', 2, 0),
(100000143, 'Eduardo Jose', 'Gálvez', 'Fernández', 1, 3, 2258, 368, '', 0, 0, 0, 'Eduardo Jose.Gálvez1@hotmail.com', 'Gerente', 1, 0),
(100000144, 'Mariluz', 'Muñoz', 'Gómez', 1, 3, 2258, 368, '', 0, 0, 0, 'Mariluz.Muñoz1@hotmail.com', 'ama de casa', 2, 0),
(100000145, 'Jose Luis', 'Coronado', 'Pacheco', 1, 3, 2258, 261, '', 0, 0, 0, 'Jose Luis.Coronado1@emcali.net.co', 'Empresario', 1, 0),
(100000146, 'Patricia Cecilia', 'Rebolledo', 'Manchola', 1, 3, 2258, 261, '', 0, 0, 0, 'Patricia Cecilia.Rebolledo1@emcali.net.co', '', 2, 0),
(100000147, 'Jorge Andres', 'Rosas', 'Bazante', 1, 3, 2282, 261, '', 0, 0, 0, 'Jorge Andres.Rosas1@hotmail.com', 'comerciante', 1, 0),
(100000148, 'Gloria', 'Duque', 'Gaviria', 1, 3, 2265, 261, '', 0, 0, 0, 'Gloria.Duque1@hotmail.com', 'docente', 2, 0),
(100000149, 'Hellman Gustavo', 'Gomez', 'Ruiz', 1, 3, 2258, 258, '', 0, 0, 0, 'Hellman Gustavo.Gomez1@hotmail.com', 'Electricista', 1, 0),
(100000150, 'Sandra', 'Lopez', 'Alvarez', 1, 3, 2259, 258, '', 0, 0, 0, 'Sandra.Lopez1@hotmail.com', 'DOCENTE ', 2, 0),
(100000151, 'Ricardo', 'Malagón', 'Manrique', 1, 3, 2258, 98, '', 0, 0, 0, 'Ricardo.Malagón1@gmail.com', 'Docente', 1, 0),
(100000152, 'Amanda', 'Triana', 'Vargas', 1, 3, 4620, 98, '', 0, 0, 0, 'Amanda.Triana1@colegiobennett.edu.co', 'Psicologa', 2, 0),
(100000153, 'Juvenal', 'Galeano', 'Cardona', 3, 3, 2258, 109, '', 0, 0, 0, 'Juvenal.Galeano1@colegiobennett.edu.co', 'docente', 1, 0),
(100000154, 'Ligia', 'Rueda', 'Campos', 3, 3, 2258, 109, '', 0, 0, 0, 'Ligia.Rueda1@colegiobennett.edu.co', 'docente', 2, 0),
(100000155, 'Monica', 'Pérez', 'Ospina', 1, 3, 2258, 265, '', 0, 0, 0, 'Monica.Pérez1@hotmail.com', 'Psicóloga', 2, 0),
(100000156, 'Ciro Alberto', 'Pabón', 'García', 3, 3, 2257, 370, '', 0, 0, 0, 'Ciro Alberto.Pabón1@gmail.com', 'Ingeniero', 1, 0),
(100000157, 'Claudia María', 'Nicholls', 'Villa', 3, 3, 2257, 18, '', 0, 0, 0, 'Claudia María.Nicholls1@yahoo.com', 'Docente', 2, 0),
(100000158, 'Raul', 'Martinez', 'Quiceno', 0, 0, 0, 0, '', 0, 0, 0, 'Raul.Martinez1@gmail.com', '0', 1, 0),
(100000159, 'Rosa Maria', 'Sandoval', 'Hurtado', 0, 0, 0, 0, '', 0, 0, 0, 'Rosa Maria.Sandoval1@hotmail.com', '0', 2, 0),
(100000160, 'Alain ', 'Rivera', '-', 1, 3, 2258, 52, '', 0, 0, 0, 'Alain .Rivera1@colegiobennett.edu.co', 'Docente', 1, 0),
(100000161, 'Ana Gipsy ', 'Lenis', 'Castro', 1, 3, 2258, 52, '', 0, 0, 0, 'Ana Gipsy .Lenis1@hotmail.com', 'Tecnologa', 2, 0),
(100000162, 'Victor Daniel', 'Ramirez', 'Ramirez', 1, 3, 2258, 314, '', 0, 0, 0, 'Victor Daniel.Ramirez1@diosconnosotros.com', '0', 1, 0),
(100000163, 'Giovanna', 'Zea', 'Agudelo', 1, 3, 2258, 314, '', 0, 0, 0, 'Giovanna.Zea1@diosconnosotros.com', 'independiente', 2, 0),
(100000164, 'Oscar', 'Herrera', 'Reyes', 1, 3, 4767, 321, '', 0, 0, 0, 'Oscar.Herrera1@hotmail.com', '0dontologo', 1, 0),
(100000165, 'Claudia Marcela', 'Restrepo', 'Ochoa', 1, 3, 2258, 321, '', 0, 0, 0, 'Claudia Marcela.Restrepo1@hotmail.com', 'ortodoncista', 2, 0),
(100000166, 'Juan Manuel', 'Santamaria ', 'Lopez', 1, 3, 2258, 30, '', 0, 0, 0, 'Juan Manuel.Santamaria 1@hotmail.com', 'Pensionado', 1, 0),
(100000167, 'Gina', 'Caicedo', 'Caicedo', 1, 3, 2258, 30, '', 0, 0, 0, 'Gina.Caicedo1@hotmail.com', 'Asesor', 2, 0),
(100000168, 'Jose Fernando', 'Vasquez', 'Gutierrez', 1, 3, 2258, 262, '', 0, 0, 0, 'Jose Fernando.Vasquez1@gmail.com', 'Administrador de empresas', 1, 0),
(100000169, 'Eleonora', 'Duran', 'Gomez', 1, 3, 2278, 262, '', 0, 0, 0, 'Eleonora.Duran1@colegiobennett.edu.co', 'Coordinadora Académica', 2, 0),
(100000170, 'Carlos Andres', 'Velez', 'Benitez', 1, 3, 5023, 22, '', 0, 0, 0, 'Carlos Andres.Velez1@unilever.com', 'Gerente de Cuenta', 1, 0),
(100000171, 'Maria Margarita', 'Franco', 'Perdomo', 1, 3, 2258, 22, '', 0, 0, 0, 'Maria Margarita.Franco1@colegiobennett.edu.co', 'Docente', 2, 0),
(100000172, 'Jose Jahir', 'Aristizabal', 'Hoyos', 1, 3, 2265, 265, '', 0, 0, 0, 'Jose Jahir.Aristizabal1@carvajal.com', '2', 1, 0),
(100000173, 'Ana Maria', 'Aristizabal', 'Arango', 2, 3, 2258, 265, '', 0, 0, 0, 'Ana Maria.Aristizabal1@gmail.com', 'Medico', 2, 0),
(100000174, 'Juan Pablo', 'Altamar', 'De Biase', 1, 3, 2260, 275, '', 0, 0, 0, 'Juan Pablo.Altamar1@gmail.com', 'Docente', 1, 0),
(100000175, 'Luz Angela', 'Cortina', 'Roa', 1, 3, 2257, 275, '', 0, 0, 0, 'Luz Angela.Cortina1@hotmail.com', 'Terapeuta Ocupacional', 2, 0),
(100000176, 'Juan Carlos', 'Cardenas', 'Martinez', 1, 3, 2278, 133, '', 0, 0, 0, 'Juan Carlos.Cardenas1@hotmail.com', 'Docente', 1, 0),
(100000177, 'Maria Del Pilar', 'Mejia ', 'Ortiz', 1, 3, 2258, 133, '', 0, 0, 0, 'Maria Del Pilar.Mejia 1@hotmail.es', '0', 2, 0),
(100000178, 'Alexander', 'Martinez', 'Bravo', 3, 3, 2258, 318, '', 0, 0, 0, 'Alexander.Martinez1@hotmail.com', 'Comerciante Independiente', 1, 0),
(100000179, 'Luz Divar', 'Duque', 'Ricaurte', 3, 3, 2258, 318, '', 0, 0, 0, 'Luz Divar.Duque1@hotmail.com', 'Comerciante Informal', 2, 0),
(100000180, 'Rubiel Alberto', 'Londoño', 'Mejia', 1, 3, 4849, 360, '', 0, 0, 0, 'Rubiel Alberto.Londoño1@hotmail.com', 'ingeniero civil', 1, 0),
(100000181, 'Sandra Patricia', 'Barreras', 'Grajales', 1, 3, 2258, 360, '', 0, 0, 0, 'Sandra Patricia.Barreras1@hotmail.com', 'Docente- Odontologa', 2, 0),
(100000182, 'Alan', 'Pertuz', 'Fina', 1, 3, 2260, 254, '', 0, 0, 0, 'Alan.Pertuz1@hotmail.com', 'Ingeniero', 1, 0),
(100000183, 'Paula', 'Escobar', 'Sarria', 1, 3, 2258, 254, '', 0, 0, 0, 'Paula.Escobar1@hotmail.com', 'docente', 2, 0),
(100000184, 'Julio Hernando', 'Parra', 'Pulgar', 1, 3, 2258, 371, '', 0, 0, 0, 'Julio Hernando.Parra1@hotmail.com', 'ventas', 1, 0),
(100000185, 'Ana Maria', 'Aria', 'Jordan', 1, 3, 2258, 371, '', 0, 0, 0, 'Ana Maria.Aria1@colegiobennett.edu.co', 'Docente', 2, 0),
(100000186, 'Edward Ricardo', 'Gallego', 'Duque', 1, 3, 2258, 368, '', 0, 0, 0, 'Edward Ricardo.Gallego1@hotmail.com', 'Joyero', 1, 0),
(100000187, 'Ana Julia', 'Ojeda', '-', 1, 3, 2258, 368, '', 0, 0, 0, 'Ana Julia.Ojeda1@hotmail.com', 'hogar', 2, 0),
(100000188, 'Jorge Hernan', 'Ayala', 'Velasquez', 1, 3, 2258, 362, '', 0, 0, 0, 'Jorge Hernan.Ayala1@hotmail.com', 'pensionado', 1, 0),
(100000189, 'Sara Patricia', 'Reina', 'Muñoz', 1, 3, 5054, 362, '', 0, 0, 0, 'Sara Patricia.Reina1@hotmail.com', '', 2, 0),
(100000190, 'Carlos Fernando', 'Garcia', 'Cordoba', 1, 3, 2258, 44, '', 0, 0, 0, 'Carlos Fernando.Garcia1@hotmail.com', 'Importador', 1, 0),
(100000191, 'Maria Edith', 'Escobar', 'Navarro', 1, 3, 2258, 44, '', 0, 0, 0, 'Maria Edith.Escobar1@grupoalumina.com.co', 'Administradora Empresas', 2, 0),
(100000192, 'Juan Felipe', 'Lozano', '--', 1, 3, 2258, 29, '', 0, 0, 0, 'Juan Felipe.Lozano1@hotmail.com', '', 1, 0),
(100000193, 'Maricel', 'Echeverry', 'Mondragon', 1, 3, 2258, 29, '', 0, 0, 0, 'Maricel.Echeverry1@hotmail.com', 'Abogada', 2, 0),
(100000194, 'Marco Aurelio', 'Piñeros', 'Fernandez', 1, 3, 2257, 298, '', 0, 0, 0, 'Marco Aurelio.Piñeros1@gmail.com', 'empleado', 1, 0),
(100000195, 'Norma Lorena', 'Garcia', 'Sinisterra', 1, 3, 2258, 298, '', 0, 0, 0, 'Norma Lorena.Garcia1@hotmail.com', 'psicologa', 2, 0),
(100000196, 'Jose Fabian', 'Herrera', 'Hoyos', 1, 3, 2258, 256, '', 0, 0, 0, 'Jose Fabian.Herrera1@herreraasociados.com', 'Contador Publico', 1, 0),
(100000197, 'Genny Patricia', 'Caceres', 'Sanchez', 1, 3, 2258, 256, '', 0, 0, 0, 'Genny Patricia.Caceres1@gmail.com', 'Contador Publico', 2, 0),
(100000198, 'Raul Antonio', 'Sanchez', 'Echeverry', 1, 3, 2258, 295, '', 0, 0, 0, 'Raul Antonio.Sanchez1@hotmail.com', 'abogado', 1, 0),
(100000199, 'Lili', 'Velasco', 'Valcke', 3, 3, 2258, 295, '', 0, 0, 0, 'Lili.Velasco1@hotmail.com', 'contadora ', 2, 0),
(100000200, 'Rodrigo De Jesus', 'Penagos', 'Chalarca', 1, 3, 2258, 266, '', 0, 0, 0, 'Rodrigo De Jesus.Penagos1@emcali.net.co', 'Comerciante', 1, 0),
(100000201, 'Alexandra Beatriz', 'Jaramillo', 'Gomez', 1, 3, 5028, 266, '', 0, 0, 0, 'Alexandra Beatriz.Jaramillo1@hotmail.com', 'comerciante', 2, 0),
(100000202, 'Juan Carlos', 'Rueda', 'Gantiva', 1, 3, 2258, 368, '', 0, 0, 0, 'Juan Carlos.Rueda1@yahoo.com', 'disenador de muebles', 1, 0),
(100000203, 'Sandra Patricia', 'Torres', 'Alzate', 1, 3, 2258, 368, '', 0, 0, 0, 'Sandra Patricia.Torres1@yahoo.com', 'Arquitecta', 2, 0),
(100000204, 'Luis Humberto', 'Falla', 'Via', 1, 3, 4449, 295, '', 0, 0, 0, 'Luis Humberto.Falla1@hotmail.com', 'contador', 1, 0),
(100000205, 'Maria Isabel', 'Alvarado', 'Alvarez', 1, 3, 2258, 295, '', 0, 0, 0, 'Maria Isabel.Alvarado1@hotmail.com', 'odontologa', 2, 0),
(100000206, 'Larry Gustavo', 'Vargas', 'Cuadrado', 1, 3, 2261, 365, '', 0, 0, 0, 'Larry Gustavo.Vargas1@emcali.net.co', 'anestesiologo', 1, 0),
(100000207, 'Diana Maria Isabel', 'Rosero', 'Sosa', 2, 3, 2269, 297, '', 0, 0, 0, 'Diana Maria Isabel.Rosero1@yahoo.com', 'instrumentadora quirùrgica', 2, 0),
(100000208, 'Alvaro Enrique', 'Jaramillo', 'Granada', 1, 3, 5045, 360, '', 0, 0, 0, 'Alvaro Enrique.Jaramillo1@hotmail.com', 'comerciante', 1, 0),
(100000209, 'Isabel Cristina', 'Garcia', 'Trejos', 1, 3, 2258, 360, '', 0, 0, 0, 'Isabel Cristina.Garcia1@hotmail.com', 'comerciante', 2, 0),
(100000210, 'Guillermo', 'Garcia', 'Lopez', 1, 3, 2258, 26, '', 0, 0, 0, 'Guillermo.Garcia1@gmail.com', 'Docente Universitario', 1, 0),
(100000211, 'Maria Teresa', 'Otero', 'Franco', 1, 3, 2258, 26, '', 0, 0, 0, 'Maria Teresa.Otero1@hotmail.com', '1', 2, 0),
(100000212, 'Luis Arles', 'Otero', 'Franco', 1, 3, 2258, 26, '', 0, 0, 0, 'Luis Arles.Otero1@hotmail.com', '1', 1, 0),
(100000213, 'Sandra Viviana', 'Garrido', 'Salcedo', 1, 3, 2258, 275, '', 0, 0, 0, 'Sandra Viviana.Garrido1@hotmail.com', 'Administradora', 2, 0),
(100000214, 'Guillermo', 'Gomez', 'Arango', 1, 3, 2258, 261, '', 0, 0, 0, 'Guillermo.Gomez1@hotmail.com', 'administrador/agricultor', 1, 0),
(100000215, 'Jenny', 'Gamboa', 'Cuellar', 1, 3, 4446, 261, '', 0, 0, 0, 'Jenny.Gamboa1@hotmail.com', 'ABOGADA', 2, 0),
(100000216, 'Jorge Dilmer', 'Rodriguez', 'Burbano', 1, 3, 2269, 265, '', 0, 0, 0, 'Jorge Dilmer.Rodriguez1@hotmail.com', 'GERENTE COMERCIAL', 1, 0),
(100000217, 'Claudia Patricia', 'Escobar', 'Valencia', 1, 3, 2258, 265, '', 0, 0, 0, 'Claudia Patricia.Escobar1@hotmail.com', '0', 2, 0),
(100000218, 'Raymond', 'Cheng', 'Cheng', 1, 3, 2257, 266, '', 0, 0, 0, 'Raymond.Cheng1@hotmail.com', '0', 1, 0),
(100000219, 'Gloria Patricia', 'Quintero', 'Rincon', 4, 3, 2269, 266, '', 0, 0, 0, 'Gloria Patricia.Quintero1@hotmail.com', 'ama de casa', 2, 0),
(100000220, 'Diego', 'Alvarez', 'Botero', 1, 3, 2272, 263, '', 0, 0, 0, 'Diego.Alvarez1@hotmail.com', '2', 1, 0),
(100000221, 'Gloria', 'Restrepo', 'Alvarez', 1, 3, 2285, 263, '', 0, 0, 0, 'Gloria.Restrepo1@hotmail.com', 'Hogar', 2, 0),
(100000222, 'Alonso Arturo', 'Santana', 'Gonzalez', 1, 3, 2258, 360, '', 0, 0, 0, 'Alonso Arturo.Santana1@goodyear.com', 'empleado', 1, 0),
(100000223, 'Luz Stella', 'Valencia', 'Alvarez', 1, 3, 5027, 360, '', 0, 0, 0, 'Luz Stella.Valencia1@goodyear.com', 'empleada', 2, 0),
(100000224, 'Jose Manuel ', 'Ramirez', 'Restrepo', 1, 3, 2258, 258, '', 0, 0, 0, 'Jose Manuel .Ramirez1@hotmail.com', 'pencionado', 1, 0),
(100000225, 'Alicia', 'Sanchez', 'Ovalle', 1, 3, 2258, 258, '', 0, 0, 0, 'Alicia.Sanchez1@hotmail.com', 'ama de casa', 2, 0),
(100000226, 'Jorge Hernando', 'Castro', 'Baños', 1, 3, 4952, 266, '', 0, 0, 0, 'Jorge Hernando.Castro1@hotmail.com', 'Empleado', 1, 0),
(100000227, 'Isabel Cristina', 'Orozco', 'Zapata', 1, 3, 2258, 266, '', 0, 0, 0, 'Isabel Cristina.Orozco1@hotmail.com', 'ama de casa', 2, 0),
(100000228, 'Cesar', 'Valverde', 'Ortiz', 1, 3, 2258, 313, '', 0, 0, 0, 'Cesar.Valverde1@co.nestle.com', 'Gerente de Ventas', 1, 0),
(100000229, 'Maria Teresa', 'Rincon ', 'Salazar', 1, 3, 2269, 313, '', 0, 0, 0, 'Maria Teresa.Rincon 1@gmail.com', '0', 2, 0),
(100000230, 'Alexander', 'Lopez', 'Maya', 1, 3, 2258, 323, '', 0, 0, 0, 'Alexander.Lopez1@hotmail.com', 'Abogado', 1, 0),
(100000231, 'Ana Lucia', 'Espinosa', 'Calero', 2, 3, 2258, 302, '', 0, 0, 0, 'Ana Lucia.Espinosa1@tubosa.com', 'Gerente Administrativa', 2, 0),
(100000232, 'Carlos Arturo', 'Diaz', 'Alvarez', 1, 3, 2258, 361, '', 0, 0, 0, 'Carlos Arturo.Diaz1@hotmail.com', 'abogadp', 1, 0),
(100000233, 'Janeth Lucero Liliam', 'Hernandez', 'Bonilla', 1, 3, 2258, 361, '', 0, 0, 0, 'Janeth Lucero Liliam.Hernandez1@hotmail.com', '1', 2, 0),
(100000234, 'Harold', 'Montoya', 'Montaño', 3, 3, 2279, 323, '', 0, 0, 0, 'Harold.Montoya1@hotmail.com', 'Abogado', 1, 0),
(100000235, 'Madelyn', 'Rojas', 'Alvarez', 1, 3, 2258, 323, '', 0, 0, 0, 'Madelyn.Rojas1@hotmail.com', 'Abogada', 2, 0),
(100000236, 'Andres Felipe', 'Roa ', 'Gutierrez', 1, 3, 2258, 361, '', 0, 0, 0, 'Andres Felipe.Roa 1@hotmail.com', 'Ingeniero de sistemas', 1, 0),
(100000237, 'Maria Alexandra', 'Rodriguez', 'Mondragon', 1, 3, 2258, 361, '', 0, 0, 0, 'Maria Alexandra.Rodriguez1@hotmail.com', 'Ingeniera de Sistemas', 2, 0),
(100000238, 'Alejandro', 'Valero', 'Jimenez', 1, 3, 2258, 38, '', 0, 0, 0, 'Alejandro.Valero1@yahoo.es', 'ADMINISTRADOR EMPRESAS', 1, 0),
(100000239, 'Mercedes', 'Zamorano', 'Sarria', 1, 3, 2258, 38, '', 0, 0, 0, 'Mercedes.Zamorano1@msn.com', 'Administracion de empresas', 2, 0),
(100000240, 'Oscar Javier', 'Gonzalez', 'Gomez', 1, 3, 2258, 361, '', 0, 0, 0, 'Oscar Javier.Gonzalez1@hotmail.com', 'Medico Radiologo', 1, 0),
(100000241, 'Maria Fernanda', 'Sanchez', 'Charry', 1, 3, 2258, 361, '', 0, 0, 0, 'Maria Fernanda.Sanchez1@hotmail.com', 'Contadora', 2, 0),
(100000242, 'Milton', 'Florez', 'Hurtado', 1, 3, 2258, 368, '', 0, 0, 0, 'Milton.Florez1@hotmail.com', 'empleado', 1, 0),
(100000243, 'Ericka', 'Tovar', 'Izquierdo', 1, 3, 2258, 368, '', 0, 0, 0, 'Ericka.Tovar1@yahoo.com', 'empleada', 2, 0),
(100000244, 'Walter', 'Velasco', 'Abad', 1, 3, 2258, 38, '', 0, 0, 0, 'Walter.Velasco1@waltervelasco.com', 'comerciante', 1, 0),
(100000245, 'Esperanza', 'Gualdron', 'Diaz', 1, 3, 4935, 38, '', 0, 0, 0, 'Esperanza.Gualdron1@waltervelasco.com', 'administradora', 2, 0),
(100000246, 'Calixto Bernabe', 'Figueredo', '--', 1, 2, 3867, 139, '', 0, 0, 0, 'Calixto Bernabe.Figueredo1@hotmail.com', 'Pensionado', 1, 0),
(100000247, 'Gaby Stella', 'Sierra', 'Ayala', 2, 3, 2258, 139, '', 0, 0, 0, 'Gaby Stella.Sierra1@hotmail.com', 'asesora en seguros', 2, 0),
(100000248, 'Hernando', 'Fuenmayor', 'Sanchez', 1, 3, 4534, 360, '', 0, 0, 0, 'Hernando.Fuenmayor1@hotmail.com', 'Empresario', 1, 0),
(100000249, 'Margaret', 'Vasquez', 'Gil', 1, 3, 4534, 360, '', 0, 0, 0, 'Margaret.Vasquez1@hotmail.com', '1', 2, 0),
(100000250, 'Cesar Leonardo', 'Romero', 'Sanchez', 1, 3, 2257, 361, '', 0, 0, 0, 'Cesar Leonardo.Romero1@shell.com', 'Ingeniero Mecánico', 1, 0),
(100000251, 'Lina Margarita', 'Rubiano', 'Mujica', 1, 3, 2257, 361, '', 0, 0, 0, 'Lina Margarita.Rubiano1@yahoo.com', 'Financista', 2, 0),
(100000252, 'Roberto ', 'Berbesi', 'Anaya', 0, 0, 0, 0, '', 0, 0, 0, 'Roberto .Berbesi1@yahoo.com', '0', 1, 0),
(100000253, 'Adriana', 'Escruceria', 'Llorente', 0, 0, 0, 0, '', 0, 0, 0, 'Adriana.Escruceria1@gmail.com', '0', 2, 0),
(100000254, 'Juan Carlos', 'Ospina', 'García', 1, 3, 2257, 361, '', 0, 0, 0, 'Juan Carlos.Ospina1@hotmail.com', 'Independiente', 1, 0),
(100000255, 'Isabel', 'Delgado', 'López', 1, 3, 2282, 361, '', 0, 0, 0, 'Isabel.Delgado1@gmail.com', 'Publicista', 2, 0),
(100000256, 'Lukas', 'Jaramillo', 'Mora', 1, 3, 2258, 295, '', 0, 0, 0, 'Lukas.Jaramillo1@carboua.com', 'ingeniero', 1, 0),
(100000257, 'Gina ', 'Gallo', 'Ramirez', 1, 3, 2258, 295, '', 0, 0, 0, 'Gina .Gallo1@hotmail.com', 'psicologa', 2, 0),
(100000258, 'Francisco Javier', 'Zúñiga', 'Molano', 5, 3, 2282, 374, '', 0, 0, 0, 'Francisco Javier.Zúñiga1@toppallians.com', 'Ingeniero Electronico', 1, 0),
(100000259, 'Maritza', 'Rengifo', 'Córdoba', 3, 3, 2258, 261, '', 0, 0, 0, 'Maritza.Rengifo1@hotmail.com', 'Chef', 2, 0),
(100000260, 'Liliana María', 'Lerma', 'Bedoya', 2, 3, 5046, 250, '', 0, 0, 0, 'Liliana María.Lerma1@colegiobennett.edu.co', 'secretaria', 2, 0),
(100000261, 'Janeth Jimena', 'Burbano', 'Burbano', 5, 3, 2282, 374, '', 0, 0, 0, 'Janeth Jimena.Burbano1@toppallians.com', 'Fisioterapeuta', 2, 0),
(100000262, 'Edwar Guiovani', 'Rodriguez', 'Plaza', 1, 3, 2289, 368, '', 0, 0, 0, 'Edwar Guiovani.Rodriguez1@hotmail.com', 'comerciante', 1, 0),
(100000263, 'Isabel Cristina', 'Tascon', 'Rojas', 1, 3, 2289, 368, '', 0, 0, 0, 'Isabel Cristina.Tascon1@hotmail.com', 'hogar', 2, 0),
(100000264, 'Héctor Orlando', 'Del Real', 'Capera', 1, 3, 2257, 369, '', 0, 0, 0, 'Héctor Orlando.Del Real1@novartis.com', 'Químico Farmacéutico', 1, 0),
(100000265, 'Esperanza', 'Reyes', 'Rodríguez', 1, 6, 2257, 266, '', 0, 0, 0, 'Esperanza.Reyes1@hotmail.com', 'Psicológa', 2, 0),
(100000266, 'Jairo Alonso', 'Murillo', 'Ibarguen', 1, 3, 2258, 258, '', 0, 0, 0, 'Jairo Alonso.Murillo1@hotmail.com', 'Ingeniero de software', 1, 0),
(100000267, 'Yudy Leissy', 'Rengifo', 'Rodallega', 1, 3, 2258, 258, '', 0, 0, 0, 'Yudy Leissy.Rengifo1@hotmail.com', 'Psigologa', 2, 0),
(100000268, 'Oscar Eduardo', 'Valencia', 'Garcia', 1, 3, 5039, 321, '', 0, 0, 0, 'Oscar Eduardo.Valencia1@hotmail.com', 'admon. empresas', 1, 0),
(100000269, 'Jehovanna', 'Enriquez', 'Lopez', 1, 3, 2258, 321, '', 0, 0, 0, 'Jehovanna.Enriquez1@live.com', 'admon. empresas', 2, 0),
(100000270, 'Diego Alejandro', 'Carvajal', 'Posso', 0, 0, 0, 0, '', 0, 0, 0, 'Diego Alejandro.Carvajal1@live.com', '0', 1, 0),
(100000271, 'Paula Andrea', 'Chacón', 'Saavedra', 0, 0, 0, 0, '', 0, 0, 0, 'Paula Andrea.Chacón1@hotmail.com', '0', 2, 0),
(100000272, 'Fernando', 'Sanclemente', 'Gutierrez', 1, 3, 2258, 271, '', 0, 0, 0, 'Fernando.Sanclemente1@hotmail.com', '0', 1, 0),
(100000273, 'Maria Del Carmen', 'Bonilla', 'Reyes', 1, 3, 2258, 271, '', 0, 0, 0, 'Maria Del Carmen.Bonilla1@hotmail.com', 'Docente', 2, 0),
(100000274, 'Diego León', 'Lemos', 'Posso', 1, 3, 5039, 278, '', 0, 0, 0, 'Diego León.Lemos1@gmail.com', 'Empresario Comerciante', 1, 0),
(100000275, 'Ericka Patricia', 'Pallares', 'Lanao', 1, 3, 4529, 278, '', 0, 0, 0, 'Ericka Patricia.Pallares1@gmail.com', 'Ama de casa', 2, 0),
(100000276, 'Fernando', 'Orejuela', 'Rodriguez', 1, 3, 2258, 23, '', 0, 0, 0, 'Fernando.Orejuela1@hotmail.com', 'Ing. Electricista', 1, 0),
(100000277, 'Brenda', 'Gonzalez', 'Osorio', 3, 3, 2258, 37, '', 0, 0, 0, 'Brenda.Gonzalez1@hotmail.com', 'mecanica dental', 2, 0),
(100000278, 'Carlos Eduardo', 'Farfan', 'Echeverry', 1, 3, 2257, 278, '', 0, 0, 0, 'Carlos Eduardo.Farfan1@aes.org.co', 'Empleado', 1, 0),
(100000279, 'Patricia', 'Delascasas', 'Echeverry', 1, 3, 2257, 278, '', 0, 0, 0, 'Patricia.Delascasas1@gmail.com', 'Hogar', 2, 0),
(100000280, 'Abdon', 'Narvaez', 'Patiño', 5, 3, 5124, 368, '', 0, 0, 0, 'Abdon.Narvaez1@hotmail.com', 'Ganaderia', 1, 0),
(100000281, 'Alexis Johana', 'Acero', 'Carrillo', 5, 3, 2282, 368, '', 0, 0, 0, 'Alexis Johana.Acero1@hotmail.com', 'Asistente Contable', 2, 0),
(100000282, 'Harolt', 'Guzman', 'Torres', 1, 3, 5054, 323, '', 0, 0, 0, 'Harolt.Guzman1@emcali.net.co', 'Jubilado', 1, 0),
(100000283, 'Liliana', 'Arce', 'Arango', 1, 3, 2258, 323, '', 0, 0, 0, 'Liliana.Arce1@hotmail.com', 'Gerente inmobiliaria', 2, 0),
(100000284, 'Gustavo Adolfo', 'Bustos', 'Jimeno', 1, 3, 2258, 317, '', 0, 0, 0, 'Gustavo Adolfo.Bustos1@aol.com', 'Administrador de Empresas', 1, 0),
(100000285, 'Jenny', 'Ospina', 'Rengifo', 1, 3, 2258, 317, '', 0, 0, 0, 'Jenny.Ospina1@hotmail.com', 'Admon', 2, 0),
(100000286, 'Ruben Dario', 'Gomez ', 'Giraldo', 1, 3, 2258, 368, '', 0, 0, 0, 'Ruben Dario.Gomez 1@hotmail.com', 'COMERCIANTE', 1, 0),
(100000287, 'Clara Stella', 'Gomez', 'Ospina', 4, 3, 2258, 368, '', 0, 0, 0, 'Clara Stella.Gomez1@hotmail.com', 'COMERCIANTE', 2, 0),
(100000288, 'Juan Pablo', 'Mora', 'Correa', 1, 3, 2257, 360, '', 0, 0, 0, 'Juan Pablo.Mora1@gmail.com', 'medico', 1, 0),
(100000289, 'Angela Karina', 'Martinez', 'Villegas', 1, 3, 2257, 360, '', 0, 0, 0, 'Angela Karina.Martinez1@gmail.com', '1', 2, 0),
(100000290, 'Jhon Jaime', 'Gaviria', 'Carabali', 1, 3, 2258, 29, '', 0, 0, 0, 'Jhon Jaime.Gaviria1@polka.com.co', 'Administrador De Empresas', 1, 0),
(100000291, 'Maria Alexandra', 'Ortiz', 'Rubio', 1, 3, 2278, 29, '', 0, 0, 0, 'Maria Alexandra.Ortiz1@gmail.com', 'Administrador De Empresas', 2, 0),
(100000292, 'Hector Fabio ', 'Giraldo', 'Botero', 1, 3, 2258, 368, '', 0, 0, 0, 'Hector Fabio .Giraldo1@hotmail.com', 'empresario', 1, 0),
(100000293, 'Patricia', 'Villa', 'Ospina', 1, 3, 2258, 368, '', 0, 0, 0, 'Patricia.Villa1@hotmail.com', 'Empresaria', 2, 0),
(100000294, 'Luis Alberto', 'Duarte', 'Rodriguez', 1, 3, 2257, 360, '', 0, 0, 0, 'Luis Alberto.Duarte1@colegiobennett.edu.co', 'comerciante ', 1, 0),
(100000295, 'Maritza', 'González', 'Agudelo', 1, 3, 5020, 360, '', 0, 0, 0, 'Maritza.González1@gmail.com', 'HOGAR', 2, 0),
(100000296, 'Carlos Fernando', 'Escamilla', 'Rodriguez', 1, 3, 2258, 264, '', 0, 0, 0, 'Carlos Fernando.Escamilla1@ultrabursatiles.com', '1', 1, 0),
(100000297, 'Patricia', 'Vargas', 'Asprilla', 1, 3, 2258, 264, '', 0, 0, 0, 'Patricia.Vargas1@hotmail.com', 'Empleada', 2, 0),
(100000298, 'Ariel Roman', 'Romero', 'Rodriguez', 1, 3, 2260, 148, '', 0, 0, 0, 'Ariel Roman.Romero1@hotmail.com', 'Docente', 1, 0),
(100000299, 'Maria Socorro', 'Buendia', 'Mejia', 1, 3, 2258, 148, '', 0, 0, 0, 'Maria Socorro.Buendia1@hotmail.com', 'Secretaria', 2, 0),
(100000300, 'Omar ', 'Morales', 'Martinez', 1, 3, 2258, 368, '', 0, 0, 0, 'Omar .Morales1@hotmail.es', 'ingeniero de sistemas', 1, 0),
(100000301, 'Maria Cristina  ', 'Vivas ', 'Pastor', 1, 3, 2258, 368, '', 0, 0, 0, 'Maria Cristina  .Vivas 1@hotmail.com', 'trabajadora social', 2, 0),
(100000302, 'Mario Duvan ', 'Grajales', 'Ortiz', 0, 0, 0, 0, '', 0, 0, 0, 'Mario Duvan .Grajales1@hotmail.com', '0', 1, 0),
(100000303, 'Ruth Karime', 'Baquero', 'Montoya', 1, 3, 2265, 258, '', 0, 0, 0, 'Ruth Karime.Baquero1@hotmail.com', 'Ingeniera Quimica', 2, 0),
(100000304, 'Luis Gonzaga', 'Posada', 'Montes', 1, 3, 2277, 368, '', 0, 0, 0, 'Luis Gonzaga.Posada1@hotmail.com', 'rentista capital', 1, 0),
(100000305, 'Sulay', 'Acosta', 'Becerra', 1, 3, 2258, 368, '', 0, 0, 0, 'Sulay.Acosta1@hotmail.com', 'hogar', 2, 0),
(100000306, 'Gerardo Ulises', 'Otero', 'Delgado', 1, 3, 2258, 301, '', 0, 0, 0, 'Gerardo Ulises.Otero1@yahoo.com.mx', 'medico', 1, 0),
(100000307, 'Soraya', 'Botero', 'Gomez', 1, 3, 2258, 301, '', 0, 0, 0, 'Soraya.Botero1@yahoo.com.mx', 'independiente', 2, 0),
(100000308, 'Silvano Jose', 'Galarza', 'Sanchez', 3, 3, 2258, 113, '', 0, 0, 0, 'Silvano Jose.Galarza1@centelsa.com.co', 'Asistente de Cartera', 1, 0),
(100000309, 'Lina Maria', 'Echeverry', 'Barona', 3, 3, 2258, 113, '', 0, 0, 0, 'Lina Maria.Echeverry1@hotmail.com', 'Secretaria Académica ', 2, 0),
(100000310, 'Carlos Alberto', 'Reyes', 'Sañudo', 1, 3, 2258, 275, '', 0, 0, 0, 'Carlos Alberto.Reyes1@hotmail.com', 'Docente', 1, 0),
(100000311, 'Geiser Yamileth', 'Duque', 'Ramírez', 1, 3, 2258, 275, '', 0, 0, 0, 'Geiser Yamileth.Duque1@hotmail.com', 'Docente', 2, 0),
(100000312, 'Oscar', 'Ramirez', 'Aristizabal', 3, 3, 2267, 258, '', 0, 0, 0, 'Oscar.Ramirez1@gmail.com', 'COMERCIANTE ', 1, 0),
(100000313, 'Irma Clemencia', 'Hurtado', 'Munoz', 3, 3, 2278, 258, '', 0, 0, 0, 'Irma Clemencia.Hurtado1@hotmail.com', 'ADMINISTRADORA', 2, 0),
(100000314, 'Mauricio Enrique', 'Olaya', 'Gaitan', 1, 3, 5034, 95, '', 0, 0, 0, 'Mauricio Enrique.Olaya1@gmail.com', 'DOCENTE', 1, 0),
(100000315, 'Lesvy', 'Montenegro', 'Rojas', 1, 3, 2258, 95, '', 0, 0, 0, 'Lesvy.Montenegro1@yahoo.com', 'Contador Público', 2, 0),
(100000316, 'Alex', 'Escobar', 'Chaves', 1, 3, 2258, 318, '', 0, 0, 0, 'Alex.Escobar1@telefonica.com', 'Ingeniero Electrónico', 1, 0),
(100000317, 'Maria Isabel', 'Garcia', 'Cordoba', 1, 3, 2258, 318, '', 0, 0, 0, 'Maria Isabel.Garcia1@senthia.com', 'Publicista', 2, 0),
(100000318, 'Nestor Miguel', 'Acosta', 'Forero', 1, 3, 2258, 368, '', 0, 0, 0, 'Nestor Miguel.Acosta1@hotmail.com', 'Comerciante', 1, 0),
(100000319, 'Ruth', 'Solarte ', 'Silva', 1, 3, 2258, 368, '', 0, 0, 0, 'Ruth.Solarte 1@hotmail.com', 'Comerciante', 2, 0),
(100000320, 'Luis Humberto', 'Diaz', 'Gutierrez', 1, 3, 2258, 361, '', 0, 0, 0, 'Luis Humberto.Diaz1@gmail.com', 'consultor gerencial', 1, 0),
(100000321, 'Maria Fernanda', 'Reyes', 'Cruz', 1, 3, 2258, 361, '', 0, 0, 0, 'Maria Fernanda.Reyes1@gmail.com', 'consultora juridica', 2, 0),
(100000322, 'Hernan', 'Henao', 'Diez', 1, 3, 2285, 361, '', 0, 0, 0, 'Hernan.Henao1@yahoo.es', 'ganadero', 1, 0),
(100000323, 'Maria Alexandra', 'Vasquez', 'Saenz', 1, 3, 2291, 361, '', 0, 0, 0, 'Maria Alexandra.Vasquez1@hotmail.com', 'comerciante', 2, 0),
(100000324, 'Alexander', 'Silva', 'Salas', 1, 3, 2257, 278, '', 0, 0, 0, 'Alexander.Silva1@hotmail.com', '1', 1, 0),
(100000325, 'Gloria Selene', 'Lopez', 'Pereira', 1, 3, 2258, 278, '', 0, 0, 0, 'Gloria Selene.Lopez1@hotmail.com', '1', 2, 0),
(100000326, 'Javier', 'Gutiérrez', 'Jiménez', 1, 3, 2258, 258, '', 0, 0, 0, 'Javier.Gutiérrez1@yahoo.com', 'Periodista Deportivo', 1, 0),
(100000327, 'Claudia', 'Zuluaga', 'Díaz', 1, 3, 2258, 258, '', 0, 0, 0, 'Claudia.Zuluaga1@yahoo.com', 'Comunicadora Social - Periodista', 2, 0),
(100000328, 'Carlos Eduardo', 'Zuluaga', 'Arboleda', 1, 3, 5047, 14, '', 0, 0, 0, 'Carlos Eduardo.Zuluaga1@hotmail.com', 'ADMINISTRADOR DE EMPRESAS', 1, 0),
(100000329, 'Diana Ximena', 'Mallarino', 'Florez', 1, 3, 2258, 14, '', 0, 0, 0, 'Diana Ximena.Mallarino1@hotmail.com', 'GERENTE COMERCIAL', 2, 0),
(100000330, 'Ricardo ', 'Benavides', 'Londoño', 1, 3, 2258, 295, '', 0, 0, 0, 'Ricardo .Benavides1@hotmail.com', 'Independiente', 1, 0),
(100000331, 'Sonia Lorena', 'Gutierrez', 'Garcia', 1, 3, 2258, 295, '', 0, 0, 0, 'Sonia Lorena.Gutierrez1@hotmail.com', 'Hogar', 2, 0),
(100000332, 'Juan Gregorio', 'Acero', 'Vega', 1, 3, 2258, 284, '', 0, 0, 0, 'Juan Gregorio.Acero1@gmail.com', 'Ingeniero de Sonido', 1, 0),
(100000333, 'Paola Andrea', 'Villaquirán ', 'Pérez', 1, 3, 2258, 284, '', 0, 0, 0, 'Paola Andrea.Villaquirán 1@hotmail.com', 'Jefe Salud Ocupacional', 2, 0),
(100000334, 'Ricardo', 'Aguirre', 'Mena', 1, 3, 2258, 266, '', 0, 0, 0, 'Ricardo.Aguirre1@live.com', 'Licenciado Biologia-Quimica', 1, 0),
(100000335, 'Jovanna  Meliza', 'Correa', 'Davila', 1, 3, 2258, 266, '', 0, 0, 0, 'Jovanna  Meliza.Correa1@hotmail.com', 'Mercadeo', 2, 0),
(100000336, 'Mauricio', 'Jaramillo', 'Angel', 1, 3, 2257, 278, '', 0, 0, 0, 'Mauricio.Jaramillo1@hotmail.com', '0', 1, 0),
(100000337, 'Lina Vanessa', 'Sanchez', 'Becerra', 1, 3, 2258, 278, '', 0, 0, 0, 'Lina Vanessa.Sanchez1@hotmail.com', 'ama de casa', 2, 0),
(100000338, 'Absalon ', 'Arevalo', 'Gonzalez', 1, 3, 2258, 266, '', 0, 0, 0, 'Absalon .Arevalo1@yahoo.es', 'Comerciante', 1, 0),
(100000339, 'Kelly Jhoanna', 'Arroyave', 'Ceron', 1, 3, 2258, 266, '', 0, 0, 0, 'Kelly Jhoanna.Arroyave1@grupohelm.com', '.', 2, 0),
(100000340, 'Jhon Jairo', 'Londono', 'Gonzales', 1, 3, 2259, 269, '', 0, 0, 0, 'Jhon Jairo.Londono1@hotmail.com', 'comerciante', 1, 0),
(100000341, 'Elizabeth', 'Garcia', 'Cespedes', 1, 3, 2258, 269, '', 0, 0, 0, 'Elizabeth.Garcia1@hotmail.com', 'comerciante', 2, 0),
(100000342, 'Yesid', 'Zambrano', 'Chamorro', 1, 3, 2258, 254, '', 0, 0, 0, 'Yesid.Zambrano1@yahoo.com', 'comerciante', 1, 0),
(100000343, 'Rocio', 'Cano', 'Cano', 1, 3, 2258, 254, '', 0, 0, 0, 'Rocio.Cano1@gmail.com', 'admon empresas', 2, 0),
(100000344, 'Mario Alejandro', 'Roa', 'Gutierrez', 1, 3, 2258, 368, '', 0, 0, 0, 'Mario Alejandro.Roa1@emcali.com.co', 'Ingeniero Electronico', 1, 0),
(100000345, 'Sandra Patricia', 'Bueno', 'Lenis', 1, 3, 2258, 368, '', 0, 0, 0, 'Sandra Patricia.Bueno1@bellezaexpress.com', 'Administradora de Empresas', 2, 0),
(100000346, 'Luis Mario', 'Lenis', 'Gil', 1, 3, 2258, 257, '', 0, 0, 0, 'Luis Mario.Lenis1@comcel.com.co', 'Ingeniero Electronico', 1, 0),
(100000347, 'Maria Del Pilar', 'Dacosta', 'Chavez', 1, 3, 2258, 257, '', 0, 0, 0, 'Maria Del Pilar.Dacosta1@eqtecconsultores.com', 'Zootecnista', 2, 0),
(100000348, 'Javier', 'Gutiérrez', 'Velásquez', 1, 3, 2258, 30, '', 0, 0, 0, 'Javier.Gutiérrez1@smurfitkappa.com.co', 'ingeniero mecanico', 1, 0),
(100000349, 'Eliana Fernanda', 'Cruz', 'Tascón', 1, 3, 2289, 30, '', 0, 0, 0, 'Eliana Fernanda.Cruz1@hotmail.com', '1', 2, 0),
(100000350, 'Mario', 'Gonzalez', 'Ramirez', 1, 3, 2285, 360, '', 0, 0, 0, 'Mario.Gonzalez1@hotmail.com', 'Ganadero', 1, 0),
(100000351, 'Martha Lucia', 'Ardila', 'Mojica', 1, 3, 2258, 360, '', 0, 0, 0, 'Martha Lucia.Ardila1@hotmail.com', 'administradora hoteleria y turismo', 2, 0),
(100000352, 'Ernesto', 'Cadavid', 'Garcia', 1, 3, 2257, 361, '', 0, 0, 0, 'Ernesto.Cadavid1@hotmail.com', 'ingneiero', 1, 0),
(100000353, 'Juanita', 'De Valdenebro', 'Cajiao', 1, 3, 2282, 361, '', 0, 0, 0, 'Juanita.De Valdenebro1@hotmail.com', 'psicologia', 2, 0),
(100000354, 'Jesus  Robinson', 'Alvarez', 'Salas', 2, 3, 2260, 261, '', 0, 0, 0, 'Jesus  Robinson.Alvarez1@hotmail.com', 'Comerciante', 1, 0),
(100000355, 'Gloria Yaneth', 'Bonilla', 'Cañizales', 2, 3, 2258, 261, '', 0, 0, 0, 'Gloria Yaneth.Bonilla1@hotmail.com', 'hogar', 2, 0),
(100000356, 'Julio César', 'López', 'Peña', 1, 3, 2258, 258, '', 0, 0, 0, 'Julio César.López1@hotmail.com', 'Comerciante', 1, 0),
(100000357, 'Sol Esperanza', 'Villa', 'Ruíz', 2, 3, 5038, 258, '', 0, 0, 0, 'Sol Esperanza.Villa1@hotmail.com', 'ama de casa', 2, 0),
(100000358, 'Nestor Alexander', 'Gomez', 'Roa', 1, 3, 2258, 264, '', 0, 0, 0, 'Nestor Alexander.Gomez1@hotmail.com', 'Cheff', 1, 0),
(100000359, 'Gloria Stella', 'Sandoval', 'Gomez', 1, 3, 2258, 264, '', 0, 0, 0, 'Gloria Stella.Sandoval1@atlas.com.co', 'Administradora Empresas', 2, 0),
(100000360, 'Angel Ernesto', 'Varela', 'Sierra', 1, 3, 4225, 317, '', 0, 0, 0, 'Angel Ernesto.Varela1@yahoo.es', 'ENFERMERO', 1, 0),
(100000361, 'Katherine', 'Astudillo', 'Ceron', 1, 3, 2258, 317, '', 0, 0, 0, 'Katherine.Astudillo1@gmail.com', 'GINECOLOGA', 2, 0),
(100000362, 'Edison Eduardo', 'Cóndor', 'Morales', 1, 3, 594, 361, '', 0, 0, 0, 'Edison Eduardo.Cóndor1@hotmail.com', 'comerciante', 1, 0),
(100000363, 'Angie', 'Viedman', 'Gomez', 1, 3, 2258, 361, '', 0, 0, 0, 'Angie.Viedman1@hotmail.com', 'comerciante', 2, 0),
(100000364, 'Camilo', 'Quintero', 'Osorio', 1, 3, 2258, 368, '', 0, 0, 0, 'Camilo.Quintero1@hotmail.com', '.', 1, 0),
(100000365, 'Nubia', 'Lopez', 'Gonzales', 1, 3, 2258, 368, '', 0, 0, 0, 'Nubia.Lopez1@hotmail.com', '.', 2, 0),
(100000366, 'Wilfredo', 'Manrique', 'Molina', 1, 3, 2258, 266, '', 0, 0, 0, 'Wilfredo.Manrique1@hotmail.com', 'Ingeniero Electronico', 1, 0),
(100000367, 'Mabelly', 'Ospina', 'Gonzalez', 1, 3, 2258, 266, '', 0, 0, 0, 'Mabelly.Ospina1@hotmail.com', 'Comunicadora Social', 2, 0),
(100000368, 'Franklin Rodrigo', 'Quintero', 'Paz', 1, 3, 2258, 266, '', 0, 0, 0, 'Franklin Rodrigo.Quintero1@gmail.com', 'Economista', 1, 0),
(100000369, 'Olga Lucia', 'Gil', 'Gil', 1, 3, 2258, 266, '', 0, 0, 0, 'Olga Lucia.Gil1@hotmail.com', 'Economista', 2, 0),
(100000370, 'Carlos Andres', 'Henao', 'Gonzales', 2, 3, 2258, 368, '', 0, 0, 0, 'Carlos Andres.Henao1@hotmail.com', 'administracion', 1, 0),
(100000371, 'Maria Del Mar', 'Echeverri', 'Perea', 2, 3, 2258, 368, '', 0, 0, 0, 'Maria Del Mar.Echeverri1@yahoo.com', '1', 2, 0),
(100000372, 'Oscar', 'Hernández', 'Villegas', 1, 3, 2258, 321, '', 0, 0, 0, 'Oscar.Hernández1@hotmail.com', 'Administrador Seguros Bolivar', 1, 0),
(100000373, 'Carmen Lida', 'Salazar', 'Rivera', 1, 3, 2258, 321, '', 0, 0, 0, 'Carmen Lida.Salazar1@hotmail.com', 'ARTES PLASTICAS', 2, 0);
INSERT INTO `tb_persona` (`perso_codi`, `perso_nomb`, `perso_apel`, `perso_apel_2`, `esta_civi_codi`, `docu_codi`, `muni_codi_expe`, `barr_codi`, `perso_dire`, `perso_tele_casa`, `perso_tele_ofic`, `perso_celu`, `perso_mail`, `ocup_codi`, `gene_codi`, `sang_codi`) VALUES
(100000374, 'James', 'Grisales', 'Castro', 1, 3, 2258, 361, '', 0, 0, 0, 'James.Grisales1@grivaningenieria.com', 'ING MECANICO', 1, 0),
(100000375, 'Claudia Cecilia', 'Mueces', 'Lopez', 1, 3, 2258, 361, '', 0, 0, 0, 'Claudia Cecilia.Mueces1@hotmail.com', 'contadora', 2, 0),
(100000376, 'Diego Leon', 'Camacho', 'Gallego', 1, 3, 2258, 276, '', 0, 0, 0, 'Diego Leon.Camacho1@gmail.com', 'Comerciante', 1, 0),
(100000377, 'Lina', 'Botero', 'Ramirez', 1, 3, 5042, 276, '', 0, 0, 0, 'Lina.Botero1@hotmail.com', 'Publicista', 2, 0),
(100000378, 'Hermes', 'Cardenas', 'Orozco', 3, 3, 2258, 38, '', 0, 0, 0, 'Hermes.Cardenas1@hotmail.com', 'administrador', 1, 0),
(100000379, 'Janeth', 'Alzate ', 'Castaño', 3, 3, 2258, 33, '', 0, 0, 0, 'Janeth.Alzate 1@hotmail.com', 'independiente', 2, 0),
(100000380, 'Sandra', 'Alzate ', 'Castaño', 1, 3, 2258, 33, '', 0, 0, 0, 'Sandra.Alzate 1@hotmail.com', '1', 2, 0),
(100000381, 'Diego Javier', 'Ojeda', 'Oliva', 1, 3, 2269, 361, '', 0, 0, 0, 'Diego Javier.Ojeda1@hotmail.com', 'piloto', 1, 0),
(100000382, 'Gilma', 'Martinez', 'Nowoa', 1, 3, 2258, 361, '', 0, 0, 0, 'Gilma.Martinez1@hotmail.com', 'administradora turistica', 2, 0),
(100000383, 'Jorge Ivan', 'Payan', 'Amador', 1, 3, 2258, 277, '', 0, 0, 0, 'Jorge Ivan.Payan1@HOTMAIL.COM', 'ADMINISTRADOR', 1, 0),
(100000384, 'Marcela', 'Arango', 'Ramirez', 1, 3, 5037, 277, '', 0, 0, 0, 'Marcela.Arango1@HOTMAIL.COM', 'administradora', 2, 0),
(100000385, 'Arled Enrique', 'Claros', 'Muñoz', 1, 3, 2258, 278, '', 0, 0, 0, 'Arled Enrique.Claros1@hotmail.com', 'comerciante', 1, 0),
(100000386, 'Sandra Milena', 'Navas', 'Portela', 1, 3, 2258, 261, '', 0, 0, 0, 'Sandra Milena.Navas1@hotmail.com', '1', 2, 0),
(100000387, 'Alfredo', 'González', 'García', 1, 3, 2258, 361, '', 0, 0, 0, 'Alfredo.González1@hotmail.com', 'Empleado', 1, 0),
(100000388, 'Constanza', 'Collazos', 'Gómez', 1, 3, 4457, 361, '', 0, 0, 0, 'Constanza.Collazos1@hotmail.com', 'empleada', 2, 0),
(100000389, 'Rafael Ignacio', 'Bonilla', 'Vargas', 1, 3, 2270, 305, '', 0, 0, 0, 'Rafael Ignacio.Bonilla1@rbonilla.com', 'Abogado', 1, 0),
(100000390, 'Rocio', 'Toro', 'Lopez', 1, 3, 2270, 305, '', 0, 0, 0, 'Rocio.Toro1@hotmail.com', 'Abogada', 2, 0),
(100000391, 'Diego Fernando', 'Navia', 'Cabrera', 1, 3, 2258, 313, '', 0, 0, 0, 'Diego Fernando.Navia1@yahoo.com', 'Ingenier Industrial', 1, 0),
(100000392, 'Monica Alexandra', 'Ramirez', 'Vasquez', 1, 3, 5038, 313, '', 0, 0, 0, 'Monica Alexandra.Ramirez1@hotmail.com', 'Comerciante', 2, 0),
(100000393, 'Saul', 'Nuñez', 'Giron', 1, 3, 2258, 262, '', 0, 0, 0, 'Saul.Nuñez1@hotmail.com', 'comerciante', 1, 0),
(100000394, 'Maritza', 'Guzman', 'Mera', 1, 3, 2258, 262, '', 0, 0, 0, 'Maritza.Guzman1@hotmail.com', 'independiente', 2, 0),
(100000395, 'Fernando', 'Nohra', 'Martinez', 0, 0, 0, 0, '', 0, 0, 0, 'Fernando.Nohra1@hotmail.com', '0', 1, 0),
(100000396, 'Luz Adriana', 'Nieto', 'Caicedo', 0, 0, 0, 0, '', 0, 0, 0, 'Luz Adriana.Nieto1@hotmail.com', '0', 2, 0),
(100000397, 'Harry', 'Bonilla', 'Gravenhorst', 1, 3, 2258, 361, '', 0, 0, 0, 'Harry.Bonilla1@hotmail.com', 'contador publico y ingeniero de sistemas', 1, 0),
(100000398, 'Claudia Patricia', 'Payan', 'Amador', 1, 3, 2258, 364, '', 0, 0, 0, 'Claudia Patricia.Payan1@hotmail.com', 'diseno de modas', 2, 0),
(100000399, 'Edgar Vicente', 'Sacanamboy', 'Muñoz', 1, 3, 2258, 366, '', 0, 0, 0, 'Edgar Vicente.Sacanamboy1@hotmail.com', 'Oftalmólogo', 1, 0),
(100000400, 'Dora', 'Martínez', 'Ortíz', 1, 3, 4530, 366, '', 0, 0, 0, 'Dora.Martínez1@hotmail.com', 'ama de casa', 2, 0),
(100000401, 'Cesar Augusto', 'Arenas', 'Jimenez', 1, 3, 2258, 270, '', 0, 0, 0, 'Cesar Augusto.Arenas1@une.net.co', 'ing industrial', 1, 0),
(100000402, 'Adriana', 'Sedas', 'Abadia', 1, 3, 2258, 270, '', 0, 0, 0, 'Adriana.Sedas1@hotmail.com', 'bacteriologa', 2, 0),
(100000403, 'Jorge Diomedes ', 'Mercado', 'Tobias', 1, 3, 2257, 295, '', 0, 0, 0, 'Jorge Diomedes .Mercado1@hotmail.com', 'Abogado', 1, 0),
(100000404, 'Tamara  Stella', 'Cantillo', 'Hernandez', 1, 3, 2258, 295, '', 0, 0, 0, 'Tamara  Stella.Cantillo1@hotmail.com', 'Ginecoobstetra', 2, 0),
(100000405, 'Mauricio', 'Rodriguez', 'Bernal', 1, 3, 2257, 368, '', 0, 0, 0, 'Mauricio.Rodriguez1@cialutrade.com', 'EMPLEADO', 1, 0),
(100000406, 'Jannet', 'Obando', 'Arana', 1, 3, 2257, 368, '', 0, 0, 0, 'Jannet.Obando1@hotmail.com', 'Empleada', 2, 0),
(100000407, 'Martha Cecilia', 'Mateus', 'Gutierrez', 1, 3, 2257, 262, '', 0, 0, 0, 'Martha Cecilia.Mateus1@yahoo.com', 'Médico', 2, 0),
(100000408, 'Jorge Andrés', 'Pérez', 'Salazar', 1, 3, 2258, 277, '', 0, 0, 0, 'Jorge Andrés.Pérez1@yahoo.com', 'Comunicador Social -Periodista', 1, 0),
(100000409, 'Edith', 'Perdomo', 'Estrada', 1, 3, 2258, 277, '', 0, 0, 0, 'Edith.Perdomo1@yahoo.com', 'Comunicadora Social', 2, 0),
(100000410, 'Ryan James', 'Evansen', '--', 0, 0, 0, 0, '', 0, 0, 0, 'Ryan James.Evansen1@colegiobennett.edu', '0', 1, 0),
(100000411, 'Alejandra', 'Carvajal', 'Caro', 0, 0, 0, 0, '', 0, 0, 0, 'Alejandra.Carvajal1@gmail.com', '0', 2, 0),
(100000412, 'Alvaro Jose', 'Becerra', 'Lopez', 1, 3, 2257, 361, '', 0, 0, 0, 'Alvaro Jose.Becerra1@gmail.com', 'empresario', 1, 0),
(100000413, 'Ximena', 'Trujillo', 'Alvarez', 1, 3, 2258, 361, '', 0, 0, 0, 'Ximena.Trujillo1@gmail.com', '0empleada', 2, 0),
(100000414, 'Anibal  De  Jesus', 'Hincapie ', 'Ramirez', 1, 3, 4144, 360, '', 0, 0, 0, 'Anibal  De  Jesus.Hincapie 1@colegiobennett.edu.co', 'comerciante', 1, 0),
(100000415, 'Diana  Marcela', 'Garcia', 'Gonzalez', 1, 3, 2258, 360, '', 0, 0, 0, 'Diana  Marcela.Garcia1@hotmail.com', 'ama  de  casa', 2, 0),
(100000416, 'Roberto', 'Mendez', 'Farfan', 1, 3, 2257, 370, '', 0, 0, 0, 'Roberto.Mendez1@hotmail.com', 'administracion', 1, 0),
(100000417, 'Ruby', 'Borbon', 'Martinez', 1, 3, 2257, 370, '', 0, 0, 0, 'Ruby.Borbon1@hotmail.com', 'ama de casa', 2, 0),
(100000418, 'William Rodrigo', 'Becerra', 'Sanabria', 1, 3, 4296, 368, '', 0, 0, 0, 'William Rodrigo.Becerra1@comsteel.com.co', 'Ing. sistemas', 1, 0),
(100000419, 'Adriana Patricia', 'Bohorquez', 'Valencia', 1, 3, 4395, 368, '', 0, 0, 0, 'Adriana Patricia.Bohorquez1@comsteel.com.co', 'Contadora Publica', 2, 0),
(100000420, 'Alexander ', 'Gaitan ', 'Bolaños', 1, 3, 2258, 261, '', 0, 0, 0, 'Alexander .Gaitan 1@hotmail.com', 'Ingeniero', 1, 0),
(100000421, 'Claudia Viviana ', 'Angel', 'Zamudio', 1, 3, 2258, 261, '', 0, 0, 0, 'Claudia Viviana .Angel1@yahoo.com', 'Abogada', 2, 0),
(100000422, 'Ricardo', 'Lopez', 'Castillo', 1, 3, 2258, 264, '', 0, 0, 0, 'Ricardo.Lopez1@hotmail.com', 'INGENIERO MECANICO', 1, 0),
(100000423, 'Beatriz', 'Esteban', 'Sendoya', 1, 3, 4303, 264, '', 0, 0, 0, 'Beatriz.Esteban1@hotmail.com', 'ARQUITECTA', 2, 0),
(100000424, 'Alvaro', 'Cardenas', 'Salzar', 1, 3, 2285, 371, '', 0, 0, 0, 'Alvaro.Cardenas1@gmail.com', 'Contador Publico', 1, 0),
(100000425, 'Norazaira', 'Lopez', 'Ravagli', 1, 3, 2285, 371, '', 0, 0, 0, 'Norazaira.Lopez1@hotmail.com', 'Docente', 2, 0),
(100000426, 'Julio Cesar', 'Padilla', 'Ayala', 1, 3, 2257, 46, '', 0, 0, 0, 'Julio Cesar.Padilla1@hotmail.com', '', 1, 0),
(100000427, 'Maria Elena', 'Arizabaleta', 'Gonzalez', 1, 3, 2258, 46, '', 0, 0, 0, 'Maria Elena.Arizabaleta1@yahoo.com', '0', 2, 0),
(100000428, 'Carlos Alberto', 'Morales', 'Franco', 1, 3, 2265, 361, '', 0, 0, 0, 'Carlos Alberto.Morales1@kcc.com', 'ingeniero mecanico', 1, 0),
(100000429, 'Margarita Maria', 'Herrera', 'Varela', 1, 3, 2258, 361, '', 0, 0, 0, 'Margarita Maria.Herrera1@hotmail.com', 'coordinadora comercial zona valle', 2, 0),
(100000430, 'Cesar Augusto', 'Garcia ', 'Sanchez', 1, 3, 2278, 278, '', 0, 0, 0, 'Cesar Augusto.Garcia 1@hotmail.com', 'contratista', 1, 0),
(100000431, 'Gloria Elena', 'Arana', 'Ramos', 1, 3, 2278, 278, '', 0, 0, 0, 'Gloria Elena.Arana1@hotmail.com', 'comerciante', 2, 0),
(100000432, 'Henry', 'Espinosa', 'Solis', 1, 3, 2258, 368, '', 0, 0, 0, 'Henry.Espinosa1@tecnoquim.com.co', 'Empleado', 1, 0),
(100000433, 'Ruby', 'Dueñas', 'Echeverri', 1, 3, 2258, 368, '', 0, 0, 0, 'Ruby.Dueñas1@hotmail.com', 'Administradora', 2, 0),
(100000434, 'Alfredo', 'Guevara', 'Jaramillo', 1, 3, 2258, 361, '', 0, 0, 0, 'Alfredo.Guevara1@hotmail.com', 'contador', 1, 0),
(100000435, 'Lorena Del Pilar', 'Velasco', 'Osorio', 1, 3, 2258, 361, '', 0, 0, 0, 'Lorena Del Pilar.Velasco1@uao.edu.co', 'contralora', 2, 0),
(100000436, 'Nestor', 'Velasquez', 'Quintero', 2, 3, 2258, 317, '', 0, 0, 0, 'Nestor.Velasquez1@hotmail.com', 'Independiente', 1, 0),
(100000437, 'Maria Eugenia', 'Suarez', 'Loaiza', 3, 3, 2258, 336, '', 0, 0, 0, 'Maria Eugenia.Suarez1@hotmail.com', 'Free lance Panaca', 2, 0),
(100000438, 'Nicolas', 'Escobar', 'Hurtado', 1, 3, 2261, 116, '', 0, 0, 0, 'Nicolas.Escobar1@yahoo.com', 'Quimico', 1, 0),
(100000439, 'Yamilet', 'Gil', 'Restrepo', 1, 3, 2258, 116, '', 0, 0, 0, 'Yamilet.Gil1@hotmail.com', 'Docente', 2, 0),
(100000440, 'Plutarco Antonio', 'Camacho', 'Romero', 1, 3, 2258, 90, '', 0, 0, 0, 'Plutarco Antonio.Camacho1@hotmail.com', 'VENTAS', 1, 0),
(100000441, 'Elizabeth', 'Rios', 'Lopez', 1, 3, 2258, 90, '', 0, 0, 0, 'Elizabeth.Rios1@hotmail.com', 'Docente', 2, 0),
(100000442, 'Juan Carlos', 'Mejia', 'Millan', 1, 3, 5040, 266, '', 0, 0, 0, 'Juan Carlos.Mejia1@YAHOO.COM', '0', 1, 0),
(100000443, 'Gloria Patricia', 'Fajardo', 'Renteria', 1, 3, 2272, 266, '', 0, 0, 0, 'Gloria Patricia.Fajardo1@HOTMAIL.COM', '0', 2, 0),
(100000444, 'Javier Heli', 'Castaño', 'Montes', 1, 3, 5054, 262, '', 0, 0, 0, 'Javier Heli.Castaño1@hotmail.com', 'empleado', 1, 0),
(100000445, 'Sandra Maria', 'Cardona', 'Yarza', 1, 6, 2286, 262, '', 0, 0, 0, 'Sandra Maria.Cardona1@hotmail.com', '0', 2, 0),
(100000446, 'Juan Armando', 'Sinisterra', 'Reyes', 1, 3, 2278, 254, '', 0, 0, 0, 'Juan Armando.Sinisterra1@cipav.org.co', 'Ingeniero agropecuario', 1, 0),
(100000447, 'Luis Alberto', 'Figueroa', 'Marmolejo', 1, 3, 2278, 262, '', 0, 0, 0, 'Luis Alberto.Figueroa1@hotmail.com', 'Comerciante', 1, 0),
(100000448, 'Glenda Maria', 'Roldan', 'Gonzalez', 1, 3, 2258, 262, '', 0, 0, 0, 'Glenda Maria.Roldan1@yahoo.com', '0', 2, 0),
(100000449, 'Jaime Alonso', 'Londoño', 'Gonzalez', 1, 3, 2259, 257, '', 0, 0, 0, 'Jaime Alonso.Londoño1@colegiobennett.edu.co', 'comerciante', 1, 0),
(100000450, 'Viviana', 'Ramirez', 'Rengifo', 1, 3, 2258, 257, '', 0, 0, 0, 'Viviana.Ramirez1@hotmail.com', 'Administradora de Empresa', 2, 0),
(100000451, 'Alejandro', 'Ulloa', 'Marìn ', 1, 3, 2258, 361, '', 0, 0, 0, 'Alejandro.Ulloa1@hotmail.com', 'transporte', 1, 0),
(100000452, 'Yudy Fernanda', 'Muñoz', 'Hoyos', 2, 3, 2258, 361, '', 0, 0, 0, 'Yudy Fernanda.Muñoz1@hotmail.com', 'Abogada', 2, 0),
(100000453, 'Luis Antonio', 'Pineda', 'Bastidas', 1, 3, 2258, 361, '', 0, 0, 0, 'Luis Antonio.Pineda1@hotmail.com', 'Asesor de Seguros', 1, 0),
(100000454, 'Adriana', 'Gutierrez', 'Franco', 1, 3, 2258, 361, '', 0, 0, 0, 'Adriana.Gutierrez1@hotmail.com', 'Administradora de Empresas', 2, 0),
(100000455, 'Mario De Jesus', 'Valencia', 'Arias', 1, 3, 2258, 34, '', 0, 0, 0, 'Mario De Jesus.Valencia1@hotmail.com', 'comerciante', 1, 0),
(100000456, 'Patricia', 'Escobar', 'Sanchez', 1, 3, 2258, 34, '', 0, 0, 0, 'Patricia.Escobar1@hotmail.com', 'Comerciante ', 2, 0),
(100000457, 'Diego Hernan', 'Manchola', 'Pascuas', 5, 3, 2258, 261, '', 0, 0, 0, 'Diego Hernan.Manchola1@hotmail.com', 'comerciante', 1, 0),
(100000458, 'Magda', 'Hurtado', 'Muñoz', 5, 3, 2258, 261, '', 0, 0, 0, 'Magda.Hurtado1@hotmail.com', 'comerciante', 2, 0),
(100000459, 'Samuel Antonio', 'Bedoya', 'Correa', 1, 3, 2258, 368, '', 0, 0, 0, 'Samuel Antonio.Bedoya1@hotmail.com', 'Ingeniero Industrial', 1, 0),
(100000460, 'Maria Cristina', 'Bustamante', 'Gaviria', 1, 3, 2258, 368, '', 0, 0, 0, 'Maria Cristina.Bustamante1@hotmail.com', 'comerciante', 2, 0),
(100000461, 'Olid Iván ', 'Ochoa', 'Valencia', 1, 3, 2282, 272, '', 0, 0, 0, 'Olid Iván .Ochoa1@gmail.com', 'medico', 1, 0),
(100000462, 'Consuelo', 'Zárate', 'Guío', 1, 3, 5102, 272, '', 0, 0, 0, 'Consuelo.Zárate1@hotmail.com', '0', 2, 0),
(100000463, 'Jorge Eduardo ', 'Garces', 'Restrepo', 5, 3, 2258, 368, '', 0, 0, 0, 'Jorge Eduardo .Garces1@Telmex.net.co', 'Médico', 1, 0),
(100000464, 'Gloria Patricia ', 'Ortiz', '', 5, 3, 2258, 368, '', 0, 0, 0, 'Gloria Patricia .Ortiz1@hotmail.com', 'Sociologa', 2, 0),
(100000465, 'Jose David', 'Sierra', 'Libreros', 1, 3, 2258, 265, '', 0, 0, 0, 'Jose David.Sierra1@gruasdeoccidente.com', 'Ingeniero Industrial', 1, 0),
(100000466, 'Ana Maria', 'Lizcano', 'Astaiza', 1, 3, 2258, 265, '', 0, 0, 0, 'Ana Maria.Lizcano1@hotmail.com', 'Administradora', 2, 0),
(100000467, 'Fabian ', 'Polania ', 'Rogelis ', 1, 3, 2258, 277, '', 0, 0, 0, 'Fabian .Polania 1@gmail.com', '0', 1, 0),
(100000468, 'Nidya ', 'Gasca', 'Suarez', 1, 3, 2258, 277, '', 0, 0, 0, 'Nidya .Gasca1@hotmail.com', 'Transporte de pasajeros ', 2, 0),
(100000469, 'Rodulfo Jose', 'Verhelst', 'Marrugo', 1, 3, 2261, 261, '', 0, 0, 0, 'Rodulfo Jose.Verhelst1@hotmail.com', 'empleado', 1, 0),
(100000470, 'Martha Aychel', 'Chaverra', 'Rojas', 1, 3, 2258, 261, '', 0, 0, 0, 'Martha Aychel.Chaverra1@hotmail.com', 'ama de casa', 2, 0),
(100000471, 'Fernando Alfonso', 'López', '---', 3, 3, 2258, 136, '', 0, 0, 0, 'Fernando Alfonso.López1@serviamerica.com.co', 'Ingeniero Mecánico', 1, 0),
(100000472, 'Maria Fernanda', 'Silva', 'Medina', 3, 3, 2258, 374, '', 0, 0, 0, 'Maria Fernanda.Silva1@silvaabogados.com', 'Abogada', 2, 0),
(100000473, 'Oscar Hernan', 'Patiño', 'Gutierrez', 1, 3, 2258, 299, '', 0, 0, 0, 'Oscar Hernan.Patiño1@inclicol.com', 'Ingeniero', 1, 0),
(100000474, 'Elisa', 'Tamayo', 'Aedo', 4, 3, 2258, 318, '', 0, 0, 0, 'Elisa.Tamayo1@hotmail.com', 'Florista', 2, 0),
(100000475, 'Jose Abel', 'Soto', 'Jiménez', 1, 3, 2265, 266, '', 0, 0, 0, 'Jose Abel.Soto1@grupoargos.com', 'administrador', 1, 0),
(100000476, 'Yolanda Cecilia', 'García', 'Guzman', 1, 3, 4864, 266, '', 0, 0, 0, 'Yolanda Cecilia.García1@colegiobennett.edu.co', 'docente', 2, 0),
(100000477, 'Gabriel', 'Valencia', 'Valencia', 1, 3, 2257, 258, '', 0, 0, 0, 'Gabriel.Valencia1@conalvias.es', 'Empleado Administracion', 1, 0),
(100000478, 'Sandra Del Mar', 'Sacanamboy', 'Franco', 1, 3, 2258, 258, '', 0, 0, 0, 'Sandra Del Mar.Sacanamboy1@gmail.com', 'Empleada Adminstracion', 2, 0),
(100000479, 'Elix Manuel', 'Molina', 'Vallejo', 1, 3, 2258, 0, '', 0, 0, 0, 'Elix Manuel.Molina1@hotmail.com', '0', 1, 0),
(100000480, 'Myriam Helena', 'Zorrilla', 'Zorrilla', 4, 3, 2258, 321, '', 0, 0, 0, 'Myriam Helena.Zorrilla1@hotmail.com', 'MEDICA', 2, 0),
(100000481, 'Mauricio', 'Gonzalez', 'Ortiz', 0, 0, 0, 0, '', 0, 0, 0, 'Mauricio.Gonzalez1@hotmail.com', '0', 1, 0),
(100000482, 'Angela Maria', 'Restrepo', 'Sarria', 0, 0, 0, 0, '', 0, 0, 0, 'Angela Maria.Restrepo1@hotmail.com', '0', 2, 0),
(100000483, 'Luis Yovany', 'Romo', 'Portilla', 1, 3, 2258, 152, '', 0, 0, 0, 'Luis Yovany.Romo1@colegiobennett.edu.co', 'Ingeniero de Sistemas', 1, 0),
(100000484, 'Dufay', 'Ruiz', 'Ortiz', 1, 3, 2258, 152, '', 0, 0, 0, 'Dufay.Ruiz1@hotmail.com', 'Hogar', 2, 0),
(100000485, 'Luis Alfonso', 'Ruiz', 'Herrera', 1, 3, 2258, 374, '', 0, 0, 0, 'Luis Alfonso.Ruiz1@hotmail.com', 'Contratista', 1, 0),
(100000486, 'Yamile', 'Vasquez', 'Duque', 1, 3, 2258, 374, '', 0, 0, 0, 'Yamile.Vasquez1@hotmail.com', 'Comerciante', 2, 0),
(100000487, 'Jorge Hernan', 'Montoya', 'Carvajal', 1, 3, 2285, 262, '', 0, 0, 0, 'Jorge Hernan.Montoya1@hotmail.com', 'comerciante', 1, 0),
(100000488, 'Sandra', 'Gonzalez', 'Rojas', 1, 3, 5055, 262, '', 0, 0, 0, 'Sandra.Gonzalez1@hotmail.com', 'ama de casa', 2, 0),
(100000489, 'David Esteban', 'Osorio', 'Fajardo', 1, 3, 2258, 257, '', 0, 0, 0, 'David Esteban.Osorio1@hotmail.com', 'Ingeniero Mecanico', 1, 0),
(100000490, 'Maria Angelica', 'Alzate', 'Alvarado', 1, 3, 2258, 257, '', 0, 0, 0, 'Maria Angelica.Alzate1@caferopasport.com', 'Odontologa', 2, 0),
(100000491, 'Juan Carlos', 'Narvaez', 'Reyes', 1, 3, 2269, 271, '', 0, 0, 0, 'Juan Carlos.Narvaez1@hotmail.com', 'Fallecido', 1, 0),
(100000492, 'Fabiola', 'Perdomo', 'Estrada', 4, 3, 2258, 271, '', 0, 0, 0, 'Fabiola.Perdomo1@hotmail.com', 'Comunicadora Social', 2, 0),
(100000493, 'Arley', 'Mira', 'Guevara', 1, 3, 2258, 266, '', 0, 0, 0, 'Arley.Mira1@bancodeoccidente.com.co', 'gerente de zona valle', 1, 0),
(100000494, 'Adriana De Los Angeles', 'Delgado', 'Chaves', 1, 3, 2258, 266, '', 0, 0, 0, 'Adriana De Los Angeles.Delgado1@leasingbancolombia.com.co', 'Ejecutiva Comercial', 2, 0),
(100000495, 'Carlos Alberto', 'Loaiza', 'Quiceno', 1, 3, 2285, 278, '', 0, 0, 0, 'Carlos Alberto.Loaiza1@hotmail.com', 'Comerciante', 1, 0),
(100000496, 'Aleyda', 'Londoño', 'Ramirez', 1, 3, 2258, 278, '', 0, 0, 0, 'Aleyda.Londoño1@hotmail.com', 'Economista', 2, 0),
(100000497, 'Jairo Fabian', 'Martinez', 'Argoti', 1, 3, 2269, 361, '', 0, 0, 0, 'Jairo Fabian.Martinez1@hotmail.com', 'GERENTE', 1, 0),
(100000498, 'Claudia Patricia', 'Cardona', 'Lora', 1, 3, 2269, 361, '', 0, 0, 0, 'Claudia Patricia.Cardona1@hotmail.com', 'GERENTE', 2, 0),
(100000499, 'Juan Fernando', 'Henao ', 'Hernandez', 1, 3, 5047, 372, '', 0, 0, 0, 'Juan Fernando.Henao 1@henaohernandez.com', 'Abogado', 1, 0),
(100000500, 'Ana Maria', 'Zapata', 'Rivera', 1, 3, 2258, 372, '', 0, 0, 0, 'Ana Maria.Zapata1@henaohernandez.com', 'Abogada', 2, 0),
(100000501, 'Guido', 'Aguado', 'Ocampo', 1, 3, 2258, 261, '', 0, 0, 0, 'Guido.Aguado1@hotmail.com', 'ejecutivo comercial', 1, 0),
(100000502, 'Carolina Maria', 'Agudelo', 'Palacios', 1, 3, 2258, 261, '', 0, 0, 0, 'Carolina Maria.Agudelo1@hotmail.com', 'asesora seguros', 2, 0),
(100000503, 'Julian', 'Sandoval', 'Arredondo', 5, 3, 2258, 371, '', 0, 0, 0, 'Julian.Sandoval1@hotmail.com', 'abogado', 1, 0),
(100000504, 'Viviana Patricia', 'Patiño', 'Henao', 5, 3, 2259, 371, '', 0, 0, 0, 'Viviana Patricia.Patiño1@hotmail.com', 'comerciante', 2, 0),
(100000505, 'Juan Pablo ', 'Rodriguez', 'Moreno', 1, 3, 2258, 368, '', 0, 0, 0, 'Juan Pablo .Rodriguez1@yahoo.com', 'Administrador', 1, 0),
(100000506, 'Tatiana ', 'Zapata', 'Parra', 1, 3, 2258, 368, '', 0, 0, 0, 'Tatiana .Zapata1@hotmail.com', 'Administrador ', 2, 0),
(100000507, 'Mauricio', 'Gomez', 'Navarrete', 1, 3, 2285, 262, '', 0, 0, 0, 'Mauricio.Gomez1@tecnoquimicas.com', 'Quimico Farmaceutico', 1, 0),
(100000508, 'Luz Patricia', 'Aramburo', 'Correa', 1, 3, 2259, 262, '', 0, 0, 0, 'Luz Patricia.Aramburo1@hotmail.com', '0', 2, 0),
(100000509, 'Juan Carlos', 'Vivas', 'Irurita', 1, 3, 2258, 374, '', 0, 0, 0, 'Juan Carlos.Vivas1@msn.com', 'Ventas', 1, 0),
(100000510, 'Olga Haydée', 'Sastoque', 'Carvajal', 1, 3, 2258, 374, '', 0, 0, 0, 'Olga Haydée.Sastoque1@colegiobennett.edu.co', 'Educadora', 2, 0),
(100000511, 'Humberto Jose', 'Vidal', 'Mayorga', 1, 3, 2258, 360, '', 0, 0, 0, 'Humberto Jose.Vidal1@hotmail.com', 'Arquitecto', 1, 0),
(100000512, 'Gladys Constanza', 'Vargas', 'Ortiz', 1, 3, 4656, 360, '', 0, 0, 0, 'Gladys Constanza.Vargas1@hotmail.com', '1', 2, 0),
(100000513, 'Leobardo', 'Amu', 'Sierra', 5, 3, 5028, 109, '', 0, 0, 0, 'Leobardo.Amu1@gmail.com', 'gerente', 1, 0),
(100000514, 'Diana', 'Trejos', 'Mena', 5, 3, 2258, 109, '', 0, 0, 0, 'Diana.Trejos1@hotmail.com', 'jefe de contabilidad', 2, 0),
(100000515, 'Francisco', 'Melo', 'Barrera', 5, 3, 2257, 361, '', 0, 0, 0, 'Francisco.Melo1@hotmail.com', 'constructor', 1, 0),
(100000516, 'Gaby Maritza', 'Condor', 'Morales', 5, 3, 2257, 361, '', 0, 0, 0, 'Gaby Maritza.Condor1@hotmail.com', 'comerciante', 2, 0),
(100000517, 'Jorge De Paul', 'Galindo', 'Arce', 1, 3, 2258, 297, '', 0, 0, 0, 'Jorge De Paul.Galindo1@hotmail.com', 'Comerciante', 1, 0),
(100000518, 'Claudia Patricia', 'Orozco', 'Rojas', 1, 3, 2258, 297, '', 0, 0, 0, 'Claudia Patricia.Orozco1@hotmail.com', 'Ama de Casa', 2, 0),
(100000519, 'Harold Eduardo', 'Guzman', 'Holguin', 1, 3, 2285, 361, '', 0, 0, 0, 'Harold Eduardo.Guzman1@goloso.com.co', 'Independiente- Agropecuaria Goloso', 1, 0),
(100000520, 'Elizabeth', 'Cortes', 'Gonzalez', 1, 3, 2258, 361, '', 0, 0, 0, 'Elizabeth.Cortes1@hotmail.com', 'Gerencia Administrativa', 2, 0),
(100000521, 'Juan Manuel', 'Gomez', 'Garay', 2, 3, 2258, 19, '', 0, 0, 0, 'Juan Manuel.Gomez1@gmail.com', 'Empleado', 1, 0),
(100000522, 'Marcela', 'Acosta', 'Lenis', 1, 3, 2258, 296, '', 0, 0, 0, 'Marcela.Acosta1@hotmail.com', 'Empleado', 2, 0),
(100000523, 'Luis Fernando', 'Velez', 'Murgueitio', 1, 3, 2258, 317, '', 0, 0, 0, 'Luis Fernando.Velez1@telmex.net.co', 'Independiente', 1, 0),
(100000524, 'Luz Helena', 'Jimenez', 'Gonzalez', 1, 3, 2258, 317, '', 0, 0, 0, 'Luz Helena.Jimenez1@gmail.com', 'Independiente', 2, 0),
(100000525, 'Adolfo Javier', 'Chacón', 'Vélez', 1, 3, 2258, 365, '', 0, 0, 0, 'Adolfo Javier.Chacón1@papeleriaredox.com', 'Administrador De Empresas', 1, 0),
(100000526, 'Nadia', 'Payán', 'Martínez', 1, 3, 2258, 365, '', 0, 0, 0, 'Nadia.Payán1@papeleriaredox.com', 'Administradora', 2, 0),
(100000527, 'Ruben  Dario', 'Cardozo', 'Franco', 1, 3, 2258, 262, '', 0, 0, 0, 'Ruben  Dario.Cardozo1@hotmail.com', 'ddd', 1, 0),
(100000528, 'Luz Angela', 'Rengifo', 'Velez', 4, 3, 5039, 262, '', 0, 0, 0, 'Luz Angela.Rengifo1@hotmail.com', 'Docente', 2, 0),
(100000529, 'Alberto', 'Alvarez', 'Echeverry', 1, 3, 2258, 34, '', 0, 0, 0, 'Alberto.Alvarez1@yahoo.com', 'SOCIEDAD FAMILIAR -  IMPORTADORA CALI', 1, 0),
(100000530, 'Myrian Ximena ', 'Aguado', 'Riaño', 3, 3, 2258, 34, '', 0, 0, 0, 'Myrian Ximena .Aguado1@yahoo.com', 'Gerente comercial', 2, 0),
(100000531, 'Norbey', 'Herrera', 'Aristizabal', 1, 3, 2258, 361, '', 0, 0, 0, 'Norbey.Herrera1@mercamio.com', 'Comerciante', 1, 0),
(100000532, 'Gloria Yamileth', 'Saenz ', 'Sarria', 1, 3, 5026, 361, '', 0, 0, 0, 'Gloria Yamileth.Saenz 1@hotmail.com', 'ADMINISTRADORA DE EMPRESAS', 2, 0),
(100000533, 'David', 'Fayad', 'Garcia', 0, 0, 0, 0, '', 0, 0, 0, 'David.Fayad1@hotmail.com', '0', 1, 0),
(100000534, 'Ximena', 'Arango', 'Ocampo', 0, 0, 0, 0, '', 0, 0, 0, 'Ximena.Arango1@hotmail.com', '0', 2, 0),
(100000535, 'Javier Omar ', 'Gonzalez', 'Sarria', 1, 3, 4649, 374, '', 0, 0, 0, 'Javier Omar .Gonzalez1@hotmail.com', 'gerente', 1, 0),
(100000536, 'Merlyn Nayibe', 'Muñoz', 'Meneses', 1, 3, 2258, 374, '', 0, 0, 0, 'Merlyn Nayibe.Muñoz1@hotmail.com', 'jefe producción', 2, 0),
(100000537, 'Hevert Augusto ', 'Peralta', 'Renteria', 1, 3, 5040, 266, '', 0, 0, 0, 'Hevert Augusto .Peralta1@hotmail.com', 'Comerciante, rentista capital', 1, 0),
(100000538, 'Claudia Bibiana ', 'Mejía ', 'Millán ', 3, 3, 5040, 266, '', 0, 0, 0, 'Claudia Bibiana .Mejía 1@yahoo.com', 'Asistente maestra ', 2, 0),
(100000539, 'Eugenio', 'Echavarria', 'Alvarado', 1, 3, 2269, 368, '', 0, 0, 0, 'Eugenio.Echavarria1@yahoo.es', 'Ingeniero Mecanico', 1, 0),
(100000540, 'Juliana', 'Sernich', 'Mamian', 1, 3, 2258, 368, '', 0, 0, 0, 'Juliana.Sernich1@yahoo.es', 'Contadora Publica', 2, 0),
(100000541, 'Andres Felipe', 'Idarraga', 'Rios', 1, 3, 2278, 361, '', 0, 0, 0, 'Andres Felipe.Idarraga1@hotmail.com', 'Abogado', 1, 0),
(100000542, 'Soraya', 'Muñoz', 'Rodriguez', 1, 3, 2258, 361, '', 0, 0, 0, 'Soraya.Muñoz1@hotmail.com', '0', 2, 0),
(100000543, 'Jaime Alberto', 'Forero', 'Paez', 1, 3, 2258, 299, '', 0, 0, 0, 'Jaime Alberto.Forero1@hotmail.com', 'Avaluador', 1, 0),
(100000544, 'Maria Cristina', 'Buritica', 'Zuñiga', 1, 3, 2258, 299, '', 0, 0, 0, 'Maria Cristina.Buritica1@hotmail.com', '0', 2, 0),
(100000545, 'Armando Jose', 'Solanilla', 'Ayala', 1, 3, 2258, 29, '', 0, 0, 0, 'Armando Jose.Solanilla1@hotmail.com', 'Ingeniero Civil', 1, 0),
(100000546, 'Piedad Monica', 'Zuluaga', 'Caro', 1, 3, 2258, 303, '', 0, 0, 0, 'Piedad Monica.Zuluaga1@hotmail.com', 'asesora juridica tributaria', 2, 0),
(100000547, 'Gonzalo Hernan', 'Ricardo ', 'Betancourth', 1, 3, 2257, 360, '', 0, 0, 0, 'Gonzalo Hernan.Ricardo 1@yahoo.com', 'Hotelero', 1, 0),
(100000548, 'Adriana', 'Vargas', 'Quiroga', 1, 3, 2257, 368, '', 0, 0, 0, 'Adriana.Vargas1@hotmail.com', 'ARQUITECTA', 2, 0),
(100000549, 'Fredy', 'Ospina', 'Orejuela', 1, 3, 2258, 300, '', 0, 0, 0, 'Fredy.Ospina1@hotmail.com', 'ABOGADO', 1, 0),
(100000550, 'Gloria Ines', 'Giraldo', 'Corrales', 1, 3, 5031, 300, '', 0, 0, 0, 'Gloria Ines.Giraldo1@valledelcauca.gov.co', 'EMPLEADO PUBLICO', 2, 0),
(100000551, 'Jhon Marles', 'Perez', 'Gonzalez', 1, 3, 2258, 361, '', 0, 0, 0, 'Jhon Marles.Perez1@JYSCARGO.COM', 'Ingeniero mecanico', 1, 0),
(100000552, 'Sandra Lorena', 'Ausenon', 'Gaitan', 1, 3, 2258, 361, '', 0, 0, 0, 'Sandra Lorena.Ausenon1@JYSCARGO.COM', 'bacteriologa', 2, 0),
(100000553, 'Juver Alfonso', 'Salazar', 'Jimenez', 1, 3, 2258, 368, '', 0, 0, 0, 'Juver Alfonso.Salazar1@hotmail.com', 'Comerciante', 1, 0),
(100000554, 'Maryury', 'Giraldo', 'Vera', 1, 3, 2258, 368, '', 0, 0, 0, 'Maryury.Giraldo1@hotmail.com', 'Comerciante', 2, 0),
(100000555, 'Arcesio', 'Llano', 'Ortiz', 1, 3, 2258, 368, '', 0, 0, 0, 'Arcesio.Llano1@HOTMAIL.COM', 'GERENTE', 1, 0),
(100000556, 'Paola Andrea', 'Aucenon', 'Gaitan', 1, 3, 2258, 368, '', 0, 0, 0, 'Paola Andrea.Aucenon1@HOTMAIL.COM', 'ADMINISTRADORA', 2, 0),
(100000557, 'Jairo Danilo', 'Romero', 'Ortiz', 1, 3, 2257, 271, '', 0, 0, 0, 'Jairo Danilo.Romero1@ingesoft.com.co', '', 1, 0),
(100000558, 'Martha Lucia', 'Escobar', 'Botero', 1, 3, 2257, 271, '', 0, 0, 0, 'Martha Lucia.Escobar1@hotelesestelar.com', 'Empleada', 2, 0),
(100000559, 'Gustavo Humberto', 'Montoya', 'Guevara', 5, 3, 2258, 321, '', 0, 0, 0, 'Gustavo Humberto.Montoya1@hotmail.com', 'Gerente propietario', 1, 0),
(100000560, 'Martha Lucia', 'Quintero ', 'Escobar', 5, 3, 5049, 321, '', 0, 0, 0, 'Martha Lucia.Quintero 1@hotmail.com', 'administradora', 2, 0),
(100000561, 'Alfredo Adolfo', 'Rodriguez', 'Sierra', 1, 3, 2258, 368, '', 0, 0, 0, 'Alfredo Adolfo.Rodriguez1@emcali.com.co', 'Ingeniero Electricista', 1, 0),
(100000562, 'Sandra Patricia', 'Barrera', 'Loaiza', 1, 3, 2258, 368, '', 0, 0, 0, 'Sandra Patricia.Barrera1@hotmail.com', 'Ingeniera Electricista', 2, 0),
(100000563, 'Miguel Vicente', 'Vargas ', 'Castillo', 1, 3, 2258, 271, '', 0, 0, 0, 'Miguel Vicente.Vargas 1@hotmail.com', '0', 1, 0),
(100000564, 'Lelys Mireya', 'Morales', 'Rodriguez', 1, 3, 2258, 271, '', 0, 0, 0, 'Lelys Mireya.Morales1@hotmail.com', 'Administradora', 2, 0),
(100000565, 'Edgar', 'Flórez', 'Buriticá', 2, 3, 2258, 374, '', 0, 0, 0, 'Edgar.Flórez1@telefonica.com', 'Ingeniero Electrónico', 1, 0),
(100000566, 'Paula Andrea', 'Rojas', 'Patiño', 2, 3, 2257, 374, '', 0, 0, 0, 'Paula Andrea.Rojas1@hotmail.com', 'Abogada', 2, 0),
(100000567, 'Jairo', 'Ospina', 'Muñoz', 1, 3, 2258, 368, '', 0, 0, 0, 'Jairo.Ospina1@hotmail.com', 'rentista de capital', 1, 0),
(100000568, 'Janeth ', 'Vargas', 'Peñaranda', 1, 3, 5037, 368, '', 0, 0, 0, 'Janeth .Vargas1@hotmail.com', 'rentista de capital', 2, 0),
(100000569, 'Daniel', 'Escobar', 'Espinosa', 3, 3, 2258, 264, '', 0, 0, 0, 'Daniel.Escobar1@gmail.com', 'contador comerciante', 1, 0),
(100000570, 'Maria Soledad', 'Herrera', 'Aristizabal', 1, 3, 2258, 368, '', 0, 0, 0, 'Maria Soledad.Herrera1@autoserviciomercatodo.com', 'contador comerciante', 2, 0),
(100000571, 'Raul Antonio', 'Eraso', 'Mejia', 1, 3, 4754, 361, '', 0, 0, 0, 'Raul Antonio.Eraso1@hotmail.com', 'comerciante', 1, 0),
(100000572, 'Martha Cecilia', 'Lopez', 'Olave', 1, 3, 4998, 361, '', 0, 0, 0, 'Martha Cecilia.Lopez1@hotmail.com', '1', 2, 0),
(100000573, 'Jorge', 'Latorre', 'Montero', 1, 3, 2258, 360, '', 0, 0, 0, 'Jorge.Latorre1@correounivalle.edu.co', 'Docente Universitario', 1, 0),
(100000574, 'Doralba', 'Castaño', 'Gil', 1, 3, 5026, 360, '', 0, 0, 0, 'Doralba.Castaño1@yahoo.es', 'Contadora Publica Independiente', 2, 0),
(100000575, 'Jose Orlando ', 'Buritica', 'Bedoya', 1, 3, 2257, 254, '', 0, 0, 0, 'Jose Orlando .Buritica1@hotmail.com', 'transporte', 1, 0),
(100000576, 'Liliana', 'Linares', 'Martinez', 1, 3, 2258, 254, '', 0, 0, 0, 'Liliana.Linares1@hotmail.com', 'transporte', 2, 0),
(100000577, 'Humberto', 'Arana', 'Bedoya', 1, 3, 2258, 363, '', 0, 0, 0, 'Humberto.Arana1@colegiobennett.edu', 'ing. de sistemas', 1, 0),
(100000578, 'Gloria Del Pilar', 'Ussa', 'Medina', 1, 3, 2258, 368, '', 0, 0, 0, 'Gloria Del Pilar.Ussa1@hotmail.com', 'transportadora', 2, 0),
(100000579, 'Gustavo Adolfo', 'Velasco', 'Escobar', 1, 3, 2282, 361, '', 0, 0, 0, 'Gustavo Adolfo.Velasco1@hotmail.com', 'Contratista', 1, 0),
(100000580, 'Josefina', 'Ayerbe', 'Camayo', 1, 3, 2282, 361, '', 0, 0, 0, 'Josefina.Ayerbe1@hotmail.com', 'ama de casa', 2, 0),
(100000581, 'Carlos Hernan', 'Rodriguez', 'Becerra', 1, 3, 2258, 265, '', 0, 0, 0, 'Carlos Hernan.Rodriguez1@hotmail.com', 'Abogado', 1, 0),
(100000582, 'Maria Isabel', 'Arzuaga', 'Zapata', 1, 3, 2275, 265, '', 0, 0, 0, 'Maria Isabel.Arzuaga1@hotmail.com', 'Abogada', 2, 0),
(100000583, 'Elizabeth', 'Escobar', 'Escobar', 4, 3, 2258, 261, '', 0, 0, 0, 'Elizabeth.Escobar1@hotmail.com', 'cosmiatra', 1, 0),
(100000584, 'Rene', 'Valdes', 'Ruales', 1, 3, 2258, 360, '', 0, 0, 0, 'Rene.Valdes1@hotmail.com', 'comerciante', 1, 0),
(100000585, 'Adriana', 'Garces', 'Restrepo', 1, 3, 5054, 360, '', 0, 0, 0, 'Adriana.Garces1@hotmail.com', 'comerciante', 2, 0),
(100000586, 'Carlos Arturo', 'Restrepo', 'Arias', 3, 3, 2265, 368, '', 0, 0, 0, 'Carlos Arturo.Restrepo1@hotmail.com', '0', 1, 0),
(100000587, 'Ruth', 'Barrera', 'Loaiza', 1, 3, 5037, 368, '', 0, 0, 0, 'Ruth.Barrera1@hotmail.com', 'administradora', 2, 0),
(100000588, 'Manuel Alberto ', 'Burbano ', 'Salazar', 1, 3, 4594, 275, '', 0, 0, 0, 'Manuel Alberto .Burbano 1@gmail.com', 'cirujano maxilofacial.', 1, 0),
(100000589, 'Adriana Maria', 'Herrera', 'Rubio', 1, 3, 4632, 275, '', 0, 0, 0, 'Adriana Maria.Herrera1@hotmail.com', 'Radióloga Oral y Maxilofacial', 2, 0),
(100000590, 'Jairo Josue', 'Mideros', 'Tascon', 3, 3, 2257, 260, '', 0, 0, 0, 'Jairo Josue.Mideros1@hotmail.com', 'Tecnologo en Petroleos ', 1, 0),
(100000591, 'Alma De Rosa', 'Zamora', 'Arrechea', 2, 3, 5037, 260, '', 0, 0, 0, 'Alma De Rosa.Zamora1@hotmail.com', 'Medico', 2, 0),
(100000592, 'Gonzalo', 'Arana', 'Gordillo', 1, 3, 2258, 372, '', 0, 0, 0, 'Gonzalo.Arana1@msn.com', 'Odontologo', 1, 0),
(100000593, 'Guillermina', 'Salas', 'Guaitoto', 1, 3, 2279, 372, '', 0, 0, 0, 'Guillermina.Salas1@hotmail.com', 'docente', 2, 0),
(100000594, 'Jose Fernando', 'Varela', 'Lizcano', 1, 3, 4534, 368, '', 0, 0, 0, 'Jose Fernando.Varela1@interdieseltda.com', 'comerciante', 1, 0),
(100000595, 'Leonora', 'Camargo', 'Gomez', 1, 3, 4864, 368, '', 0, 0, 0, 'Leonora.Camargo1@interdieseltda.com', 'jefe de cartera', 2, 0),
(100000596, 'Hobert Alberto', 'Barrera', 'Loaiza', 1, 3, 2258, 368, '', 0, 0, 0, 'Hobert Alberto.Barrera1@hotmail.com', 'Empleado', 1, 0),
(100000597, 'Liliana', 'Segura', 'Montoya', 3, 3, 2258, 368, '', 0, 0, 0, 'Liliana.Segura1@hotmail.com', 'Empleado', 2, 0),
(100000598, 'Hernanado', 'Gutierrez', 'Gavalan', 1, 3, 2258, 321, '', 0, 0, 0, 'Hernanado.Gutierrez1@colegiobennett.edu.co', 'empresario', 1, 0),
(100000599, 'Maritza', 'Torres', 'Valverde', 1, 3, 2258, 321, '', 0, 0, 0, 'Maritza.Torres1@colegiobennett.edu.co', 'ama de casa', 2, 0),
(100000600, 'Justiniano', 'Preciado', 'Luna', 1, 3, 2258, 368, '', 0, 0, 0, 'Justiniano.Preciado1@COMERCIOELECTRICO.COM', 'COMERCIANTE', 1, 0),
(100000601, 'Nelly', 'Gil', 'De Preciado', 1, 3, 2258, 368, '', 0, 0, 0, 'Nelly.Gil1@COMERCIOELECTRICO.COM', 'comerciante', 2, 0),
(100000602, 'Samuel Arcesio', 'Reyes ', 'Sanchez ', 0, 0, 0, 0, '', 0, 0, 0, 'Samuel Arcesio.Reyes 1@hotmail.com', '0', 1, 0),
(100000603, 'Maria Victoria ', ' Banguero ', ' No Tengo ', 3, 3, 5037, 318, '', 0, 0, 0, 'Maria Victoria . Banguero 1@hotmail.com', 'diseñadora y decoradora de interiores ', 2, 0),
(100000604, 'Wilson', 'Guerrero ', 'Calvo', 1, 3, 2267, 365, '', 0, 0, 0, 'Wilson.Guerrero 1@hotmail.com', 'Gerente IAASA', 1, 0),
(100000605, 'Sandra', 'Arango', 'Osorio', 1, 3, 2257, 365, '', 0, 0, 0, 'Sandra.Arango1@hotmail.com', 'ventas', 2, 0),
(100000606, 'Hernando', 'Zuluaga', 'Villegas', 1, 3, 2285, 276, '', 0, 0, 0, 'Hernando.Zuluaga1@hotmail.com', 'comerciante', 1, 0),
(100000607, 'Luz Elena', 'Gordillo', 'Mosquera', 1, 3, 2285, 276, '', 0, 0, 0, 'Luz Elena.Gordillo1@hotmail.com', 'ama de casa', 2, 0),
(100000608, 'Ricardo', 'Guevara', 'Melo', 1, 3, 2257, 30, '', 0, 0, 0, 'Ricardo.Guevara1@hotmail.com', 'Ing, Agrrónomo', 1, 0),
(100000609, 'Amanda', 'García', 'Trujillo', 1, 3, 2258, 30, '', 0, 0, 0, 'Amanda.García1@hotmail.com', 'Abogada', 2, 0),
(100000610, 'Vladimir Alexander', 'Diaz', 'Escobar', 1, 3, 2257, 374, '', 0, 0, 0, 'Vladimir Alexander.Diaz1@hotmail.com', 'medico', 1, 0),
(100000611, 'Alexandra', 'Alvarez', 'Toledo', 1, 3, 2289, 262, '', 0, 0, 0, 'Alexandra.Alvarez1@hotmail.com', 'arquitecta', 2, 0),
(100000612, 'Jose Francisco', 'Leguizamon', 'Arredondo', 1, 3, 5047, 310, '', 0, 0, 0, 'Jose Francisco.Leguizamon1@gmail.com', 'Representante Comercial', 1, 0),
(100000613, 'Vilma', 'Bolaños', 'Pascuas', 1, 3, 2258, 310, '', 0, 0, 0, 'Vilma.Bolaños1@yahoo.com', 'Empleada', 2, 0),
(100000614, 'Carlos Aurelio', 'Camacho', 'Maffla', 1, 3, 2258, 183, '', 0, 0, 0, 'Carlos Aurelio.Camacho1@hotmail.com', 'Técnico en Redes de Gas e Hidraúlicas/Taxista', 1, 0),
(100000615, 'Julia Rosa', 'Grisales', 'Arias', 1, 3, 2258, 183, '', 0, 0, 0, 'Julia Rosa.Grisales1@hotmail.com', '1', 2, 0),
(100000616, 'Albeiro De Jesus', 'Castaño', 'Agudelo', 1, 3, 5033, 373, '', 0, 0, 0, 'Albeiro De Jesus.Castaño1@hotmail.com', 'Agropecuario', 1, 0),
(100000617, 'Maria Fernanda', 'Cruz', 'Murillo', 1, 3, 2285, 373, '', 0, 0, 0, 'Maria Fernanda.Cruz1@hotmail.com', 'Ama de Casa', 2, 0),
(100000618, 'Carlos Arturo', 'Navas', 'Portela', 1, 3, 2258, 361, '', 0, 0, 0, 'Carlos Arturo.Navas1@hotmail.com', 'comercio', 1, 0),
(100000619, 'Maryori', 'Cardenas', 'Lopez', 1, 3, 2258, 361, '', 0, 0, 0, 'Maryori.Cardenas1@hotmail.com', 'ama de casa', 2, 0),
(100000620, 'Severo', 'Díaz', 'Fuquene', 1, 3, 2257, 26, '', 0, 0, 0, 'Severo.Díaz1@hotmail.com', 'Comerciante', 1, 0),
(100000621, 'Maricel', 'Bohórquez', 'Alzate', 1, 3, 2258, 26, '', 0, 0, 0, 'Maricel.Bohórquez1@hotmail.com', 'Comerciante', 2, 0),
(100000622, 'Harbey Adolfo', 'Gomez', 'Bustamante ', 1, 3, 2258, 368, '', 0, 0, 0, 'Harbey Adolfo.Gomez1@yahoo.com', 'Rentista de Capital', 1, 0),
(100000623, 'Maria Soccoro ', 'Garcia ', 'Agredo ', 1, 3, 2258, 368, '', 0, 0, 0, 'Maria Soccoro .Garcia 1@hotmail.com', 'Ama  de Casa', 2, 0),
(100000624, 'William', 'Alzate', 'Jimenez', 0, 0, 0, 0, '', 0, 0, 0, 'William.Alzate1@fluidstech.com', '0', 1, 0),
(100000625, 'Olga Lucia', 'Osorio', 'Hernandez', 0, 0, 0, 0, '', 0, 0, 0, 'Olga Lucia.Osorio1@fluidstech.com', '0', 2, 0),
(100000626, 'Juan Jeronimo', 'Banguero', 'Garcia', 3, 3, 2258, 150, '', 0, 0, 0, 'Juan Jeronimo.Banguero1@hotmail.com', 'contador', 1, 0),
(100000627, 'Denisse', 'Home', 'Caicedo', 3, 3, 2258, 258, '', 0, 0, 0, 'Denisse.Home1@baxter.com', 'contadora', 2, 0),
(100000628, 'Fabio Antonio ', 'Mantilla', 'Bautista', 1, 3, 2257, 372, '', 0, 0, 0, 'Fabio Antonio .Mantilla1@hotmail.com', 'medico', 1, 0),
(100000629, 'Judith ', 'Pardo', 'Herrera', 1, 3, 4572, 372, '', 0, 0, 0, 'Judith .Pardo1@hotmail.com', 'medico', 2, 0),
(100000630, 'Alvaro', 'Valencia', 'Lemos', 1, 3, 2289, 29, '', 0, 0, 0, 'Alvaro.Valencia1@hotmail.com', 'Administrador de empresa', 1, 0),
(100000631, 'Carmen Viviana', 'Cifuentes', 'Vargas', 1, 3, 2289, 29, '', 0, 0, 0, 'Carmen Viviana.Cifuentes1@hotmail.com', 'Comerciante', 2, 0),
(100000632, 'Gener Arturo', 'Quintero', 'Castaño', 1, 3, 2258, 138, '', 0, 0, 0, 'Gener Arturo.Quintero1@gmail.com', 'Comerciante', 1, 0),
(100000633, 'Olga Patricia', 'Melo', 'Llano', 1, 3, 2289, 372, '', 0, 0, 0, 'Olga Patricia.Melo1@gmail.com', 'Administradora de Empresa', 2, 0),
(100000634, 'Omar', 'Herrera', 'Aristizabal', 1, 3, 2258, 368, '', 0, 0, 0, 'Omar.Herrera1@hotmail.com', 'comerciante', 1, 0),
(100000635, 'Maria Alejandra', 'Gomez', 'Urbano', 1, 3, 2258, 368, '', 0, 0, 0, 'Maria Alejandra.Gomez1@hotmail.com', 'Hogar', 2, 0),
(100000636, 'Jorge Ancizar', 'Parra', 'Solano', 1, 3, 2258, 361, '', 0, 0, 0, 'Jorge Ancizar.Parra1@yahoo.com', 'Gerente de Ventas', 1, 0),
(100000637, 'Amparo', 'Grajales', 'Sierra', 1, 3, 2259, 361, '', 0, 0, 0, 'Amparo.Grajales1@colegiobennett.edu.co', 'ama de casa', 2, 0),
(100000638, 'Alvaro De Jesus', 'Maya', 'Yepes', 1, 3, 2286, 34, '', 0, 0, 0, 'Alvaro De Jesus.Maya1@hotmail.com', 'empresario', 1, 0),
(100000639, 'Mary Argenis', 'Caviedes', 'Quintero', 1, 3, 5055, 34, '', 0, 0, 0, 'Mary Argenis.Caviedes1@hotmail.com', '0', 2, 0),
(100000640, 'Vladimir', 'Hernandez', 'Ortiz ', 1, 3, 2257, 0, '', 0, 0, 0, 'Vladimir.Hernandez1@colegiobennett.edu.co', '0', 1, 0),
(100000641, 'Beatriz', 'Cruz', 'Diaz', 1, 3, 2257, 368, '', 0, 0, 0, 'Beatriz.Cruz1@hotmail.com', 'odontologa', 2, 0),
(100000642, 'Luis Alfonso', 'Sepulveda', 'Garcia', 1, 3, 2282, 262, '', 0, 0, 0, 'Luis Alfonso.Sepulveda1@yahoo.es', 'ingeniero', 1, 0),
(100000643, 'Irma Betty', 'Silva ', 'Sierra', 1, 3, 2258, 262, '', 0, 0, 0, 'Irma Betty.Silva 1@hotmail.com', 'Administradora de empresas', 2, 0),
(100000644, 'Jose Miguel', 'Gonzalez', 'Toro', 1, 3, 2258, 295, '', 0, 0, 0, 'Jose Miguel.Gonzalez1@hotmail.com', 'abogado', 1, 0),
(100000645, 'Martha Lucia', 'Paez', 'Apache', 1, 3, 5047, 295, '', 0, 0, 0, 'Martha Lucia.Paez1@yahoo.es', 'docente', 2, 0),
(100000646, 'Hernando', 'Mazuera', 'Lozano', 1, 3, 2289, 261, '', 0, 0, 0, 'Hernando.Mazuera1@hotmail.com', 'contador', 1, 0),
(100000647, 'Gloria', 'Ardila', 'Mojica', 1, 3, 2258, 261, '', 0, 0, 0, 'Gloria.Ardila1@hotmail.com', 'hogar', 2, 0),
(100000648, 'Luis Orlando', 'Gutierrez', 'Rios', 1, 3, 2276, 276, '', 0, 0, 0, 'Luis Orlando.Gutierrez1@hotmail.com', 'GANADERO', 1, 0),
(100000649, 'Anyela', 'Rivera', 'Ramirez', 1, 3, 2258, 276, '', 0, 0, 0, 'Anyela.Rivera1@hotmail.com', 'Hogar ', 2, 0),
(100000650, 'Luis Fernando', 'Pava', 'Molano', 1, 3, 2278, 258, '', 0, 0, 0, 'Luis Fernando.Pava1@hotmail.com', 'Cardiólogo', 1, 0),
(100000651, 'Lisseth Eugenia', 'Cañón', 'Báez', 1, 3, 2263, 258, '', 0, 0, 0, 'Lisseth Eugenia.Cañón1@hotmail.com', 'Ama de casa', 2, 0),
(100000652, 'Frank', 'Battiston', 'Posada', 1, 3, 2257, 368, '', 0, 0, 0, 'Frank.Battiston1@hotmail.com', 'piloto', 1, 0),
(100000653, 'Martha', 'Rico', 'Rey', 1, 3, 2257, 368, '', 0, 0, 0, 'Martha.Rico1@hotmail.com', 'Optometra', 2, 0),
(100000654, 'Cesar Augusto', 'Duque', 'Mosquera', 1, 3, 2258, 317, '', 0, 0, 0, 'Cesar Augusto.Duque1@consultas-laborales.com.co', 'abogado', 1, 0),
(100000655, 'Adriana', 'Roldan', 'Muñoz', 1, 3, 2285, 317, '', 0, 0, 0, 'Adriana.Roldan1@hotmail.com', 'abogada', 2, 0),
(100000656, 'Boris', 'Sadovnik', 'Cuervo', 3, 3, 2258, 362, '', 0, 0, 0, 'Boris.Sadovnik1@hotmail.com', 'Industrial', 1, 0),
(100000657, 'Ana Cristina', 'Taborda', 'Arias', 3, 3, 2259, 271, '', 0, 0, 0, 'Ana Cristina.Taborda1@hotmail.com', 'Comerciante', 2, 0),
(100000658, 'Jose Fernando', 'Londoño', 'Medellin', 1, 3, 2258, 262, '', 0, 0, 0, 'Jose Fernando.Londoño1@hotmail.com', 'Corredor de Bolsa', 1, 0),
(100000659, 'Maria Cecilia', 'Vargas', 'Jimenez', 1, 3, 2258, 262, '', 0, 0, 0, 'Maria Cecilia.Vargas1@hotmail.com', 'Profesora Bennett', 2, 0),
(100000660, 'Diego', 'Guerrero', 'Vargas', 1, 3, 2257, 361, '', 0, 0, 0, 'Diego.Guerrero1@hotmail.com', 'ingeniero industrial', 1, 0),
(100000661, 'Sonia', 'Sanchez', 'Camacho', 1, 3, 2258, 361, '', 0, 0, 0, 'Sonia.Sanchez1@hotmail.com', 'Diseñadora', 2, 0),
(100000662, 'Juaquin Mario', 'Valencia', 'Trujillo', 3, 3, 2258, 361, '', 0, 0, 0, 'Juaquin Mario.Valencia1@gmail.com', 'industrial', 1, 0),
(100000663, 'Luz Mery', 'Tristan', 'Gil', 3, 3, 2258, 361, '', 0, 0, 0, 'Luz Mery.Tristan1@gmail.com', 'comerciante', 2, 0),
(100000664, 'Orlando', 'Martinez', 'Luque', 3, 3, 2257, 370, '', 0, 0, 0, 'Orlando.Martinez1@yahoo.com', 'medico', 1, 0),
(100000665, 'Claudia Lucia', 'Silva', 'Medina', 3, 3, 2258, 368, '', 0, 0, 0, 'Claudia Lucia.Silva1@yahoo.com', 'Medico', 2, 0),
(100000666, 'Julio', 'Mejia', 'Gonzales', 1, 3, 4207, 14, '', 0, 0, 0, 'Julio.Mejia1@hotmail.com', 'Gerente', 1, 0),
(100000667, 'Maria Del Pilar', 'Arce', 'Guerrero', 1, 3, 2258, 14, '', 0, 0, 0, 'Maria Del Pilar.Arce1@hotmail.com', 'Diseñadora De Moda', 2, 0),
(100000668, 'Jorge Alberto', 'Millan', 'Mosquera', 5, 3, 2258, 261, '', 0, 0, 0, 'Jorge Alberto.Millan1@dian.gov.co', 'Contador', 1, 0),
(100000669, 'Amparo', 'Rivas', 'Gongora', 2, 3, 2258, 271, '', 0, 0, 0, 'Amparo.Rivas1@yahoo.com', 'Docente', 2, 0),
(100000670, 'Jaime Eduardo', 'Quintana', 'Garcia', 4, 3, 5045, 361, '', 0, 0, 0, 'Jaime Eduardo.Quintana1@hotmail.com', 'comerciante', 1, 0),
(100000671, 'Luz Estella', 'Uribe', 'Echeverri', 1, 3, 2278, 361, '', 0, 0, 0, 'Luz Estella.Uribe1@hotmail.com', 'administradora de empresas', 2, 0),
(100000672, 'Andres', 'Cajiao', 'Barberena', 3, 3, 2257, 264, '', 0, 0, 0, 'Andres.Cajiao1@hotmail.com', 'COMERCIANTE', 1, 0),
(100000673, 'Maria Del Pilar', 'Gutierrez', 'Perez', 3, 3, 2258, 264, '', 0, 0, 0, 'Maria Del Pilar.Gutierrez1@hotmail.com', 'psicologa', 2, 0),
(100000674, 'Hugo', 'Palomino', 'Valencia', 1, 3, 2258, 275, '', 0, 0, 0, 'Hugo.Palomino1@lehner.com.co', 'Ingeniero Quimico', 1, 0),
(100000675, 'Victoria Eugenia', 'Gonzalez', 'Sarmiento', 1, 3, 2258, 266, '', 0, 0, 0, 'Victoria Eugenia.Gonzalez1@hotmail.com', 'Ama De Casa', 2, 0),
(100000676, 'Carlos', 'Parra', 'Agudelo', 1, 3, 2278, 277, '', 0, 0, 0, 'Carlos.Parra1@deckorar.com', 'independiente', 1, 0),
(100000677, 'Blanca Patricia', 'Quintero', 'Ceron', 1, 3, 2258, 277, '', 0, 0, 0, 'Blanca Patricia.Quintero1@deckorar.com', 'independiente', 2, 0),
(100000678, 'Alejandro ', 'Roldan ', 'Chica', 3, 3, 2258, 262, '', 0, 0, 0, 'Alejandro .Roldan 1@hotmail.com', '0', 1, 0),
(100000679, 'Marly  Alveniz', 'Correa', 'Tovar', 3, 3, 2258, 361, '', 0, 0, 0, 'Marly  Alveniz.Correa1@hotmail.com', 'empresaria', 2, 0),
(100000680, 'Homero', 'Cruz ', 'Mera', 1, 3, 2285, 374, '', 0, 0, 0, 'Homero.Cruz 1@hotmail.com', 'Ingeniero Mecanico', 1, 0),
(100000681, 'Ana Milena ', 'Rodriguez', 'Acosta ', 1, 3, 2285, 374, '', 0, 0, 0, 'Ana Milena .Rodriguez1@hotmail.com', 'Contador', 2, 0),
(100000682, 'Jose Arnulfo', 'Espinal', 'Gomez', 1, 3, 2285, 360, '', 0, 0, 0, 'Jose Arnulfo.Espinal1@hotmail.com', 'independiente', 1, 0),
(100000683, 'Gloria Maria', 'Vacca', 'Jaramillo', 1, 3, 2258, 360, '', 0, 0, 0, 'Gloria Maria.Vacca1@hotmail.com', 'mercadeo', 2, 0),
(100000684, 'Ignacio Antonio', 'Endo', 'Camacho', 1, 3, 2258, 362, '', 0, 0, 0, 'Ignacio Antonio.Endo1@hotmail.com', '1', 1, 0),
(100000685, 'Lina Maria', 'Perez', 'Botero', 1, 3, 2258, 362, '', 0, 0, 0, 'Lina Maria.Perez1@hotmail.com', 'HOGAR', 2, 0),
(100000686, 'Diego', 'Reyes', 'Bejarano', 1, 3, 2258, 365, '', 0, 0, 0, 'Diego.Reyes1@hotmail.com', 'comerciante', 1, 0),
(100000687, 'Maria Del Pilar', 'Espinal', 'Gómez', 1, 3, 2258, 371, '', 0, 0, 0, 'Maria Del Pilar.Espinal1@hotmail.com', 'comunicadora social', 2, 0),
(100000688, 'Juan Antonio', 'Diaz', 'Zorrilla', 1, 3, 2258, 26, '', 0, 0, 0, 'Juan Antonio.Diaz1@hotmail.com', 'Gerente', 1, 0),
(100000689, 'Paula Andrea', 'Libreros', 'Parra', 1, 3, 2258, 26, '', 0, 0, 0, 'Paula Andrea.Libreros1@hotmail.com', 'Ingeniera industrial', 2, 0),
(100000690, 'Oscar ', 'Rico', 'Gonsalez', 1, 3, 2258, 368, '', 0, 0, 0, 'Oscar .Rico1@hotmail.com', 'medico cirujano', 1, 0),
(100000691, 'Janeth', 'Gomez', 'Baron', 1, 3, 2258, 361, '', 0, 0, 0, 'Janeth.Gomez1@hotmail.com', 'comerciante', 2, 0),
(100000692, 'Ana Milena', 'Coronel', 'Lozano', 2, 3, 2269, 362, '', 0, 0, 0, 'Ana Milena.Coronel1@colegiobennett.edu.co', 'VENTAS', 2, 0),
(100000693, 'Nelson', 'Ramirez', 'Quintero', 1, 3, 5043, 362, '', 0, 0, 0, 'Nelson.Ramirez1@hotmail.com', 'rector', 1, 0),
(100000694, 'Patricia', 'Hincapie', 'Angel', 1, 3, 5054, 362, '', 0, 0, 0, 'Patricia.Hincapie1@hotmail.com', 'comerciante', 2, 0),
(100000695, 'Bernardo', 'Contreras', 'Ortega', 1, 3, 2261, 276, '', 0, 0, 0, 'Bernardo.Contreras1@emcali.net.co', 'administrador', 1, 0),
(100000696, 'Paola Andrea', 'Ardila', 'Mojica', 1, 3, 2258, 276, '', 0, 0, 0, 'Paola Andrea.Ardila1@hotmail.com', 'administradora', 2, 0),
(100000697, 'Beatriz', 'Leyva', 'Velez', 2, 3, 2258, 74, '', 0, 0, 0, 'Beatriz.Leyva1@hotmail.com', 'Comerciante', 2, 0),
(100000698, 'John Mario', 'Tejada', 'Cadavid', 1, 3, 2258, 26, '', 0, 0, 0, 'John Mario.Tejada1@hotmail.com', 'Ingeniero', 1, 0),
(100000699, 'Janeth', 'Arias ', 'Garces', 3, 3, 2258, 323, '', 0, 0, 0, 'Janeth.Arias 1@emcali.com.co', 'Abogada', 2, 0),
(100000700, 'Jenaro', 'Garcia', 'Franco', 1, 3, 2258, 361, '', 0, 0, 0, 'Jenaro.Garcia1@hotmail.com', 'empresario', 1, 0),
(100000701, 'Gloria Ady', 'Frisneda', 'Lopez', 1, 3, 2285, 361, '', 0, 0, 0, 'Gloria Ady.Frisneda1@hotmail.com', 'admon de Negocios', 2, 0),
(100000702, 'Jose Alejandro', 'Dueñas', 'Garcia', 5, 3, 2258, 368, '', 0, 0, 0, 'Jose Alejandro.Dueñas1@hotmail.com', '0', 1, 0),
(100000703, 'Nury', 'Rubio', 'Garcia', 5, 3, 2258, 368, '', 0, 0, 0, 'Nury.Rubio1@emcali.com.co', '', 2, 0),
(100000704, 'Annabell', 'Garzón ', 'Górdon', 1, 3, 2258, 261, '', 0, 0, 0, 'Annabell.Garzón 1@hotmail.com', 'Medico', 2, 0),
(100000705, 'Herman', 'Gomez', 'Gutierrez', 1, 3, 4521, 360, '', 0, 0, 0, 'Herman.Gomez1@gmail.com', 'Abogado, Docente Universitario', 1, 0),
(100000706, 'Ofelia', 'Dorado', 'Zuñiga', 1, 3, 2258, 360, '', 0, 0, 0, 'Ofelia.Dorado1@gmail.com', 'Abogada - Docente', 2, 0),
(100000707, 'Cesar Augusto', 'Jimenez', 'Uribe', 3, 3, 2258, 257, '', 0, 0, 0, 'Cesar Augusto.Jimenez1@hotmail.com', 'CONTADOR INDEPENDIENTE', 1, 0),
(100000708, 'Patricia', 'Quintero', 'Quintero', 3, 3, 2258, 257, '', 0, 0, 0, 'Patricia.Quintero1@willis.com', 'CONTADORA- ', 2, 0),
(100000709, 'Jose Darley', 'Castrillon', 'Castaño', 1, 3, 2265, 258, '', 0, 0, 0, 'Jose Darley.Castrillon1@comunifecali.org', 'pastor', 1, 0),
(100000710, 'Rosario Del Pilar', 'Rosero', 'Castillo', 1, 3, 2258, 258, '', 0, 0, 0, 'Rosario Del Pilar.Rosero1@hotmail.com', 'pastor', 2, 0),
(100000711, 'Hector Augusto', 'Serrano', 'Fajardo', 1, 3, 2288, 261, '', 0, 0, 0, 'Hector Augusto.Serrano1@hotmail.com', 'comerciante', 1, 0),
(100000712, 'Alba Lucia', 'Ceballos', 'Miranda', 2, 3, 2258, 261, '', 0, 0, 0, 'Alba Lucia.Ceballos1@dian.gov.co', '1', 2, 0),
(100000713, 'Jaime', 'Hoyos', 'Pulgarin', 1, 3, 2258, 361, '', 0, 0, 0, 'Jaime.Hoyos1@hotmail.com', 'comerciante', 1, 0),
(100000714, 'Francia Stella', 'Hernandez', 'Cedeño', 1, 3, 2258, 361, '', 0, 0, 0, 'Francia Stella.Hernandez1@hotmail.com', 'administradora', 2, 0),
(100000715, 'Edgar ', 'Varela', 'Barrios', 1, 3, 2258, 321, '', 0, 0, 0, 'Edgar .Varela1@gmail.com', 'Vicerrector Administrativo', 1, 0),
(100000716, 'Diana Patricia', 'Quintero', 'Mosquera', 3, 3, 2258, 282, '', 0, 0, 0, 'Diana Patricia.Quintero1@yahoo.es', 'Profesora Universitaria', 2, 0),
(100000717, 'Carlos Alberto', 'Gasca', 'Suarez', 4, 3, 2258, 277, '', 0, 0, 0, 'Carlos Alberto.Gasca1@gmail.com', 'transportador', 1, 0),
(100000718, 'Lina Maria', 'Muñeton', 'Restrepo', 3, 3, 2258, 295, '', 0, 0, 0, 'Lina Maria.Muñeton1@hotmail.com', 'secretaria de gerencia', 2, 0),
(100000719, 'William', 'Gallego', 'Naranjo', 1, 3, 2258, 50, '', 0, 0, 0, 'William.Gallego1@yahoo.es', 'Asesor Comercial', 1, 0),
(100000720, 'Hedda Mayuri', 'Salinas', 'Garzon', 1, 3, 2288, 50, '', 0, 0, 0, 'Hedda Mayuri.Salinas1@emcali.net.co', 'Independiente', 2, 0),
(100000721, 'Fabian De Jesus', 'Navarro', 'Zuluaga', 1, 3, 2258, 270, '', 0, 0, 0, 'Fabian De Jesus.Navarro1@ambientesyestructuras.com', 'Ingeniero Civil', 1, 0),
(100000722, 'Liliana', 'Rodriguez', 'Rodriguez', 1, 3, 2258, 270, '', 0, 0, 0, 'Liliana.Rodriguez1@ambientesyestructuras.com', 'Ingeniera Civil', 2, 0),
(100000723, 'Enrique', 'Garcera', 'Sandoval', 1, 3, 2258, 261, '', 0, 0, 0, 'Enrique.Garcera1@hotmail.com', 'comerciante', 1, 0),
(100000724, 'Miriam', 'Plazas', 'Ramirez', 1, 3, 2258, 261, '', 0, 0, 0, 'Miriam.Plazas1@hotmail.com', 'comerciante', 2, 0),
(100000725, 'Javier', 'Jaramillo', 'Ospina', 5, 3, 5054, 361, '', 0, 0, 0, 'Javier.Jaramillo1@gmail.com', 'avicultor', 1, 0),
(100000726, 'Maria Del Pilar ', 'Sandoval', 'Gomez', 1, 3, 2258, 361, '', 0, 0, 0, 'Maria Del Pilar .Sandoval1@gmail.com', 'abogada', 2, 0),
(100000727, 'Wilson ', 'Gallego', 'Gallego', 1, 3, 2258, 317, '', 0, 0, 0, 'Wilson .Gallego1@hotmail.com', 'Gerente', 1, 0),
(100000728, 'Luz Stella', 'Cardona ', 'Beltra', 1, 3, 2258, 317, '', 0, 0, 0, 'Luz Stella.Cardona 1@estelarimpresores.com', 'SUBGERENTE', 2, 0),
(100000729, 'Gustavo Adolfo', 'Prado', 'Candelo', 1, 3, 2258, 150, '', 0, 0, 0, 'Gustavo Adolfo.Prado1@hotmail.com', 'Analista Quimico', 1, 0),
(100000730, 'Carolina', 'Lemos ', 'Solarte', 1, 3, 4446, 150, '', 0, 0, 0, 'Carolina.Lemos 1@colegiobennett.edu.co', 'Docente', 2, 0),
(100000731, 'Manuel', 'Rodriguez', '0', 3, 3, 2257, 300, '', 0, 0, 0, 'Manuel.Rodriguez1@hotmail.com', 'ganadero', 1, 0),
(100000732, 'Ana Ximena', 'Suarez', 'Garcia', 3, 3, 2285, 300, '', 0, 0, 0, 'Ana Ximena.Suarez1@hotmail.com', 'administradora', 2, 0),
(100000733, 'Luis Enrique', 'Payan', 'Rojas', 3, 3, 2258, 261, '', 0, 0, 0, 'Luis Enrique.Payan1@payan.com.co', 'Ingeniero Mecanico', 1, 0),
(100000734, 'Peggy', 'Agudelo', 'Rey', 3, 3, 2265, 276, '', 0, 0, 0, 'Peggy.Agudelo1@payan.com.co', 'Sales', 2, 0),
(100000735, 'Marco Aurelio', 'Mena', '', 1, 3, 5048, 360, '', 0, 0, 0, 'Marco Aurelio.Mena1@hotmail.com', 'comerciante', 1, 0),
(100000736, 'Sandra Patricia', 'Villarejo ', 'Villegas', 1, 3, 2258, 361, '', 0, 0, 0, 'Sandra Patricia.Villarejo 1@yahoo.com', 'comerciante', 2, 0),
(100000737, 'Jairo', 'Obando', 'Pinzon', 0, 0, 0, 0, '', 0, 0, 0, 'Jairo.Obando1@yahoo.es', '0', 1, 0),
(100000738, 'Maria Elena', 'Vinueza', 'Montenegro', 1, 3, 4539, 275, '', 0, 0, 0, 'Maria Elena.Vinueza1@yahoo.es', 'Administradora', 2, 0),
(100000739, 'Rodrigo', 'Ruiz', 'Albán', 1, 3, 2258, 278, '', 0, 0, 0, 'Rodrigo.Ruiz1@gmail.com', 'Arq. Director de Proyectos', 1, 0),
(100000740, 'Gloria Helen', 'Montaño', 'Restrepo', 1, 3, 2285, 278, '', 0, 0, 0, 'Gloria Helen.Montaño1@hotmail.com', 'AsesorA Ccial. Seguros Bolívar', 2, 0),
(100000741, 'Omar', 'Ambuila', 'Duran', 1, 3, 4432, 360, '', 0, 0, 0, 'Omar.Ambuila1@dian.gov.co', '0', 1, 0),
(100000742, 'Elba', 'Chara', 'Ambuila', 1, 3, 4432, 360, '', 0, 0, 0, 'Elba.Chara1@yahoo.com', '0', 2, 0),
(100000743, 'Jaime', 'Garcia', 'Quintero', 1, 3, 2258, 261, '', 0, 0, 0, 'Jaime.Garcia1@delmaiz.com', 'Gerente de planeacion financiera', 1, 0),
(100000744, 'Maria Consuelo', 'Garcia', 'Camacho', 1, 3, 5029, 261, '', 0, 0, 0, 'Maria Consuelo.Garcia1@yahoo.com', 'Odontologa', 2, 0),
(100000745, 'Jaime', 'Vivas', 'Barrera', 1, 3, 2258, 261, '', 0, 0, 0, 'Jaime.Vivas1@gmail.com', 'medico', 1, 0),
(100000746, 'Maria Elena', 'Peña', 'Torres', 1, 3, 2258, 261, '', 0, 0, 0, 'Maria Elena.Peña1@hotmail.com', 'odontologa', 2, 0);
INSERT INTO `tb_persona` (`perso_codi`, `perso_nomb`, `perso_apel`, `perso_apel_2`, `esta_civi_codi`, `docu_codi`, `muni_codi_expe`, `barr_codi`, `perso_dire`, `perso_tele_casa`, `perso_tele_ofic`, `perso_celu`, `perso_mail`, `ocup_codi`, `gene_codi`, `sang_codi`) VALUES
(100000747, 'Jorge Enrique', 'Viera', 'Lasso', 1, 3, 2258, 295, '', 0, 0, 0, 'Jorge Enrique.Viera1@gmail.com', 'comerciante', 1, 0),
(100000748, 'Angela Maria', 'Sarasa ', 'Urrea', 1, 3, 2258, 295, '', 0, 0, 0, 'Angela Maria.Sarasa 1@hotmail.com', 'ama de casa', 2, 0),
(100000749, 'Jenny Milena', 'Castro', 'Pineda', 5, 3, 2258, 321, '', 0, 0, 0, 'Jenny Milena.Castro1@hotmail.com', 'contador publico', 2, 0),
(100000750, 'Clara Isabella', 'Lopez', 'Tello', 4, 3, 2258, 34, '', 0, 0, 0, 'Clara Isabella.Lopez1@hotmail.com', 'Chef, Empresaria', 2, 0),
(100000751, 'Francisco Jose ', 'Valencia', 'Rojas', 1, 3, 4393, 0, '', 0, 0, 0, 'Francisco Jose .Valencia1@hotmail.com', '0', 1, 0),
(100000752, 'Ana Julia', 'Valencia', 'Mondragon', 3, 3, 2258, 362, '', 0, 0, 0, 'Ana Julia.Valencia1@hotmail.com', 'comerciante', 2, 0),
(100000753, 'Ruben Dario', 'Meza', 'Herrera', 1, 3, 5054, 376, '', 0, 0, 0, 'Ruben Dario.Meza1@hotmail.com', 'Agronomo', 1, 0),
(100000754, 'Maria Claudia', 'Echeverry', 'Franco', 1, 3, 2258, 376, '', 0, 0, 0, 'Maria Claudia.Echeverry1@hotmail.es', 'ama de casa', 2, 0),
(100000755, 'Jose Manuel', 'Millan', 'Canizales', 1, 3, 2258, 368, '', 0, 0, 0, 'Jose Manuel.Millan1@yahoo.com', 'jefe logistica', 1, 0),
(100000756, 'Sandra Patricia', 'Torres', 'Chaparro', 1, 3, 2258, 368, '', 0, 0, 0, 'Sandra Patricia.Torres1@yahoo.com', 'docente', 2, 0),
(100000757, 'Julian', 'Mejia', 'Gomez', 1, 3, 2258, 368, '', 0, 0, 0, 'Julian.Mejia1@yahoo.com.mx', 'Criador de caballos paso fino', 1, 0),
(100000758, 'Leonor Adriana', 'Vela', 'Libreros', 1, 3, 2258, 368, '', 0, 0, 0, 'Leonor Adriana.Vela1@hotmail.com', 'comerciante', 2, 0),
(100000759, 'Maria Oliva', 'Valencia', 'Londoño', 4, 3, 2258, 368, '', 0, 0, 0, 'Maria Oliva.Valencia1@hotmail.com', '0', 1, 0),
(100000760, 'Adriana', 'Meneses', 'Valencia', 2, 3, 2289, 360, '', 0, 0, 0, 'Adriana.Meneses1@hotmail.com', '', 2, 0),
(100000761, 'Carlos Alberto', 'Lopera', 'Roldan', 3, 3, 2268, 368, '', 0, 0, 0, 'Carlos Alberto.Lopera1@hotmail.com', 'independiente', 1, 0),
(100000762, 'Dilia Stella', 'Giraldo', 'Soto', 5, 3, 2262, 368, '', 0, 0, 0, 'Dilia Stella.Giraldo1@hotmail.com', 'ama de casa ', 2, 0),
(100000763, 'Jaime  Francisco', 'Rivas', 'Payome', 1, 3, 2258, 257, '', 0, 0, 0, 'Jaime  Francisco.Rivas1@yahoo.com', 'INGENIERO', 1, 0),
(100000764, 'Gloria Consuelo', 'Quintero', '.', 1, 3, 2258, 257, '', 0, 0, 0, 'Gloria Consuelo.Quintero1@hotmail.com', 'AMA DE CASA', 2, 0),
(100000765, 'Alvin', 'Orozco', 'Valencia ', 1, 3, 5034, 256, '', 0, 0, 0, 'Alvin.Orozco1@hotmail.com', '0', 1, 0),
(100000766, 'Yolanda', 'Piedrahita', 'Sanchez', 1, 3, 5034, 275, '', 0, 0, 0, 'Yolanda.Piedrahita1@hotmail.com', 'Administradora Hotelera', 2, 0),
(100000767, 'Maria Mercedes', 'Sanchez', '0000000', 0, 0, 0, 0, '', 0, 0, 0, 'Maria Mercedes.Sanchez1@hotmail.com', '0', 2, 0),
(100000768, 'Jayson', 'Bejarano', 'Martinez', 1, 3, 2258, 266, '', 0, 0, 0, 'Jayson.Bejarano1@yahoo.com', 'Disenador Grafico', 1, 0),
(100000769, 'Amy', 'Bensur', 'Orejuela', 1, 3, 2258, 266, '', 0, 0, 0, 'Amy.Bensur1@yahoo.com', 'ADMON EMPRESAS ', 2, 0),
(100000770, 'Hugo', 'Rodriguez', 'Ramirez', 1, 3, 2258, 264, '', 0, 0, 0, 'Hugo.Rodriguez1@hotmail.com', 'empleado', 1, 0),
(100000771, 'Juliana', 'Huertas', 'Cardenas', 1, 3, 2258, 264, '', 0, 0, 0, 'Juliana.Huertas1@leasingbancolombia.com.co', 'empleada', 2, 0),
(100000772, 'Luis Gabriel ', 'Zuluaga', 'Noreña', 5, 3, 2258, 258, '', 0, 0, 0, 'Luis Gabriel .Zuluaga1@yahoo.es', '1', 1, 0),
(100000773, 'Diana Maria', 'Cardenas', 'Gomez', 5, 3, 2258, 258, '', 0, 0, 0, 'Diana Maria.Cardenas1@hotmail.com', 'comerciante', 2, 0),
(100000774, 'Arnaldo Enrique (Abuelo)', 'Fajardo', 'Sanchez', 1, 3, 2257, 323, '', 0, 0, 0, 'Arnaldo Enrique (Abuelo).Fajardo1@yahoo.com', 'Jubilado', 1, 0),
(100000775, 'Claudia Patricia ', 'Fajardo', 'Yepes', 2, 3, 2258, 323, '', 0, 0, 0, 'Claudia Patricia .Fajardo1@gmail.com', 'Psicóloga', 2, 0),
(100000776, 'Juan Carlos', 'Acuña ', 'Caballero', 2, 3, 2257, 368, '', 0, 0, 0, 'Juan Carlos.Acuña 1@hotmail.com', 'Comerciante', 1, 0),
(100000777, 'Maria Yolanda', 'Giraldo', 'Giraldo', 2, 3, 4129, 360, '', 0, 0, 0, 'Maria Yolanda.Giraldo1@hotmail.com', 'Contador', 2, 0),
(100000778, 'Juliana', 'Echeverri', 'Rojas', 0, 0, 0, 0, '', 0, 0, 0, 'Juliana.Echeverri1@hotmail.com', '0', 2, 0),
(100000779, 'Manuel Alberto', 'Hurtado', 'Perdomo', 1, 3, 2258, 317, '', 0, 0, 0, 'Manuel Alberto.Hurtado1@emcali.net.co', 'Ing. Electrónico', 1, 0),
(100000780, 'Luz Angela', 'Javela', 'Herrera', 1, 3, 2258, 317, '', 0, 0, 0, 'Luz Angela.Javela1@hotmail.com', 'Ing.Industrial', 2, 0),
(100000781, 'Hernando', 'Santa', 'Diaz', 1, 3, 2278, 368, '', 0, 0, 0, 'Hernando.Santa1@dinissan.com.co', 'Economista', 1, 0),
(100000782, 'Olga Lucia', 'Rozo', 'Garzon', 1, 3, 4526, 257, '', 0, 0, 0, 'Olga Lucia.Rozo1@macpollo.com', 'Ingeniera de Alimentos ', 2, 0),
(100000783, 'Patricia', 'Peña', 'Donneys', 2, 3, 5028, 296, '', 0, 0, 0, 'Patricia.Peña1@yahoo.com', 'secretaria', 2, 0),
(100000784, 'Luis Ignacio', 'Rosero', 'Revelo', 1, 3, 4742, 368, '', 0, 0, 0, 'Luis Ignacio.Rosero1@hotmail.com', 'abogado', 1, 0),
(100000785, 'Ana Lucia', 'Fajardo', 'Chaves', 1, 3, 4767, 368, '', 0, 0, 0, 'Ana Lucia.Fajardo1@hotmail.com', 'abogada', 2, 0),
(100000786, 'Jose Antonio', 'Cortes', 'Celi', 1, 3, 2258, 361, '', 0, 0, 0, 'Jose Antonio.Cortes1@gmail.com', 'Medico Anestesiologo', 1, 0),
(100000787, 'Maria Jenny', 'Cabrera', 'Oooooo', 1, 3, 2258, 361, '', 0, 0, 0, 'Maria Jenny.Cabrera1@yahoo.es', '0', 2, 0),
(100000788, 'Carlos Alberto', 'Oláh', 'Montoya', 1, 3, 2258, 368, '', 0, 0, 0, 'Carlos Alberto.Oláh1@gmail.com', 'gerente', 1, 0),
(100000789, 'Maria Del Socorro', 'Vélez', 'Calle', 1, 3, 2258, 368, '', 0, 0, 0, 'Maria Del Socorro.Vélez1@hotmail.com', 'Escritora', 2, 0),
(100000790, 'Arles', 'Vanegas', 'Muñoz', 1, 3, 2258, 361, '', 0, 0, 0, 'Arles.Vanegas1@ccpaz.org', 'PASTOR', 1, 0),
(100000791, 'Deyanira', 'Hurtado', 'Crawford', 1, 3, 2276, 361, '', 0, 0, 0, 'Deyanira.Hurtado1@ccpaz.org', 'Pastora', 2, 0),
(100000792, 'Fernando', 'Manrique', 'Martinez', 1, 3, 2258, 368, '', 0, 0, 0, 'Fernando.Manrique1@yahoo.com', 'pintor artististico', 1, 0),
(100000793, 'Liliana', 'Jaramillo', 'Paque', 1, 3, 4435, 368, '', 0, 0, 0, 'Liliana.Jaramillo1@yahoo.com', 'Abogada litigante', 2, 0),
(100000794, 'Carlos Hernan', 'Palomino', 'Valencia', 1, 3, 2285, 360, '', 0, 0, 0, 'Carlos Hernan.Palomino1@hotmail.com', 'Empleado', 1, 0),
(100000795, 'Hanna', 'Sebe', 'Blel', 1, 3, 2258, 368, '', 0, 0, 0, 'Hanna.Sebe1@hotmail.com', 'Independiente   ', 2, 0),
(100000796, 'Alberto', 'Ramirez', 'Restrepo', 1, 3, 2258, 317, '', 0, 0, 0, 'Alberto.Ramirez1@cable.net.co', 'publicista', 1, 0),
(100000797, 'Caty', 'Cucalon', 'Becerra', 1, 3, 5032, 317, '', 0, 0, 0, 'Caty.Cucalon1@cable.net.co', 'Artista Plastica', 2, 0),
(100000798, 'Omar', 'Ayala', 'Rodriguez', 5, 3, 2258, 362, '', 0, 0, 0, 'Omar.Ayala1@gmail.com', 'comerciante', 1, 0),
(100000799, 'Osiris', 'Gomez', 'Leon', 1, 3, 2258, 369, '', 0, 0, 0, 'Osiris.Gomez1@gmail.com', 'Comerciante', 2, 0),
(100000800, 'Wilson', 'Carvajal', 'Ramirez', 1, 3, 2258, 272, '', 0, 0, 0, 'Wilson.Carvajal1@gmail.com', 'comerciante', 1, 0),
(100000801, 'Maria Fernanda', 'Oliveros', 'Orozco', 1, 3, 2258, 272, '', 0, 0, 0, 'Maria Fernanda.Oliveros1@gmail.com', 'visitadora medica', 2, 0),
(100000802, 'Gustavo Adolfo', 'Ortiz', 'Valverde', 1, 3, 2284, 366, '', 0, 0, 0, 'Gustavo Adolfo.Ortiz1@hotmail.com', 'contador Publico', 1, 0),
(100000803, 'Orfenia Mercedes', 'Ospina', 'Gutierrez', 1, 3, 5037, 366, '', 0, 0, 0, 'Orfenia Mercedes.Ospina1@hotmail.com', 'fisioterapeuta', 2, 0),
(100000804, 'Eddie Hernan', 'Reina', 'Arango', 1, 3, 2258, 263, '', 0, 0, 0, 'Eddie Hernan.Reina1@COMBUSTIBLESDELMAR.COM', 'independiente', 1, 0),
(100000805, 'Monica', 'Meneses', 'Valencia', 1, 3, 2258, 263, '', 0, 0, 0, 'Monica.Meneses1@HOTMAIL.COM', 'independiente', 2, 0),
(100000806, 'Jose Arley', 'Laguna', 'Restrepo', 1, 3, 2272, 368, '', 0, 0, 0, 'Jose Arley.Laguna1@hotmail.com', 'Administrador de Empresas', 1, 0),
(100000807, 'Flor Susana', 'Arango', 'Orrego', 1, 3, 4187, 368, '', 0, 0, 0, 'Flor Susana.Arango1@hotmail.com', 'Hogar', 2, 0),
(100000808, 'Gonzalo Enrique ', 'Valderrama', 'Valderrama', 1, 3, 2257, 304, '', 0, 0, 0, 'Gonzalo Enrique .Valderrama1@gmail.com', 'ingeniero conferencista', 1, 0),
(100000809, 'Carolina', 'Valderrama', 'Escobar', 1, 3, 5037, 304, '', 0, 0, 0, 'Carolina.Valderrama1@hotmail.com', 'gastronomia', 2, 0),
(100000810, 'Marco Antonia', 'Gutierrez', '-', 1, 3, 2258, 368, '', 0, 0, 0, 'Marco Antonia.Gutierrez1@hotmail.com', 'COMERCIANTE', 1, 0),
(100000811, 'Margarita Rosa ', 'Tirado', 'Dorado', 1, 3, 2261, 368, '', 0, 0, 0, 'Margarita Rosa .Tirado1@hotmail.com', 'ADMINISTRADORA', 2, 0),
(100000812, 'Alexis', 'Molina', 'Arredondo', 1, 3, 2258, 261, '', 0, 0, 0, 'Alexis.Molina1@colegiobennett.edu.co', 'comerciante', 1, 0),
(100000813, 'Yamileth', 'Preciado', 'Gil', 3, 3, 2258, 368, '', 0, 0, 0, 'Yamileth.Preciado1@hotmail.com', 'COMERCIANTE', 2, 0),
(100000814, 'Marco Tulio', 'Gonzalez', 'Posada', 1, 3, 2258, 260, '', 0, 0, 0, 'Marco Tulio.Gonzalez1@puj.edu.co', 'Contador', 1, 0),
(100000815, 'Samara', 'Perafan', 'Caicedo', 1, 3, 2258, 260, '', 0, 0, 0, 'Samara.Perafan1@hotmail.com', 'Gerente Financiera', 2, 0),
(100000816, 'Remberto', 'Quiñones', 'Alban', 4, 3, 2279, 360, '', 0, 0, 0, 'Remberto.Quiñones1@hotmail.com', 'Abogado', 1, 0),
(100000817, 'Barbara ', 'Ines ', 'Bohorquez', 1, 3, 2258, 360, '', 0, 0, 0, 'Barbara .Ines 1@colegiobennet.edu.co', 'ABOGADA', 2, 0),
(100000818, 'Libardo', 'Bermudez', 'Valderrama', 1, 3, 2258, 261, '', 0, 0, 0, 'Libardo.Bermudez1@hotmail.com', '', 1, 0),
(100000819, 'Jamileth', 'Ramirez', 'Ospina', 4, 3, 2258, 261, '', 0, 0, 0, 'Jamileth.Ramirez1@hotmail.com', 'ADMINISTRADORA ', 2, 0),
(100000820, 'Gonzalo', 'Valderrama', 'Escobar', 1, 3, 5037, 159, '', 0, 0, 0, 'Gonzalo.Valderrama1@gmail.com', 'mercadeo', 1, 0),
(100000821, 'Cristina', 'Velez', 'Valencia', 1, 3, 2258, 159, '', 0, 0, 0, 'Cristina.Velez1@gmail.com', 'cosmetologa', 2, 0),
(100000822, 'Alvaro', 'Diaz', 'Ramirez', 1, 3, 2258, 361, '', 0, 0, 0, 'Alvaro.Diaz1@hotmail.com', 'abogado', 1, 0),
(100000823, 'Amanda', 'Moreno', 'Avila', 1, 3, 2258, 361, '', 0, 0, 0, 'Amanda.Moreno1@hotmail.com', 'abofgada', 2, 0),
(100000824, 'Hector Fabio', 'Vinasco', 'Urdinola', 1, 3, 5049, 0, '', 0, 0, 0, 'Hector Fabio.Vinasco1@hotmail.com', '0', 1, 0),
(100000825, 'Alexandra', 'Gutierrez', 'Muñoz', 4, 3, 5055, 368, '', 0, 0, 0, 'Alexandra.Gutierrez1@hotmail.com', 'agricultor', 2, 0),
(100000826, 'Antonio Jose', 'Sanclemente', 'Florez', 4, 3, 2258, 278, '', 0, 0, 0, 'Antonio Jose.Sanclemente1@hotmail.com', 'independiente en benes raices', 1, 0),
(100000827, 'Carlos Arturo', 'Quintero', 'Muñoz', 3, 3, 5037, 271, '', 0, 0, 0, 'Carlos Arturo.Quintero1@hotmail.com', 'Comerciante', 1, 0),
(100000828, 'Basma', 'El Halaby', 'Giraldo', 3, 3, 2258, 271, '', 0, 0, 0, 'Basma.El Halaby1@hotmail.com', 'Comerciante', 2, 0),
(100000829, 'Jose Antonio', 'Nastar', 'Bravo', 1, 3, 2258, 150, '', 0, 0, 0, 'Jose Antonio.Nastar1@productoslaprimavera.com', 'comerciante', 1, 0),
(100000830, 'Esperanza', 'Estrella', 'Rodriguez', 1, 3, 4787, 150, '', 0, 0, 0, 'Esperanza.Estrella1@hotmail.com', '', 2, 0),
(100000831, 'Jose Fernando', 'Pizarro', 'Ramirez', 1, 3, 2257, 261, '', 0, 0, 0, 'Jose Fernando.Pizarro1@gmail.com', 'Abogado', 1, 0),
(100000832, 'Sandra Patricia', 'Garzon', 'Soto', 1, 3, 2258, 261, '', 0, 0, 0, 'Sandra Patricia.Garzon1@gmail.com', 'Abogada', 2, 0),
(100000833, 'Carmen Cecilia', 'Pelaez', 'Martinez', 1, 3, 2258, 299, '', 0, 0, 0, 'Carmen Cecilia.Pelaez1@hotmail.com', 'docente', 2, 0),
(100000834, 'Gustavo Adolfo', 'Escobar', 'Franco', 1, 3, 2258, 368, '', 0, 0, 0, 'Gustavo Adolfo.Escobar1@hotmail.com', 'economista', 1, 0),
(100000835, 'Gloria Piedad', 'Concha', 'Escobar', 1, 3, 2289, 368, '', 0, 0, 0, 'Gloria Piedad.Concha1@gmail.com', 'visitadora medica', 2, 0),
(100000836, 'Victor Manuel', 'Duque', 'Gomez', 1, 3, 2260, 295, '', 0, 0, 0, 'Victor Manuel.Duque1@hotmail.com', 'GERENTE GENERAL', 1, 0),
(100000837, 'Ruth Mariela', 'Villamizar', 'Diaz', 1, 3, 2260, 295, '', 0, 0, 0, 'Ruth Mariela.Villamizar1@hotmail.com', '0', 2, 0),
(100000838, 'Cesar Augusto', 'Valencia', 'Trejos', 1, 3, 2267, 361, '', 0, 0, 0, 'Cesar Augusto.Valencia1@gmail.com', 'gerente', 1, 0),
(100000839, 'Carolina', 'Alvarez', 'Rodas', 1, 3, 2258, 361, '', 0, 0, 0, 'Carolina.Alvarez1@gmail.com', 'diseñadora de modas', 2, 0),
(100000840, 'Jorge Humberto ', 'Revelo', 'Eraso', 1, 3, 2269, 261, '', 0, 0, 0, 'Jorge Humberto .Revelo1@hotmail.com', 'Ingeniero Contratista', 1, 0),
(100000841, 'Gabriela', 'Lopez', 'Cabrera', 1, 3, 2269, 261, '', 0, 0, 0, 'Gabriela.Lopez1@hotmail.com', 'adminstradora', 2, 0),
(100000842, 'Jorge Humberto (Fallecido)', 'Botero', 'Gomez', 1, 3, 583, 0, '', 0, 0, 0, 'Jorge Humberto (Fallecido).Botero1@hotmail.com', '0', 1, 0),
(100000843, 'Claudia Andrea', 'Flórez', 'Rocha', 1, 3, 2258, 274, '', 0, 0, 0, 'Claudia Andrea.Flórez1@hotmail.com', 'administradora de eventos', 2, 0),
(100000844, 'Jose Guillermo', 'Pinilla', 'Malo', 1, 3, 2257, 361, '', 0, 0, 0, 'Jose Guillermo.Pinilla1@gmail.com', ' INGENIERO', 1, 0),
(100000845, 'Sandra Milena', 'Aldana', 'Mondragon', 1, 3, 5055, 361, '', 0, 0, 0, 'Sandra Milena.Aldana1@hotmail.com', 'ADMINISTRADOR', 2, 0),
(100000846, 'Eleuterio', 'Molano', 'Echeverry', 1, 3, 2258, 26, '', 0, 0, 0, 'Eleuterio.Molano1@filtrosyfiltros.com', 'Comerciante', 1, 0),
(100000847, 'Jackeline ', 'Bolaños', 'Casallas', 1, 3, 2258, 26, '', 0, 0, 0, 'Jackeline .Bolaños1@hotmail.com', 'Comerciante', 2, 0),
(100000848, 'Carlos Alberto', 'Gomez', 'Tamara', 1, 3, 2258, 271, '', 0, 0, 0, 'Carlos Alberto.Gomez1@hotmail.com', 'Independiente', 1, 0),
(100000849, 'Janeth', 'Soto', '_', 1, 3, 2258, 271, '', 0, 0, 0, 'Janeth.Soto1@hotmail.com', 'Independiente', 2, 0),
(100000850, 'Jose Luis', 'Duque', 'Sandoval', 1, 3, 5028, 258, '', 0, 0, 0, 'Jose Luis.Duque1@gmail.com', 'Ingeniero Civil', 1, 0),
(100000851, 'Melba Lucia', 'Marulanda', 'Ceron', 1, 3, 2258, 258, '', 0, 0, 0, 'Melba Lucia.Marulanda1@hotmail.com', 'hogar', 2, 0),
(100000852, 'Jose Luis', 'Home', 'Collazos', 1, 3, 2258, 368, '', 0, 0, 0, 'Jose Luis.Home1@CHICHANGARA.COM', 'PROFESIONAL INDEPENDIENTE', 1, 0),
(100000853, 'Martha Lucia', 'Guzman', 'Barragan', 1, 3, 2258, 368, '', 0, 0, 0, 'Martha Lucia.Guzman1@CHICHANGARA.COM', 'PROFESIONAL INDEPENDIENTE', 2, 0),
(100000854, 'William Fernando', 'Gasca', 'Suarez', 1, 3, 2258, 266, '', 0, 0, 0, 'William Fernando.Gasca1@hotmail.com', 'INGENIERO INDUSTRIAL', 1, 0),
(100000855, 'Korina', 'Ramirez', 'Morales', 1, 3, 2258, 266, '', 0, 0, 0, 'Korina.Ramirez1@telecom.com.co', 'medicina estetica', 2, 0),
(100000856, 'Guillermo', 'Pinzon', 'Solorzano', 1, 3, 2257, 266, '', 0, 0, 0, 'Guillermo.Pinzon1@emcali.net.co', 'INGENIERO MECANICO', 1, 0),
(100000857, 'Martha Eliana', 'Cortes', 'Pedroza', 1, 3, 5032, 266, '', 0, 0, 0, 'Martha Eliana.Cortes1@emcali.net.co', 'DISEÑADORA DE MODA', 2, 0),
(100000858, 'Jaime Alfredo', 'Pachón', 'De La Cruz', 1, 3, 2258, 277, '', 0, 0, 0, 'Jaime Alfredo.Pachón1@gmail.com', '1', 1, 0),
(100000859, 'María Sandra', 'Barrera', 'Valencia', 1, 3, 2258, 277, '', 0, 0, 0, 'María Sandra.Barrera1@multipartes.com', 'Directora Recursos Humanos', 2, 0),
(100000860, 'Jose Rodolfo', 'Lorza', 'Gonzales', 1, 3, 2258, 261, '', 0, 0, 0, 'Jose Rodolfo.Lorza1@hotmail.com', 'independiente', 1, 0),
(100000861, 'Olga Lucia', 'Lorza', 'García', 1, 3, 2258, 261, '', 0, 0, 0, 'Olga Lucia.Lorza1@hotmail.com', 'independiente', 2, 0),
(100000862, 'Alejandro', 'Hijuelos', 'Reyes', 1, 3, 2257, 360, '', 0, 0, 0, 'Alejandro.Hijuelos1@hotmail.com', 'medico oncologo', 1, 0),
(100000863, 'Francia ', 'Perdomo ', 'Williams ', 1, 3, 2258, 368, '', 0, 0, 0, 'Francia .Perdomo 1@yahoo.com', 'psicologa', 2, 0),
(100000864, 'Roberto', 'Mejia', 'Caicedo', 0, 0, 0, 0, '', 0, 0, 0, 'Roberto.Mejia1@hotmail.com', '0', 1, 0),
(100000865, 'Katherine', 'Betancourt', 'Toro', 0, 0, 0, 0, '', 0, 0, 0, 'Katherine.Betancourt1@hotmail.com', '0', 2, 0),
(100000866, 'Diego Fernando', 'Adarve', 'Alonzo', 1, 3, 2258, 319, '', 0, 0, 0, 'Diego Fernando.Adarve1@gmail.com', 'Comerciante', 1, 0),
(100000867, 'Luz  Nancy', 'Castro', 'Portocarrero', 1, 3, 2258, 319, '', 0, 0, 0, 'Luz  Nancy.Castro1@yahoo.com', 'comerciante', 2, 0),
(100000868, 'Alvaro De Jesus', 'Restrepo', 'Bedoya', 1, 3, 4457, 318, '', 0, 0, 0, 'Alvaro De Jesus.Restrepo1@hotmail.com', 'Comerciante', 1, 0),
(100000869, 'Dora Lilia', 'Lozada', 'Pineda', 1, 3, 2258, 318, '', 0, 0, 0, 'Dora Lilia.Lozada1@gmail.com', 'Odontologa', 2, 0),
(100000870, 'Luis Fernando', 'Piza', 'Bermudez', 1, 3, 2259, 368, '', 0, 0, 0, 'Luis Fernando.Piza1@hotmail.com', 'ING AGRONOMO', 1, 0),
(100000871, 'Dora Ilse ', 'Bedoya', 'Moncada', 1, 3, 4183, 368, '', 0, 0, 0, 'Dora Ilse .Bedoya1@hotmail.com', 'independiente', 2, 0),
(100000872, 'Ricardo', 'Cardona', 'Ramirez', 1, 3, 5040, 262, '', 0, 0, 0, 'Ricardo.Cardona1@gmail.com', 'Ingeniero Electronico', 1, 0),
(100000873, 'Aleyda', 'Garcia', 'Arias', 1, 3, 5045, 262, '', 0, 0, 0, 'Aleyda.Garcia1@gmail.com', 'Consultora', 2, 0),
(100000874, 'German Andres', 'Ruiz ', 'Ramirez', 1, 3, 2258, 317, '', 0, 0, 0, 'German Andres.Ruiz 1@hotmail.com', '0', 1, 0),
(100000875, 'Diana Patricia', 'Morales', 'Ruiz', 2, 3, 2258, 317, '', 0, 0, 0, 'Diana Patricia.Morales1@hotmail.com', '0', 2, 0),
(100000876, 'Leidy Johanna', 'Cruz', 'Lopez', 4, 3, 2258, 368, '', 0, 0, 0, 'Leidy Johanna.Cruz1@hotmail.com', 'disenadora de modas', 2, 0),
(100000877, 'Jorge Orlando', 'Rodriguez', 'Acero', 1, 3, 4, 0, '', 0, 0, 0, 'Jorge Orlando.Rodriguez1@hotmail.com', '0', 1, 0),
(100000878, 'Claudia Vanessa', 'Marquez', 'Lozano', 1, 3, 2258, 361, '', 0, 0, 0, 'Claudia Vanessa.Marquez1@hotmail.com', 'importadora', 2, 0),
(100000879, 'Andres', 'Arango', 'Perez', 1, 3, 4, 0, '', 0, 0, 0, 'Andres.Arango1@hotmail.com', '0', 1, 0),
(100000880, 'Gerardo Antonio', 'Erazo', 'Riascos', 1, 3, 4802, 368, '', 0, 0, 0, 'Gerardo Antonio.Erazo1@colegiobennett.edu.co', 'Abogado', 1, 0),
(100000881, 'Aditha Del Zocorro', 'Martinez', 'Munoz', 1, 3, 2269, 368, '', 0, 0, 0, 'Aditha Del Zocorro.Martinez1@hotmail.com', 'Abogada', 2, 0),
(100000882, 'Ivan', 'Zapata', 'Giraldo', 3, 3, 5043, 368, '', 0, 0, 0, 'Ivan.Zapata1@gmail.es', '0', 1, 0),
(100000883, 'Clara Eugenia', 'Orozco', 'Zapata', 2, 3, 2258, 368, '', 0, 0, 0, 'Clara Eugenia.Orozco1@comfenalcovalle.com.co', 'ingeniero Industrial', 2, 0),
(100000884, 'Oscar David', 'Zuluaga', 'Espinosa', 5, 3, 2258, 368, '', 0, 0, 0, 'Oscar David.Zuluaga1@hotmail.com', 'empresario', 1, 0),
(100000885, 'Vanessa', 'Viveros', 'Betancourt', 5, 3, 2258, 368, '', 0, 0, 0, 'Vanessa.Viveros1@hotmail.com', 'Estudiante', 2, 0),
(100000886, 'William Gil', 'Romo', 'Rodriguez', 1, 3, 4754, 261, '', 0, 0, 0, 'William Gil.Romo1@hotmail.com', 'Comerciante', 1, 0),
(100000887, 'Mabel Cristina', 'Guerrero', 'Vargas', 1, 3, 2259, 261, '', 0, 0, 0, 'Mabel Cristina.Guerrero1@hotmail.com', 'Independiente', 2, 0),
(100000888, 'Rodrigo ', 'Muñoz', 'Muñoz', 1, 3, 2258, 360, '', 0, 0, 0, 'Rodrigo .Muñoz1@conciviles.com', 'ingeniero civil', 1, 0),
(100000889, 'Jenny', 'Tascon', 'Alarcon', 1, 3, 2258, 360, '', 0, 0, 0, 'Jenny.Tascon1@hotmail.com', 'abogada', 2, 0),
(100000890, 'Jaime Alberto', 'Pincay', 'Gordillo', 1, 3, 2258, 368, '', 0, 0, 0, 'Jaime Alberto.Pincay1@hotmail.com', 'Ingeniero', 1, 0),
(100000891, 'Blanca Rubiela', 'Ramirez ', 'Riaño', 1, 3, 2267, 368, '', 0, 0, 0, 'Blanca Rubiela.Ramirez 1@hotmail.com', 'Abogada', 2, 0),
(100000892, 'Mauricio', 'Alvarez', 'Ramos', 1, 3, 2258, 365, '', 0, 0, 0, 'Mauricio.Alvarez1@hotmail.com', 'administrador', 1, 0),
(100000893, 'Paola Andrea', 'Parra', 'Baquero', 1, 3, 2265, 365, '', 0, 0, 0, 'Paola Andrea.Parra1@roche.com', 'Bacteriologa', 2, 0),
(100000894, 'Giovanny Andres', 'Perez', 'Galindo', 1, 3, 2275, 368, '', 0, 0, 0, 'Giovanny Andres.Perez1@yahoo.com', 'Contador Publico', 1, 0),
(100000895, 'Stella Cecilia ', 'Muñoz', 'Saavedra', 1, 3, 2260, 368, '', 0, 0, 0, 'Stella Cecilia .Muñoz1@hotmail.com', 'Administradora de Empresas', 2, 0),
(100000896, 'Juan Pablo ', 'Santa ', 'Luna', 4, 3, 2258, 32, '', 0, 0, 0, 'Juan Pablo .Santa 1@gmail.com', 'Administrador de Empresa', 1, 0),
(100000897, 'Eliana Maria ', 'Calzada ', 'Velasquez', 1, 3, 2285, 32, '', 0, 0, 0, 'Eliana Maria .Calzada 1@gmail.com', 'Secretaria', 2, 0),
(100000898, 'Juan Carlos', 'Acosta', 'Bonilla', 1, 3, 2258, 361, '', 0, 0, 0, 'Juan Carlos.Acosta1@its.jnj.com', 'Economista', 1, 0),
(100000899, 'Lorena Saray', 'Valencia', 'Perez', 1, 3, 2258, 361, '', 0, 0, 0, 'Lorena Saray.Valencia1@hotmail.com', 'Administradora', 2, 0),
(100000900, 'Andres Humberto', 'Hernandez', 'Campo', 1, 3, 2258, 266, '', 0, 0, 0, 'Andres Humberto.Hernandez1@yahoo.com', 'Administrador', 1, 0),
(100000901, 'Paola Andrea', 'Jimeno', 'Perez', 1, 3, 2258, 266, '', 0, 0, 0, 'Paola Andrea.Jimeno1@gmail.com', 'Odontologa', 2, 0),
(100000902, 'Juan Carlos', 'Rizzetto  ', 'Luces', 1, 3, 2258, 368, '', 0, 0, 0, 'Juan Carlos.Rizzetto  1@gmail.com', 'SENADOR DE LA REPUBLICA DE COLOMBIA', 1, 0),
(100000903, 'Angela Maria', 'Lopez', 'Osorio', 1, 3, 2258, 368, '', 0, 0, 0, 'Angela Maria.Lopez1@proservis.com.co', 'gerente comercial', 2, 0),
(100000904, 'Sergio', 'Rico ', 'Diaz', 1, 3, 2258, 368, '', 0, 0, 0, 'Sergio.Rico 1@hotmail.com', 'ganadero', 1, 0),
(100000905, 'Liliana', 'Cardenas', 'Cordoba', 1, 3, 2258, 368, '', 0, 0, 0, 'Liliana.Cardenas1@hotmail.com', 'ganadera', 2, 0),
(100000906, 'Francisco Fabian', 'Garcia', 'Sanchez', 1, 3, 2278, 278, '', 0, 0, 0, 'Francisco Fabian.Garcia1@hotmail.com', 'Transportado', 1, 0),
(100000907, 'Carolina', 'Von Rosen', 'Alvarez', 1, 3, 2258, 278, '', 0, 0, 0, 'Carolina.Von Rosen1@hotmail.com', 'independiente', 2, 0),
(100000908, 'Humberto Javier', 'Torres', 'Yepes', 1, 3, 2257, 264, '', 0, 0, 0, 'Humberto Javier.Torres1@colegiobenett.edu.co', 'comerciante', 1, 0),
(100000909, 'Olga Lucia', 'Toro', 'Yepes', 1, 3, 2257, 264, '', 0, 0, 0, 'Olga Lucia.Toro1@hotmail.com', 'abogada', 2, 0),
(100000910, 'Hector Fabio', 'Caicedo', 'Posso', 1, 3, 2258, 368, '', 0, 0, 0, 'Hector Fabio.Caicedo1@yahoo.com', 'Comerciante', 1, 0),
(100000911, 'Nancy', 'Gomez', 'Ledezma', 1, 3, 2258, 368, '', 0, 0, 0, 'Nancy.Gomez1@hotmail.com', '1', 2, 0),
(100000912, 'Hernan Eduardo', 'Fajardo ', 'Varela', 2, 3, 2258, 368, '', 0, 0, 0, 'Hernan Eduardo.Fajardo 1@hotmail.com', 'comerciante', 1, 0),
(100000913, 'Dora Patricia', 'Reyes', 'Maheche', 2, 3, 2258, 134, '', 0, 0, 0, 'Dora Patricia.Reyes1@hotmail.com', 'ama de casa', 2, 0),
(100000914, 'John Jairo', 'Chica ', 'Loaiza', 2, 3, 2258, 308, '', 0, 0, 0, 'John Jairo.Chica 1@hotmail.com', 'ventas', 1, 0),
(100000915, 'Damaris', 'Umaña', 'Cardona', 5, 3, 2258, 308, '', 0, 0, 0, 'Damaris.Umaña1@colegiobennett.edu.co', 'Docente  ', 2, 0),
(100000916, 'Alvaro Augusto', 'Perea', 'Ospina', 2, 3, 2258, 318, '', 0, 0, 0, 'Alvaro Augusto.Perea1@hotmail.com', 'Trabajador independiente', 1, 0),
(100000917, 'Marcela', 'Giraldo', 'Monge', 2, 3, 2258, 318, '', 0, 0, 0, 'Marcela.Giraldo1@hotmail.com', 'estudiante', 2, 0),
(100000918, 'Juan Manuel', 'Hoyos', 'Verde', 1, 3, 2258, 34, '', 0, 0, 0, 'Juan Manuel.Hoyos1@hotmail.com', 'transportista', 1, 0),
(100000919, 'Claudia Jimena', 'Lemos', 'Patiño', 1, 3, 2258, 34, '', 0, 0, 0, 'Claudia Jimena.Lemos1@hotmail.com', 'disenadora', 2, 0),
(100000920, 'Gerardo', 'Bernal', 'Cataño', 3, 3, 2272, 26, '', 0, 0, 0, 'Gerardo.Bernal1@hotmail.com', 'empleado', 1, 0),
(100000921, 'Martha Elena', 'Bernal', 'Leon', 1, 3, 2258, 26, '', 0, 0, 0, 'Martha Elena.Bernal1@gmail.com', 'Empleada', 2, 0),
(100000922, 'Guillermo', 'Valencia', 'Zuluaga', 1, 3, 2258, 361, '', 0, 0, 0, 'Guillermo.Valencia1@hotmail.com', 'comerciante', 1, 0),
(100000923, 'Katherine', 'Palomino', 'Machado', 3, 3, 2258, 361, '', 0, 0, 0, 'Katherine.Palomino1@gmail.com', 'Gerente Kallari SA', 2, 0),
(100000924, 'Jose Mauricio', 'Jaramillo', 'Ahumada', 1, 3, 2258, 304, '', 0, 0, 0, 'Jose Mauricio.Jaramillo1@hotmail.com', 'Contratista Emcali', 1, 0),
(100000925, 'Margarita Rosa', 'Ramos', 'Rondon', 1, 3, 2260, 304, '', 0, 0, 0, 'Margarita Rosa.Ramos1@hotmail.com', 'docente', 2, 0),
(100000926, 'Harold', 'Lozada', 'Castaño', 1, 3, 2258, 361, '', 0, 0, 0, 'Harold.Lozada1@regataviajes.com.co', 'economista', 1, 0),
(100000927, 'Adriana', 'Cuadros', 'Reyes', 1, 3, 2258, 361, '', 0, 0, 0, 'Adriana.Cuadros1@hotmail.com', 'diseñadora', 2, 0),
(100000928, 'Ericsson', 'Arciniegas', 'Lucio', 1, 3, 2273, 264, '', 0, 0, 0, 'Ericsson.Arciniegas1@hotmail.com', 'comerciante', 1, 0),
(100000929, 'María Teresa', 'Gallego', 'Garcia', 1, 3, 2258, 264, '', 0, 0, 0, 'María Teresa.Gallego1@hotmail.com', 'contadora', 2, 0),
(100000930, 'Alvaro', 'Jara', 'Andrade', 1, 3, 2257, 368, '', 0, 0, 0, 'Alvaro.Jara1@hotmail.com', 'DOCENTE ', 1, 0),
(100000931, 'Ana Maria', 'Triviño', 'Tarazona', 1, 3, 4457, 368, '', 0, 0, 0, 'Ana Maria.Triviño1@hotmail.com', 'docente ', 2, 0),
(100000932, 'Ever', 'Angel', 'Trilleras', 1, 3, 2258, 361, '', 0, 0, 0, 'Ever.Angel1@hotmail.com', '2', 1, 0),
(100000933, 'Luz Patricia', 'Rios', 'Villafañe', 1, 3, 2258, 361, '', 0, 0, 0, 'Luz Patricia.Rios1@hotmail.com', 'comerciante', 2, 0),
(100000934, 'Oscar Eduardo', 'Turriago ', 'Villamil', 3, 3, 2258, 260, '', 0, 0, 0, 'Oscar Eduardo.Turriago 1@hotmail.com', '1', 1, 0),
(100000935, 'Monica Hellen', 'Rivera ', 'Galindez', 3, 3, 2258, 260, '', 0, 0, 0, 'Monica Hellen.Rivera 1@hotmail.com', 'Asesora contable y tributaria', 2, 0),
(100000936, 'Juan Carlos ', 'Molina', 'Gaitán', 1, 3, 2258, 266, '', 0, 0, 0, 'Juan Carlos .Molina1@hotmail.com', 'DOCENTE', 1, 0),
(100000937, 'Betty', 'Arboleda', 'Martínez', 1, 3, 2258, 266, '', 0, 0, 0, 'Betty.Arboleda1@hotmail.com', 'DOCENTE', 2, 0),
(100000938, 'Javier Alonso', 'Zuluaga', 'Arias', 1, 3, 2258, 329, '', 0, 0, 0, 'Javier Alonso.Zuluaga1@hotmail.com', 'subgerencia', 1, 0),
(100000939, 'Adriana Patricia', 'Franco', 'Vega', 1, 3, 2258, 366, '', 0, 0, 0, 'Adriana Patricia.Franco1@soendotaciones.com', 'gerente', 2, 0),
(100000940, 'Orlando', 'Cortes', 'Gonzales', 1, 3, 4989, 368, '', 0, 0, 0, 'Orlando.Cortes1@polloselbucanero.com', 'administrador', 1, 0),
(100000941, 'Martha', 'Palacio', 'Lopez', 1, 3, 2258, 368, '', 0, 0, 0, 'Martha.Palacio1@hotmail.com', 'ama de casa', 2, 0),
(100000942, 'Julian Alfredo', 'Figueroa', 'Calero', 1, 3, 2258, 368, '', 0, 0, 0, 'Julian Alfredo.Figueroa1@gmail.com', 'publicista', 1, 0),
(100000943, 'Consuelo', 'Losada', 'Velez', 1, 3, 2258, 360, '', 0, 0, 0, 'Consuelo.Losada1@hotmail.com', 'comerciante', 2, 0),
(100000944, 'Oscar Atilio', 'Ordoñez', 'Perez', 1, 3, 2258, 264, '', 0, 0, 0, 'Oscar Atilio.Ordoñez1@gmail.com', 'docente', 1, 0),
(100000945, 'Maria Del Pilar ', 'Rojas', 'Guerrero ', 1, 3, 2258, 264, '', 0, 0, 0, 'Maria Del Pilar .Rojas1@hotmail.com', 'docente', 2, 0),
(100000946, 'Alvaro Hernan', 'Olaya', 'Rojas', 5, 3, 2258, 269, '', 0, 0, 0, 'Alvaro Hernan.Olaya1@gmail.com', 'Economista', 1, 0),
(100000947, 'Maria Del Mar', 'Jacome', 'Calderon', 5, 3, 2258, 269, '', 0, 0, 0, 'Maria Del Mar.Jacome1@hotmail.com', 'Admón de Empresas', 2, 0),
(100000948, 'Camilo', 'Valencia', 'Trujillo', 1, 3, 2258, 368, '', 0, 0, 0, 'Camilo.Valencia1@hotmail.com', 'Economista', 1, 0),
(100000949, 'Claudia Liliana', 'Andrade', 'Sarasa', 1, 3, 2258, 368, '', 0, 0, 0, 'Claudia Liliana.Andrade1@hotmail.com', 'Ama de Casa (Hogar)', 2, 0),
(100000950, 'Carlos Andrés', 'Durán', 'Castrillón', 1, 3, 2258, 272, '', 0, 0, 0, 'Carlos Andrés.Durán1@gmail.com', 'Médico', 1, 0),
(100000951, 'Martha Ligia', 'Montoya', 'Núñez', 1, 3, 2257, 272, '', 0, 0, 0, 'Martha Ligia.Montoya1@gmail.com', 'Médico', 2, 0),
(100000952, 'Emerson', 'Montaño', 'Caicedo', 3, 3, 2258, 258, '', 0, 0, 0, 'Emerson.Montaño1@hotmail.com', 'ingeniero', 1, 0),
(100000953, 'Carolina', 'López', 'Macias', 1, 3, 2258, 280, '', 0, 0, 0, 'Carolina.López1@hotmail.com', 'educadora fisica', 2, 0),
(100000954, 'Roger', 'Echeverry', 'Salazar', 1, 3, 2258, 368, '', 0, 0, 0, 'Roger.Echeverry1@dmontanasport.com', 'Gerente', 1, 0),
(100000955, 'Adriana Isabel', 'Saez', 'Franco', 1, 3, 2258, 368, '', 0, 0, 0, 'Adriana Isabel.Saez1@casadebolsa.com.co', 'Corredora de Bolsa', 2, 0),
(100000956, 'Nicola', 'Lopomo', 'Lopomo', 1, 3, 1466, 347, '', 0, 0, 0, 'Nicola.Lopomo1@hotmail.com', 'pensionado', 1, 0),
(100000957, 'Eva Liliana', 'Zea', 'Zea', 1, 3, 2258, 347, '', 0, 0, 0, 'Eva Liliana.Zea1@hotmail.com', 'ama de casa', 2, 0),
(100000958, 'Javier', 'Restrepo', 'Perez', 3, 3, 2258, 275, '', 0, 0, 0, 'Javier.Restrepo1@colegiobennett.edu.co', 'VENDEDOR - AUTOS ANDROMEDA', 1, 0),
(100000959, 'María Irene', 'Ramos', 'Dominguez', 2, 3, 2258, 304, '', 0, 0, 0, 'María Irene.Ramos1@yahoo.com', 'DOCENTE ', 2, 0),
(100000960, 'Carlos Edwin', 'Bustillos', 'Garcia', 1, 3, 2258, 319, '', 0, 0, 0, 'Carlos Edwin.Bustillos1@hotmail.com', 'ADMINISTRADOR', 1, 0),
(100000961, 'Carmenza', 'Serna', 'Gómez', 1, 3, 2258, 319, '', 0, 0, 0, 'Carmenza.Serna1@hotmail.com', 'enfermera jefe', 2, 0),
(100000962, 'Mario German', 'Satizabal', 'Rengigo', 1, 3, 2289, 1, '', 0, 0, 0, 'Mario German.Satizabal1@hotmail.com', 'ingeniero', 1, 0),
(100000963, 'Edna Ruth', 'Vasquez', 'Cañas', 1, 3, 2289, 368, '', 0, 0, 0, 'Edna Ruth.Vasquez1@hotmail.com', 'admon', 2, 0),
(100000964, 'Carlos Alberto', 'Martinez ', 'Gomez', 1, 3, 2258, 263, '', 0, 0, 0, 'Carlos Alberto.Martinez 1@yahoo.es', 'comerciante', 1, 0),
(100000965, 'Ada Luz', 'Parra', 'Mosquera', 1, 3, 2258, 263, '', 0, 0, 0, 'Ada Luz.Parra1@yahoo.com', 'Administradora', 2, 0),
(100000966, 'Alfredo', 'Castillo', 'Trujillo', 5, 3, 2257, 319, '', 0, 0, 0, 'Alfredo.Castillo1@hotmail.com', 'Independiente', 1, 0),
(100000967, 'Lucero', 'Álvarez', 'Arcila', 5, 3, 2287, 319, '', 0, 0, 0, 'Lucero.Álvarez1@hotmail.com', 'Enfermera', 2, 0),
(100000968, 'Yeimy ', 'Sánchez', 'Bustamente', 3, 3, 2258, 148, '', 0, 0, 0, 'Yeimy .Sánchez1@hotmail.com', 'mecanica dental', 2, 0),
(100000969, 'Carlos Humberto', 'López', 'Lasso', 0, 0, 0, 0, '', 0, 0, 0, 'Carlos Humberto.López1@hotmail.com', '0', 1, 0),
(100000970, 'Ana Carolina', 'Berardinelli', 'Castro', 0, 0, 0, 0, '', 0, 0, 0, 'Ana Carolina.Berardinelli1@hotmail.com', '0', 2, 0),
(100000971, 'Leo Fernando', 'Campos', 'Lizcano', 1, 3, 2258, 266, '', 0, 0, 0, 'Leo Fernando.Campos1@hotmail.com', 'COMERCIANTE ', 1, 0),
(100000972, 'Piedad Liliana', 'Zamora', 'Caicedo', 1, 3, 2258, 266, '', 0, 0, 0, 'Piedad Liliana.Zamora1@hotmail.com', 'CAPITAN POLICIA ', 2, 0),
(100000973, 'Wilson', 'Erazo', 'Salazar', 5, 3, 2258, 176, '', 0, 0, 0, 'Wilson.Erazo1@hotmail.com', 'artista', 1, 0),
(100000974, 'Esperanza', 'Gutierrez', 'Vanegas', 5, 3, 2258, 176, '', 0, 0, 0, 'Esperanza.Gutierrez1@hotmail.com', 'docente', 2, 0),
(100000975, 'Arle', 'Parra', 'Paredes', 1, 3, 2258, 264, '', 0, 0, 0, 'Arle.Parra1@hotmail.com', 'abogado', 1, 0),
(100000976, 'Yorlady', 'Tello', 'Paredes', 1, 3, 2258, 264, '', 0, 0, 0, 'Yorlady.Tello1@hotmail.com', 'abogada', 2, 0),
(100000977, 'Luis Angel', 'Restrepo', 'Mosquera', 3, 3, 2258, 282, '', 0, 0, 0, 'Luis Angel.Restrepo1@hotmail.com', 'INDEPENDIENTE - TRANSPORTADOR ', 1, 0),
(100000978, 'Alba Lucia', 'Montes', 'Barona', 1, 3, 2258, 282, '', 0, 0, 0, 'Alba Lucia.Montes1@hotmail.com', 'independiente ', 2, 0),
(100000979, 'Gabriel  Jaime', 'Velez', 'Ramirez', 0, 0, 0, 0, '', 0, 0, 0, 'Gabriel  Jaime.Velez1@hotmail.com', '0', 1, 0),
(100000980, 'Veronica  Aleandra', 'Condor', 'Morales', 0, 0, 0, 0, '', 0, 0, 0, 'Veronica  Aleandra.Condor1@hotmail.com', '0', 2, 0),
(100000981, 'Santiago', 'Herrera ', 'Villegas', 2, 3, 2258, 34, '', 0, 0, 0, 'Santiago.Herrera 1@hotmail.com', 'GANADERO', 1, 0),
(100000982, 'Alejandra', 'Ocampo', 'Torres', 2, 3, 2258, 258, '', 0, 0, 0, 'Alejandra.Ocampo1@hotmail.com', 'COMERCIANTE', 2, 0),
(100000983, 'Diego Gerardo ', 'Ospina', 'Martinez', 1, 3, 2258, 368, '', 0, 0, 0, 'Diego Gerardo .Ospina1@yahoo.com.co', 'Pastor', 1, 0),
(100000984, 'Claudia Ximena', 'Caicedo', 'Avellaneda', 1, 3, 2258, 368, '', 0, 0, 0, 'Claudia Ximena.Caicedo1@gmail.com', 'Pastora', 2, 0),
(100000985, 'Rolando', 'Vidal', 'Cagigas', 3, 3, 5037, 317, '', 0, 0, 0, 'Rolando.Vidal1@gmail.com', 'ABOGADO', 1, 0),
(100000986, 'Adriana Patricia', 'Mira', 'Valencia', 3, 3, 2258, 368, '', 0, 0, 0, 'Adriana Patricia.Mira1@hotmail.com', '1', 2, 0),
(100000987, 'Enrique', 'Bula', 'Jimenez', 1, 3, 4511, 277, '', 0, 0, 0, 'Enrique.Bula1@hotmail.com', '0', 1, 0),
(100000988, 'Claudia', 'Escarria', 'Hernandez', 1, 3, 2258, 277, '', 0, 0, 0, 'Claudia.Escarria1@hotmail.com', 'instrumentadora quirúrgica', 2, 0),
(100000989, 'Jose Hoover', 'Ospina', 'Arango', 1, 3, 5028, 368, '', 0, 0, 0, 'Jose Hoover.Ospina1@creamigo.com', 'contador publico', 1, 0),
(100000990, 'Luz Adraiana', 'Aragon', 'Tello', 1, 3, 2258, 368, '', 0, 0, 0, 'Luz Adraiana.Aragon1@hotmail.es', 'fisioterapeutica', 2, 0),
(100000991, 'Andres', 'Vivas', 'Duque', 1, 3, 2258, 26, '', 0, 0, 0, 'Andres.Vivas1@gmail.com', 'EMPLEADO', 1, 0),
(100000992, 'Luz Amparo', 'Vargas', 'Herrera', 1, 3, 2258, 26, '', 0, 0, 0, 'Luz Amparo.Vargas1@hotmail.com', 'EMPLEADA', 2, 0),
(100000993, 'Carlos Ovidio', 'Sarria', 'Salcedo', 1, 3, 2278, 317, '', 0, 0, 0, 'Carlos Ovidio.Sarria1@hotmail.com', 'Abogado', 1, 0),
(100000994, 'Marcela Maria', 'Hurtado', 'Perdomo', 1, 3, 2258, 317, '', 0, 0, 0, 'Marcela Maria.Hurtado1@yahoo.es', 'Administradora de Empresas', 2, 0),
(100000995, 'Diana Patricia', 'Leyes', 'Castro', 3, 3, 2258, 360, '', 0, 0, 0, 'Diana Patricia.Leyes1@hotmail.com', 'medico', 2, 0),
(100000996, 'Mauricio', 'Rojas', 'Soto', 1, 3, 2258, 368, '', 0, 0, 0, 'Mauricio.Rojas1@gmail.com', '0', 1, 0),
(100000997, 'Amalia', 'Sierra', 'Correal', 1, 3, 2258, 368, '', 0, 0, 0, 'Amalia.Sierra1@gmail.com', 'empresaria', 2, 0),
(100000998, 'Edilberto', 'Agudelo', 'Restrepo', 5, 3, 2285, 308, '', 0, 0, 0, 'Edilberto.Agudelo1@gmail.com', 'Ingeniero Químico', 1, 0),
(100000999, 'Noralba', 'Galeano', 'Rincon', 5, 3, 2278, 308, '', 0, 0, 0, 'Noralba.Galeano1@gmail.com', 'Diseñadora de Modas', 2, 0),
(100001000, 'Juan Carlos', 'Rubio', 'Buonamisis', 3, 3, 654, 360, '', 0, 0, 0, 'Juan Carlos.Rubio1@rlosrubio.com', ' ', 1, 0),
(100001001, 'Wilson', 'Rodríguez', 'Martínez', 1, 3, 2257, 370, '', 0, 0, 0, 'Wilson.Rodríguez1@hotmail.com', 'Admon Empresas', 1, 0),
(100001002, 'Anglea María', 'Arenas', 'Jaimes', 1, 3, 2264, 258, '', 0, 0, 0, 'Anglea María.Arenas1@hotmail.com', 'Administrador de Empresas', 2, 0),
(100001003, 'Jonh', 'López ', 'López ', 1, 3, 4403, 361, '', 0, 0, 0, 'Jonh.López 1@colegiobennett.edu.co', 'comerciante', 1, 0),
(100001004, 'Dora', 'Muńoz', 'Arias', 1, 3, 2258, 361, '', 0, 0, 0, 'Dora.Muńoz1@hotmail.es', 'comerciante', 2, 0),
(100001005, 'Guillermo', 'Gomez', 'Mulato', 1, 3, 2258, 278, '', 0, 0, 0, 'Guillermo.Gomez1@yahoo.com.co', 'Pensionado', 1, 0),
(100001006, 'Sandra Patricia', 'Torres', 'Montes', 1, 3, 2257, 278, '', 0, 0, 0, 'Sandra Patricia.Torres1@yahoo.com', 'Medico', 2, 0),
(100001007, 'Luis Fernando', 'Betancourt', 'Valderruten', 1, 3, 2285, 296, '', 0, 0, 0, 'Luis Fernando.Betancourt1@hotmail.com', 'Asesor Hipotecario', 1, 0),
(100001008, 'Liliana', 'Ceballos', 'Mazuera', 1, 3, 2258, 296, '', 0, 0, 0, 'Liliana.Ceballos1@hotmail.com', 'Docente', 2, 0),
(100001009, 'Camilo', 'Trujillo', 'Giron', 1, 3, 2278, 368, '', 0, 0, 0, 'Camilo.Trujillo1@hotmail.com', 'cañicultor', 1, 0),
(100001010, 'Sandra Milena', 'Rivera', 'Alzate', 1, 3, 2258, 38, '', 0, 0, 0, 'Sandra Milena.Rivera1@hotmail.com', 'empresaria', 2, 0),
(100001011, 'William', 'Jimenez', 'Wilches', 1, 3, 2258, 368, '', 0, 0, 0, 'William.Jimenez1@hotmail.com', 'Medico', 1, 0),
(100001012, 'Beatriz Stella', 'Arevalo', 'Sanchez', 1, 3, 2258, 368, '', 0, 0, 0, 'Beatriz Stella.Arevalo1@hotmail.com', 'Odontologa', 2, 0),
(100001013, 'Wilson', 'Bastidas', 'Aragon', 1, 3, 2258, 318, '', 0, 0, 0, 'Wilson.Bastidas1@hotmail.com', 'empresario', 1, 0),
(100001014, 'Carmen Cecilia', 'Rosas', 'Abella', 1, 3, 5037, 318, '', 0, 0, 0, 'Carmen Cecilia.Rosas1@hotmail.com', 'biologa', 2, 0),
(100001015, 'Hernando', 'Mazuera', 'Lozano', 1, 3, 2258, 261, '', 0, 0, 0, 'Hernando.Mazuera1@live.com', 'comerciante', 1, 0),
(100001016, 'Ana Maria', 'Gomez', 'Londoño', 1, 3, 2258, 261, '', 0, 0, 0, 'Ana Maria.Gomez1@live.com', 'hogar', 2, 0),
(100001017, 'Cesar Augusto', 'Rodriguez', 'Figueroa', 1, 3, 2257, 0, '', 0, 0, 0, 'Cesar Augusto.Rodriguez1@hotmail.com', '0', 1, 0),
(100001018, 'Jenny Lorena', 'Buitrago', 'Galvis', 4, 3, 2285, 274, '', 0, 0, 0, 'Jenny Lorena.Buitrago1@hotmail.com', 'Independiente', 2, 0),
(100001019, 'Ivan', 'Vanegas', 'Cardozo', 1, 3, 2258, 266, '', 0, 0, 0, 'Ivan.Vanegas1@hotmail.com', 'medico', 1, 0),
(100001020, 'Jennifer', 'Arciniegas', 'Espejo', 1, 3, 2258, 266, '', 0, 0, 0, 'Jennifer.Arciniegas1@yahoo.es', 'esteticista', 2, 0),
(100001021, 'Claudia', 'Suavita', 'Henao', 4, 3, 5037, 368, '', 0, 0, 0, 'Claudia.Suavita1@hotmail.com', 'comeciante', 2, 0),
(100001022, 'Pedro Felipe', 'Muñoz', 'Murgueitio', 1, 3, 2258, 261, '', 0, 0, 0, 'Pedro Felipe.Muñoz1@elpais.com.co', 'Empleado', 1, 0),
(100001023, 'Leslie', 'Gaviria', 'Orozco', 1, 3, 2258, 261, '', 0, 0, 0, 'Leslie.Gaviria1@hotmail.com', '0Hogar', 2, 0),
(100001024, 'Diego', 'Sanchez', 'Diaz', 1, 3, 2258, 360, '', 0, 0, 0, 'Diego.Sanchez1@hotmail.com', 'arquitecto', 1, 0),
(100001025, 'Beatriz Eugenia', 'Mejia', 'Potes', 3, 3, 2258, 360, '', 0, 0, 0, 'Beatriz Eugenia.Mejia1@hotmail.com', 'decoradora', 2, 0),
(100001026, 'Alejandro ', 'Marmolejo', 'Toro', 1, 3, 2258, 295, '', 0, 0, 0, 'Alejandro .Marmolejo1@hotmail.com', 'Odontologo', 1, 0),
(100001027, 'Gina Paola', 'Millan ', 'Estrada', 1, 3, 2258, 295, '', 0, 0, 0, 'Gina Paola.Millan 1@hotmail.com', 'Odontologo', 2, 0),
(100001028, 'Jorge Enrique', 'Ortega', 'Mejia', 1, 3, 2258, 14, '', 0, 0, 0, 'Jorge Enrique.Ortega1@yahoo.com', '0', 1, 0),
(100001029, 'Nayib Zamara', 'Chaux', 'Avila', 4, 3, 2258, 14, '', 0, 0, 0, 'Nayib Zamara.Chaux1@yahoo.com', 'COMERCIANTE', 2, 0),
(100001030, 'Dolly', 'Vega', 'Vega', 4, 3, 5039, 376, '', 0, 0, 0, 'Dolly.Vega1@hotmail.com', 'Ama de casa', 1, 0),
(100001031, 'Argemiro', 'Espinosa', 'Muñoz', 1, 3, 2258, 368, '', 0, 0, 0, 'Argemiro.Espinosa1@hotmail.com', 'contador publico', 1, 0),
(100001032, 'Yolima', 'Bonilla', 'Rojas', 1, 3, 5029, 363, '', 0, 0, 0, 'Yolima.Bonilla1@hotmail.com', '1', 2, 0),
(100001033, 'Hernan', 'Figueroa', 'Perdomo', 1, 3, 2258, 360, '', 0, 0, 0, 'Hernan.Figueroa1@gmail.com', 'Medico Anestesiologo', 1, 0),
(100001034, 'Maria Fernanda', 'Falla', 'Tello', 1, 3, 2258, 360, '', 0, 0, 0, 'Maria Fernanda.Falla1@gmail.com', 'Ama de casa', 2, 0),
(100001035, 'Jaime Alejandro', 'Cano', 'Cano', 1, 3, 2289, 368, '', 0, 0, 0, 'Jaime Alejandro.Cano1@inagromecanica.com', 'Ingeniero Mecanico', 1, 0),
(100001036, 'Adriana Maria', 'Solarte', 'Cardona', 1, 3, 4457, 368, '', 0, 0, 0, 'Adriana Maria.Solarte1@ocupar.com.co', 'Ingeniera Industrial', 2, 0),
(100001037, 'Jose Tyrone Wilson', 'Carvajal', 'Ceballos', 1, 3, 2289, 263, '', 0, 0, 0, 'Jose Tyrone Wilson.Carvajal1@hotmail.com', 'Abogado', 1, 0),
(100001038, 'Cielo', 'Hormiga', 'Paz', 1, 3, 2282, 367, '', 0, 0, 0, 'Cielo.Hormiga1@yahoo.com', 'Notaria', 2, 0),
(100001039, 'Sergio Dario', 'Herrera', 'Month', 0, 0, 0, 0, '', 0, 0, 0, 'Sergio Dario.Herrera1@hotmail.com', '0', 1, 0),
(100001040, 'Magola', 'Gonzalez', 'Zambrano', 0, 0, 0, 0, '', 0, 0, 0, 'Magola.Gonzalez1@hotmail.com', '0', 2, 0),
(100001041, 'Victor Hugo', 'Moreno', 'Bandeira', 2, 3, 5128, 265, '', 0, 0, 0, 'Victor Hugo.Moreno1@colegiobennett.edu.co', 'abogado', 1, 0),
(100001042, 'Alexandra ', 'Luna', 'Antia', 2, 3, 2285, 258, '', 0, 0, 0, 'Alexandra .Luna1@hotmail.com', 'comerciante', 2, 0),
(100001043, 'Pedro Juan ', 'Guerrero', 'Corella', 1, 3, 2258, 366, '', 0, 0, 0, 'Pedro Juan .Guerrero1@hotmail.com', 'medico', 1, 0),
(100001044, 'Claudia Del Pilar', 'Vasquez', 'Arboleda', 1, 3, 2267, 366, '', 0, 0, 0, 'Claudia Del Pilar.Vasquez1@hotmail.com', 'visitadora medica', 2, 0),
(100001045, 'Luz Marina ', 'Urrego ', 'Cardenas', 1, 3, 2258, 278, '', 0, 0, 0, 'Luz Marina .Urrego 1@colegiobennet.edu.co', 'ama de casa', 2, 0),
(100001046, 'Humberto', 'Rodriguez', 'Mondragon', 1, 3, 2258, 368, '', 0, 0, 0, 'Humberto.Rodriguez1@hotmail.com', 'Financista', 1, 0),
(100001047, 'Flor De Maria', 'Sanclemente', 'Bedoya', 1, 3, 2258, 361, '', 0, 0, 0, 'Flor De Maria.Sanclemente1@yahoo.es', 'ama de casa', 2, 0),
(100001048, 'German Alonso', 'Chala', 'Collazos', 1, 3, 2258, 368, '', 0, 0, 0, 'German Alonso.Chala1@etb.net.co', 'Gerente Administrativo', 1, 0),
(100001049, 'Maria Bibiana', 'Duran', 'Suarez', 1, 3, 2278, 368, '', 0, 0, 0, 'Maria Bibiana.Duran1@gmail.com', 'Gerente', 2, 0),
(100001050, 'Luz Mary', 'Gallo', 'Aladino', 1, 3, 2258, 361, '', 0, 0, 0, 'Luz Mary.Gallo1@hotmail.com', 'hogar ', 2, 0),
(100001051, 'Marcosfernando', 'Zuluaga', 'Gonzalez', 1, 3, 2258, 318, '', 0, 0, 0, 'Marcosfernando.Zuluaga1@hotmail.com', 'comerciante', 1, 0),
(100001052, 'Stephanie', 'Portocarrero', 'Concha', 1, 3, 2258, 261, '', 0, 0, 0, 'Stephanie.Portocarrero1@hotmail.com', 'estudiante', 2, 0),
(100001053, 'Marco Tulio', 'Castaño', 'Alvarez', 1, 3, 2267, 371, '', 0, 0, 0, 'Marco Tulio.Castaño1@emcali.com.co', 'Empleado', 1, 0),
(100001054, 'Luz María', 'Lopera', 'Giraldo', 1, 3, 2267, 371, '', 0, 0, 0, 'Luz María.Lopera1@hotmail.com', 'Publicista independiente', 2, 0),
(100001055, 'Mario', 'Garcia', 'Rodriguez', 0, 0, 0, 0, '', 0, 0, 0, 'Mario.Garcia1@hotmail.com', '0', 1, 0),
(100001056, 'Alexandra', 'Jurado', 'Buitrago', 1, 3, 2258, 317, '', 0, 0, 0, 'Alexandra.Jurado1@hotmail.com', 'Directora Publicidad', 2, 0),
(100001057, 'Antonio', 'Cárdenas', 'Varela', 0, 0, 0, 0, '', 0, 0, 0, 'Antonio.Cárdenas1@gmail.com', '0', 1, 0),
(100001058, 'Mónica María', 'Hoyos', 'España', 0, 0, 0, 0, '', 0, 0, 0, 'Mónica María.Hoyos1@hotmail.com', '0', 2, 0),
(100001059, 'Jose Sergio', 'Cortes', 'Castaño', 1, 3, 2258, 278, '', 0, 0, 0, 'Jose Sergio.Cortes1@mainco.com.co', 'asesor comercial', 1, 0),
(100001060, 'Janneth', 'Moreno', 'Castañeda', 1, 3, 2258, 278, '', 0, 0, 0, 'Janneth.Moreno1@mainco.com.co', 'gerente', 2, 0),
(100001061, 'Duvian Dario', 'Gomez', 'Zuluaga', 2, 3, 2258, 368, '', 0, 0, 0, 'Duvian Dario.Gomez1@hotmail.com', 'comerciante', 1, 0),
(100001062, 'Consuelo', 'Alvarado', 'Paez', 3, 3, 2258, 368, '', 0, 0, 0, 'Consuelo.Alvarado1@yahoo.es', 'Diseñadora de interiores', 2, 0),
(100001063, 'Luis Carlos', 'Fernandez', 'Muñoz', 3, 3, 5054, 361, '', 0, 0, 0, 'Luis Carlos.Fernandez1@hotmail.com', 'contador público', 1, 0),
(100001064, 'Marcela', 'Muñoz', 'Murgueitio', 3, 3, 5054, 261, '', 0, 0, 0, 'Marcela.Muñoz1@hotmail.com', 'Ama de Casa', 2, 0),
(100001065, 'Carlos Augusto', 'Calderon', 'Duque', 1, 3, 2272, 261, '', 0, 0, 0, 'Carlos Augusto.Calderon1@emcali.net.co', 'CONSULTOR', 1, 0),
(100001066, 'Lida Patricia', 'Bolaños', 'Angulo', 1, 3, 2258, 261, '', 0, 0, 0, 'Lida Patricia.Bolaños1@emcali.net.co', 'COMERCIANTE', 2, 0),
(100001067, 'Cesar Augusto', 'Canaval', 'Murillo', 5, 3, 2258, 137, '', 0, 0, 0, 'Cesar Augusto.Canaval1@hotmail.com', 'Empleado', 1, 0),
(100001068, 'Isabel', 'Daza', 'Micolta', 2, 3, 2258, 137, '', 0, 0, 0, 'Isabel.Daza1@hotmail.com', 'Contador Publico Titulado', 2, 0),
(100001069, 'Jose Guillermo', 'Chavez', 'España', 1, 3, 2269, 276, '', 0, 0, 0, 'Jose Guillermo.Chavez1@hotmail.com', 'Ganadero', 1, 0),
(100001070, 'Sonia Alison', 'Lopez', 'Cabrera', 1, 3, 2269, 276, '', 0, 0, 0, 'Sonia Alison.Lopez1@hotmail.com', 'contadora', 2, 0),
(100001071, 'Freddy Enrique', 'Agredo', 'Lemos', 1, 3, 2258, 30, '', 0, 0, 0, 'Freddy Enrique.Agredo1@yahoo.com', 'otorrinolaringologo', 1, 0),
(100001072, 'Lorena', 'Santa', 'Sanchez', 1, 3, 2258, 30, '', 0, 0, 0, 'Lorena.Santa1@yahoo.com', 'psicologa', 2, 0),
(100001073, 'Francisco Javier', 'Maya', 'Usubillaga', 1, 3, 2258, 38, '', 0, 0, 0, 'Francisco Javier.Maya1@hotmail.com', 'Empresario', 1, 0),
(100001074, 'Isabel Fernanda', 'Quevedo', 'Reyes', 1, 3, 2278, 38, '', 0, 0, 0, 'Isabel Fernanda.Quevedo1@bancodeoccidente.com.co', 'Gerente de Zona Bca Personal', 2, 0),
(100001075, 'Carlos Arturo', 'Romero', 'Naranjo', 5, 3, 2259, 261, '', 0, 0, 0, 'Carlos Arturo.Romero1@hotmail.com', 'medico', 1, 0),
(100001076, 'Delfanira', 'Amaya', 'Libreros', 5, 3, 2258, 261, '', 0, 0, 0, 'Delfanira.Amaya1@hotmail.com', 'Ingeniera Electrónica', 2, 0),
(100001077, 'Nancy', 'Lugo', 'Negron', 5, 3, 2257, 262, '', 0, 0, 0, 'Nancy.Lugo1@yahoo.com', 'Docente', 2, 0),
(100001078, 'Diego Ignacio', 'Lamus', 'Mondragon', 1, 3, 2258, 362, '', 0, 0, 0, 'Diego Ignacio.Lamus1@yahoo.es', 'Ingeniero', 1, 0),
(100001079, 'Diana', 'Mesa', 'Galvis', 1, 3, 2258, 362, '', 0, 0, 0, 'Diana.Mesa1@hotmail.com', 'Ingeniera  Civil', 2, 0),
(100001080, 'Jaime Fernando', 'Ossa ', 'Torres', 1, 3, 2258, 368, '', 0, 0, 0, 'Jaime Fernando.Ossa 1@hotmail.com', 'Negociante', 1, 0),
(100001081, 'Adriana Paola', 'Pereiro', 'Figueroa', 1, 3, 2258, 368, '', 0, 0, 0, 'Adriana Paola.Pereiro1@hotmail.com', 'Comerciante', 2, 0),
(100001082, 'Cecilia', 'Contreras', 'Baez', 2, 3, 2265, 257, '', 0, 0, 0, 'Cecilia.Contreras1@gmail.com', 'Ing, Sistemas', 2, 0),
(100001083, 'Alvaro', 'Serna', 'Morales', 1, 3, 2257, 316, '', 0, 0, 0, 'Alvaro.Serna1@yahoo.com', 'Pastor Cristiano', 1, 0),
(100001084, 'María Teresa', 'Castellanos', 'Garavito', 1, 3, 2257, 317, '', 0, 0, 0, 'María Teresa.Castellanos1@yahoo.es', 'Decoradora /Vitralista', 2, 0),
(100001085, 'Jorge Luis', 'Rios', 'Murillo', 1, 3, 2258, 258, '', 0, 0, 0, 'Jorge Luis.Rios1@hotmail.com', 'ejecutivo de ventas', 1, 0),
(100001086, 'Liliana', 'Lopez', 'Jimenez', 1, 3, 2258, 258, '', 0, 0, 0, 'Liliana.Lopez1@hotmail.com', 'ejecutiva de ventas', 2, 0),
(100001087, 'Martín Ramiro', 'Paredes', 'Montoya', 1, 3, 2258, 266, '', 0, 0, 0, 'Martín Ramiro.Paredes1@hotmail.com', 'Anestesiólogo', 1, 0),
(100001088, 'Diana Alexandra', 'Padilla', 'Lenis', 3, 3, 2258, 366, '', 0, 0, 0, 'Diana Alexandra.Padilla1@hotmail.es', 'Anestesióloga', 2, 0),
(100001089, 'Juan', 'Grajales', 'Lemos', 1, 3, 5039, 368, '', 0, 0, 0, 'Juan.Grajales1@gmail.com', 'comerciante', 1, 0),
(100001090, 'Mabel', 'Martinez', 'Alvarez', 1, 3, 2264, 368, '', 0, 0, 0, 'Mabel.Martinez1@gmail.com', 'comerciante', 2, 0),
(100001091, 'Rubiel Alberto', 'Londoño', 'Mejia', 0, 0, 0, 0, '', 0, 0, 0, 'Rubiel Alberto.Londoño1@hotmail.com', '0', 1, 0),
(100001092, 'Juan Carlos ', 'Muñoz ', 'Rodriguez', 0, 0, 0, 0, '', 0, 0, 0, 'Juan Carlos .Muñoz 1@hotmail.com', '', 1, 0),
(100001093, 'Bryan', 'Rosales', 'Peña', 1, 3, 2258, 295, '', 0, 0, 0, 'Bryan.Rosales1@gmail.com', 'Ingeniero Electrónico', 1, 0),
(100001094, 'Isabel ', 'Laiseca', 'Prado', 1, 3, 2258, 295, '', 0, 0, 0, 'Isabel .Laiseca1@gmail.com', 'Contadora Publica', 2, 0),
(100001095, 'Omar Andres', 'Tirado', 'Gonzalez', 1, 3, 2258, 368, '', 0, 0, 0, 'Omar Andres.Tirado1@hotmail.com', 'Administrador', 1, 0),
(100001096, 'Carolina', 'Gonzalez', 'Rodriguez', 1, 3, 2258, 368, '', 0, 0, 0, 'Carolina.Gonzalez1@hotmail.com', 'Contadora', 2, 0),
(100001097, 'Juancarlos', 'Florez', 'Abadia', 1, 3, 2258, 368, '', 0, 0, 0, 'Juancarlos.Florez1@live.com', 'Acesor financiero', 1, 0),
(100001098, 'Alexandra', 'Sandoval', 'Vidal', 1, 3, 2258, 368, '', 0, 0, 0, 'Alexandra.Sandoval1@live.com', 'Comerciante', 2, 0),
(100001099, 'Carlos Humberto', 'Pastrana', 'Monard', 1, 3, 2258, 34, '', 0, 0, 0, 'Carlos Humberto.Pastrana1@yahoo.es', 'Publicista', 1, 0),
(100001100, 'Maria Del Pilar', 'Oquendo ', 'Montes', 0, 0, 0, 0, '', 0, 0, 0, 'Maria Del Pilar.Oquendo 1@yahoo.es', '', 2, 0),
(100001101, 'Oscar', 'Ospina', 'Rengifo', 3, 3, 2258, 296, '', 0, 0, 0, 'Oscar.Ospina1@hotmail.com', 'comerciante', 1, 0),
(100001102, 'Claudia Stella', 'Rojas', 'Henao', 1, 3, 2258, 296, '', 0, 0, 0, 'Claudia Stella.Rojas1@hotmail.com', 'estuiadiante', 2, 0),
(100001103, 'Hernando', 'Gaitan', 'Bolaños', 1, 3, 2258, 265, '', 0, 0, 0, 'Hernando.Gaitan1@hotmail.com', 'ingeniero sistemas ', 1, 0),
(100001104, 'Sandra Patricia', 'Torres', 'Diaz', 1, 3, 2258, 265, '', 0, 0, 0, 'Sandra Patricia.Torres1@hotmail.com', 'ECONOMISTA', 2, 0),
(100001105, 'Gerardo', 'Caicedo', 'Gaviria', 1, 3, 2258, 305, '', 0, 0, 0, 'Gerardo.Caicedo1@hotmail.com', 'Comerciante', 1, 0),
(100001106, 'Gloria Delia', 'Mendez', 'Solis', 1, 3, 2282, 305, '', 0, 0, 0, 'Gloria Delia.Mendez1@hotmail.com', 'Docente', 2, 0),
(100001107, 'Diego Fernando', 'Rodriguez', 'Ruiz', 1, 3, 2258, 361, '', 0, 0, 0, 'Diego Fernando.Rodriguez1@hotmail.com', 'representate de ventas', 1, 0),
(100001108, 'Lorena', 'Patiño', 'Cruz', 1, 3, 2258, 361, '', 0, 0, 0, 'Lorena.Patiño1@hotmail.com', 'representante de ventas', 2, 0),
(100001109, 'Peter', 'Thomson', 'Na', 1, 3, 2257, 278, '', 0, 0, 0, 'Peter.Thomson1@hotmail.com', 'INGENIERO AEROESPACIAL', 1, 0),
(100001110, 'Monica', 'Rodriguez', 'Oozco', 1, 3, 2272, 278, '', 0, 0, 0, 'Monica.Rodriguez1@hotmail.com', 'docente', 2, 0),
(100001111, 'Pablo Jose ', 'Jimenez', 'Narvaez', 3, 3, 2258, 260, '', 0, 0, 0, 'Pablo Jose .Jimenez1@hotmail.com', 'ADMINISTRADOR', 1, 0),
(100001112, 'Yamileth', 'Sanchez', 'Calderon', 1, 3, 2258, 261, '', 0, 0, 0, 'Yamileth.Sanchez1@hotmail.com', 'Ama de casa ', 2, 0),
(100001113, 'Hugo', 'Charry', 'Montealegre', 1, 3, 2257, 261, '', 0, 0, 0, 'Hugo.Charry1@colegiobennett.edu.co', 'xxxxxxx', 0, 0),
(100001114, 'Diego Andres', 'Vargas', 'Figueroa', 1, 3, 2257, 370, '', 0, 0, 0, 'Diego Andres.Vargas1@sqdm.com', 'Ingeniero electronico', 1, 0),
(100001115, 'Jenny Margareth', 'Vallejo', 'Afanador', 1, 3, 2258, 370, '', 0, 0, 0, 'Jenny Margareth.Vallejo1@sqdm.com', 'Ingeniera de Sistemas', 2, 0),
(100001116, 'Carlos', 'Guerrero', 'Na', 1, 3, 2258, 4, '', 0, 0, 0, 'Carlos.Guerrero1@colegiobennett.edu.co', '', 1, 0),
(100001117, 'Julie Andre', 'Cristian ', 'Latorre', 1, 3, 2273, 26, '', 0, 0, 0, 'Julie Andre.Cristian 1@hotmail.com', 'Artista Plastica', 2, 0),
(100001118, 'David Ferney ', 'Suarez ', 'Suarez', 5, 3, 2258, 261, '', 0, 0, 0, 'David Ferney .Suarez 1@hotmail.com', 'comerciante', 1, 0),
(100001119, 'Diana Lorena', 'Cuenca ', 'Cruz', 5, 3, 2258, 261, '', 0, 0, 0, 'Diana Lorena.Cuenca 1@hotmail.com', 'fisioterpeuta', 2, 0),
(100001120, 'German Alexis', 'Bejarano', 'Naranjo', 2, 3, 2258, 362, '', 0, 0, 0, 'German Alexis.Bejarano1@hotmail.com', 'Ingeniero', 1, 0),
(100001121, 'Paula Cristina ', 'Herrera', 'Hoyos', 2, 3, 2258, 318, '', 0, 0, 0, 'Paula Cristina .Herrera1@hotmail.com', 'INGENIERA', 2, 0);
INSERT INTO `tb_persona` (`perso_codi`, `perso_nomb`, `perso_apel`, `perso_apel_2`, `esta_civi_codi`, `docu_codi`, `muni_codi_expe`, `barr_codi`, `perso_dire`, `perso_tele_casa`, `perso_tele_ofic`, `perso_celu`, `perso_mail`, `ocup_codi`, `gene_codi`, `sang_codi`) VALUES
(100001122, 'Jaime', 'Suarez', 'Cuenca', 1, 3, 2257, 26, '', 0, 0, 0, 'Jaime.Suarez1@YAHOO.COM', 'ingeniero civil', 1, 0),
(100001123, 'Beatriz Eugenia ', 'Moreno', 'Gomez', 1, 3, 2293, 26, '', 0, 0, 0, 'Beatriz Eugenia .Moreno1@YAHOO.COM', 'odontologa', 2, 0),
(100001124, 'Orlando', 'Castaño', 'Mendez', 2, 3, 2258, 1, '', 0, 0, 0, 'Orlando.Castaño1@colegiobennett.edu.co', 'Ninguna', 1, 0),
(100001125, 'Martha Elena', 'Sabogal', 'Escobar', 2, 3, 5047, 361, '', 0, 0, 0, 'Martha Elena.Sabogal1@fecundar.com', 'Administradora de Empresa', 2, 0),
(100001126, 'Jose Alberto', 'Gonzalez', 'Sanclemente', 1, 3, 2289, 368, '', 0, 0, 0, 'Jose Alberto.Gonzalez1@hotmail.com', 'administrador agropecuario', 1, 0),
(100001127, 'Adriana Yaneth', 'Sanchez', 'Perez', 1, 3, 2289, 368, '', 0, 0, 0, 'Adriana Yaneth.Sanchez1@hotmail.com', 'estudiante independente', 2, 0),
(100001128, 'Jorge Wilson', 'Peñaloza', 'Camacho', 1, 3, 2264, 262, '', 0, 0, 0, 'Jorge Wilson.Peñaloza1@yahoo.com', 'Ing. Industrial', 1, 0),
(100001129, 'Lana ', 'Ramnath', '-', 1, 3, 2258, 323, '', 0, 0, 0, 'Lana .Ramnath1@yahoo.co.uk', 'profesora de ingles', 2, 0),
(100001130, 'Carlos Enrique', 'Montoya', 'Acuña', 1, 3, 2263, 368, '', 0, 0, 0, 'Carlos Enrique.Montoya1@hotmail.com', 'gerente comercial UM del Oriente', 1, 0),
(100001131, 'Maria Cecilia', 'Montilla', 'Pava', 1, 3, 2258, 368, '', 0, 0, 0, 'Maria Cecilia.Montilla1@yahoo.com', 'Presentadora', 2, 0),
(100001132, 'Rene Alberto', 'Espinosa', 'Marsiglia', 0, 0, 0, 0, '', 0, 0, 0, 'Rene Alberto.Espinosa1@hotmail.com', '', 1, 0),
(100001133, 'Carlos Enrique', 'Canencio', 'Perez', 5, 3, 2291, 260, '', 0, 0, 0, 'Carlos Enrique.Canencio1@hotmail.com', 'Medico', 1, 0),
(100001134, 'Sandra Patricia', 'Yanguas', 'Bermudez', 2, 3, 2258, 34, '', 0, 0, 0, 'Sandra Patricia.Yanguas1@hotmail.com', 'Ingeniera de producción', 2, 0),
(100001135, 'Fredy Alberto', 'Zapata ', 'Castro', 0, 0, 0, 0, '', 0, 0, 0, 'Fredy Alberto.Zapata 1@bioingenieros.com', '', 1, 0),
(100001136, 'Sandra Johanna', 'Diaz', 'Contreras', 0, 0, 0, 0, '', 0, 0, 0, 'Sandra Johanna.Diaz1@hotmail.com', '', 2, 0),
(100001137, 'Carlos Arturo', 'Luna', 'Salazar', 1, 3, 2258, 368, '', 0, 0, 0, 'Carlos Arturo.Luna1@ciamsa.com', 'GERENTE FINANCIERO ', 1, 0),
(100001138, 'Rocio', 'Paladines', 'Polanco', 1, 3, 2258, 368, '', 0, 0, 0, 'Rocio.Paladines1@centelsa.com.co', 'ASISTENTE CARTERA ', 2, 0),
(100001139, 'German ', 'Sierra', 'Rave', 1, 3, 2268, 368, '', 0, 0, 0, 'German .Sierra1@yahoo.es', 'Empleado', 1, 0),
(100001140, 'Yadira Maria', 'Ibarra', 'Montoya', 1, 3, 2268, 368, '', 0, 0, 0, 'Yadira Maria.Ibarra1@yahoo.es', 'Ama de casa', 2, 0),
(100001141, 'Jose ', 'Piedrahita', 'Gonzalez', 1, 3, 2258, 261, '', 0, 0, 0, 'Jose .Piedrahita1@hotmail.com', 'ganadero', 1, 0),
(100001142, 'Gloria Patricia ', 'Gaitan', 'Muñoz', 1, 3, 2258, 261, '', 0, 0, 0, 'Gloria Patricia .Gaitan1@hotmail.com', 'contadora', 2, 0),
(100001143, 'Ernesto', 'Dueñas', 'Vanin', 1, 3, 2258, 374, '', 0, 0, 0, 'Ernesto.Dueñas1@hotmail.com', 'Medico  Cirujano', 1, 0),
(100001144, 'Carolina', 'Armendariz', 'Medina', 1, 3, 2258, 374, '', 0, 0, 0, 'Carolina.Armendariz1@hotmail.com', 'Administradora', 2, 0),
(100001145, 'Juan Carlos', 'Barrientos', 'Pabon', 0, 0, 0, 0, '', 0, 0, 0, 'Juan Carlos.Barrientos1@hotmail.com', '', 1, 0),
(100001146, 'Roberto Antonio', 'Beltran', 'Torres', 1, 3, 2258, 33, '', 0, 0, 0, 'Roberto Antonio.Beltran1@yahoo.com.ar', 'Abogado', 1, 0),
(100001147, 'Martha Lucia', 'Collazos', 'Gomez', 2, 3, 2258, 34, '', 0, 0, 0, 'Martha Lucia.Collazos1@yahoo.com', 'Directora desarrollo de producto', 2, 0),
(100001148, 'Jose Eduardo', 'España', 'Aguirre', 1, 3, 2258, 266, '', 0, 0, 0, 'Jose Eduardo.España1@hotmail.com', 'Comerciante', 1, 0),
(100001149, 'Nora Nancy', 'Burbano ', 'Perez', 1, 3, 2269, 266, '', 0, 0, 0, 'Nora Nancy.Burbano 1@hotmail.com', 'comerciante', 2, 0),
(100001150, 'Clara Eugenia', 'Orozco', 'Zapata', 0, 0, 0, 0, '', 0, 0, 0, 'Clara Eugenia.Orozco1@comfenalcovalle.com.co', '', 2, 0),
(100001151, 'Danilo Alfonso', 'Chavez', 'Gil', 1, 3, 2258, 317, '', 0, 0, 0, 'Danilo Alfonso.Chavez1@hotmail.com', 'finca raiz', 1, 0),
(100001152, 'Maria Isabel', 'Lozano', 'Gonzalez', 1, 3, 2258, 317, '', 0, 0, 0, 'Maria Isabel.Lozano1@hotmail.com', 'Medico', 2, 0),
(100001153, 'Luis Carlos', 'Lopez', 'Jaramillo', 3, 3, 2258, 56, '', 0, 0, 0, 'Luis Carlos.Lopez1@emcali.net.co', 'Visitador Medico', 1, 0),
(100001154, 'Ana Milena', 'Delgado', 'Zamora', 5, 3, 2258, 323, '', 0, 0, 0, 'Ana Milena.Delgado1@emcali.net.co', 'Visitador Medico', 2, 0),
(100001155, 'Edgar', 'Marroquin', 'Fatt', 1, 3, 2258, 261, '', 0, 0, 0, 'Edgar.Marroquin1@hotmail.com', '', 1, 0),
(100001156, 'Diana Stella', 'Espinal', 'Arias', 1, 3, 2258, 368, '', 0, 0, 0, 'Diana Stella.Espinal1@hotmail.com', '', 2, 0),
(100001157, 'German De Juesus', 'Lopez', 'Marin', 1, 3, 2258, 261, '', 0, 0, 0, 'German De Juesus.Lopez1@jfasociados1.com', 'comercio exterior', 1, 0),
(100001158, 'Magnolia', 'Zapata', 'Marin', 1, 3, 2265, 261, '', 0, 0, 0, 'Magnolia.Zapata1@jfasociados1.com', '', 2, 0),
(100001159, 'Rosemberg', 'Olivares', 'Herrera', 1, 3, 2278, 368, '', 0, 0, 0, 'Rosemberg.Olivares1@hotmail.com', 'Pastor Cristiano - Gerente Emisora', 1, 0),
(100001160, 'Diana Maria', 'Bedoya', 'Vasquez', 1, 3, 2278, 368, '', 0, 0, 0, 'Diana Maria.Bedoya1@me.com', 'Pastora Cristiana', 2, 0),
(100001161, 'Jorge Hernan', 'Paredes', 'Rengifo ', 2, 3, 2258, 321, '', 0, 0, 0, 'Jorge Hernan.Paredes1@colegiobennett.edu.co', 'Medico Radiologo', 1, 0),
(100001162, 'Maria Isabel', 'Carvajal', 'Vega', 2, 3, 2258, 264, '', 0, 0, 0, 'Maria Isabel.Carvajal1@hotmail.com', 'Ingeniera Industrial', 2, 0),
(100001163, 'Carlos Andres ', 'Torres', 'Restrepo', 2, 3, 5037, 32, '', 0, 0, 0, 'Carlos Andres .Torres1@hotmail.com', 'Comerciante', 1, 0),
(100001164, 'Catalina', 'Rivera', 'Garcia', 1, 3, 5054, 26, '', 0, 0, 0, 'Catalina.Rivera1@hotmail.com', 'Adm. de Empresas', 2, 0),
(100001165, 'Dagoberto', 'Ospina', 'Jaramillo', 0, 0, 0, 0, '', 0, 0, 0, 'Dagoberto.Ospina1@hosydrog.com', '', 1, 0),
(100001166, 'Viviana Patricia', 'Zambrano', 'Garcia', 0, 0, 0, 0, '', 0, 0, 0, 'Viviana Patricia.Zambrano1@hotmail.com', '', 2, 0),
(100001167, 'Ivan Horacio', 'Cardona', 'Gomez', 1, 3, 2258, 318, '', 0, 0, 0, 'Ivan Horacio.Cardona1@hotmail.com', 'adminsitrador', 1, 0),
(100001168, 'Sandra', 'Sanclemente', 'Quintero', 1, 3, 2258, 318, '', 0, 0, 0, 'Sandra.Sanclemente1@hotmail.com', 'docente', 2, 0),
(100001169, 'Mario German', 'Ocaña', 'Guerrero', 1, 3, 2257, 276, '', 0, 0, 0, 'Mario German.Ocaña1@incoel.com.co', 'Ingeniero Electrico', 1, 0),
(100001170, 'Claudia Patricia', 'Romero ', 'De La Cruz', 1, 3, 2258, 276, '', 0, 0, 0, 'Claudia Patricia.Romero 1@termo-tecnicos.com', 'GERENTE', 2, 0),
(100001171, 'Luis Fernando', 'Arango', 'Ocampo', 1, 3, 2258, 368, '', 0, 0, 0, 'Luis Fernando.Arango1@hotmail.com', 'abogado ', 1, 0),
(100001172, 'Maria Fernanda', 'Zapata', 'Paredes', 1, 3, 2258, 368, '', 0, 0, 0, 'Maria Fernanda.Zapata1@hotmail.com', 'arquitecta', 2, 0),
(100001173, 'Luis Evelio', 'Alvarez', 'Ortiz', 5, 3, 2258, 317, '', 0, 0, 0, 'Luis Evelio.Alvarez1@hotmail.com', 'ingeniero civil', 1, 0),
(100001174, 'Carolina', 'Restrepo', 'Ochoa', 5, 3, 2258, 317, '', 0, 0, 0, 'Carolina.Restrepo1@hotmail.com', 'terapeuta ocupacional', 2, 0),
(100001175, 'Jorge', 'Olaya', 'Valencia', 1, 3, 2278, 317, '', 0, 0, 0, 'Jorge.Olaya1@yahoo.com', 'Comerciante', 1, 0),
(100001176, 'Liliana', 'Cuy', 'Sarria', 1, 3, 2257, 317, '', 0, 0, 0, 'Liliana.Cuy1@yahoo.com', 'Ama de Casa', 2, 0),
(100001177, 'Adriana', 'Velez', 'Arango', 2, 3, 2257, 275, '', 0, 0, 0, 'Adriana.Velez1@yahoo.es', 'Ingeniera Industrial - Empleada', 2, 0),
(100001178, 'Heder Augusto ', 'Sarria', 'Martinez', 5, 3, 4450, 38, '', 0, 0, 0, 'Heder Augusto .Sarria1@hotmail.com', 'ganadero', 0, 0),
(100001179, 'Rodrigo', 'Garcia', 'Ocampo', 3, 3, 2258, 19, '', 0, 0, 0, 'Rodrigo.Garcia1@mrdcolombia.com', 'AUDITOR', 1, 0),
(100001180, 'Marisol', 'Guerrero', 'Navarro', 5, 3, 2258, 19, '', 0, 0, 0, 'Marisol.Guerrero1@mrdcolombia.com', 'CONTADOR PUBLICO', 2, 0),
(100001181, 'Alejandro', 'Grajales', 'Molta', 1, 3, 3539, 374, '', 0, 0, 0, 'Alejandro.Grajales1@hotmail.com', 'COMERCIANTE', 1, 0),
(100001182, 'Lilian Yoleydi', 'Loaiza', 'Loaiza', 1, 3, 2289, 374, '', 0, 0, 0, 'Lilian Yoleydi.Loaiza1@hotmail.com', 'ESTUDIANTE ', 2, 0),
(100001183, 'Reinaldo', 'Mafla', 'Rios', 1, 3, 2258, 361, '', 0, 0, 0, 'Reinaldo.Mafla1@hotmail.com', 'Administrador', 1, 0),
(100001184, 'Maria Claudia', 'Orozco', 'Mazo', 1, 3, 2258, 361, '', 0, 0, 0, 'Maria Claudia.Orozco1@hotmail.com', 'Administradora', 2, 0),
(100001185, 'Wilson', 'Chavez', 'Hernandez', 0, 0, 0, 0, '', 0, 0, 0, 'Wilson.Chavez1@etb.com.co', '', 1, 0),
(100001186, 'Krhystal', 'Muñoz ', 'Arcos', 0, 0, 0, 0, '', 0, 0, 0, 'Krhystal.Muñoz 1@hotmail.com', '', 2, 0),
(100001187, 'Andres Felipe', 'Bello', 'Fajardo', 5, 3, 2258, 318, '', 0, 0, 0, 'Andres Felipe.Bello1@hotmail.com', 'empleado/estudiante', 1, 0),
(100001188, 'Katherine', 'Gómez', 'Montoya', 5, 3, 2258, 318, '', 0, 0, 0, 'Katherine.Gómez1@hotmail.com', 'estudiante', 2, 0),
(100001189, 'Albaro', 'Perez', 'Martinez', 1, 3, 2258, 361, '', 0, 0, 0, 'Albaro.Perez1@sypelc.com', 'ingeniero', 1, 0),
(100001190, 'Amparo ', 'Arroyave', 'Gutierrez', 1, 3, 2258, 361, '', 0, 0, 0, 'Amparo .Arroyave1@hotmail.com', 'contadora', 2, 0),
(100001191, 'Oscar Eduardo', 'Morales ', 'Orjuela ', 5, 3, 2265, 375, '', 0, 0, 0, 'Oscar Eduardo.Morales 1@uniweb.net.co', 'COMERCIANTE ', 1, 0),
(100001192, 'Sandra Viviana', 'Castro', 'Urrea', 5, 3, 2258, 26, '', 0, 0, 0, 'Sandra Viviana.Castro1@cbolivar.com', 'EMPLEADA ', 2, 0),
(100001193, 'Victoria Eugenia', 'Castrillon', 'Carvajal', 2, 3, 2258, 321, '', 0, 0, 0, 'Victoria Eugenia.Castrillon1@gmail.com', 'Psicologa', 0, 0),
(100001194, 'Laura Felisa', 'Larrañaga', 'Segura', 1, 3, 2258, 90, '', 0, 0, 0, 'Laura Felisa.Larrañaga1@hotmail.com', 'Hogar', 2, 0),
(100001195, 'Carlos Andres', 'Torres', 'Ramirez', 1, 3, 2258, 90, '', 0, 0, 0, 'Carlos Andres.Torres1@hotmail.com', 'Ingeniero Mecanico', 1, 0),
(100001196, 'Yhair', 'Mafla', 'Rengifo', 1, 3, 2258, 260, '', 0, 0, 0, 'Yhair.Mafla1@hotmail.com', '.', 1, 0),
(100001197, 'Dayana', 'Gavilanes', 'Guerrrero', 1, 3, 2269, 260, '', 0, 0, 0, 'Dayana.Gavilanes1@hotmail.com', '.', 2, 0),
(100001198, 'John Jairo', 'Hoyos', 'Garcia', 1, 3, 2258, 317, '', 0, 0, 0, 'John Jairo.Hoyos1@juntospodemos.co', 'CONCEJAL DE CALI ', 1, 0),
(100001199, 'Ommir Xiomara', 'Medina', 'Isaza', 1, 3, 5037, 317, '', 0, 0, 0, 'Ommir Xiomara.Medina1@hotmail.com', 'educadora', 2, 0),
(100001200, 'Hernan Ovidio', 'Lopez', 'Gonzalez', 1, 3, 2257, 317, '', 0, 0, 0, 'Hernan Ovidio.Lopez1@gmail.com', 'Empleado', 1, 0),
(100001201, 'Claudia Patricia', 'Orozco', 'Caicedo', 1, 3, 5037, 317, '', 0, 0, 0, 'Claudia Patricia.Orozco1@yahoo.com', 'Empleada', 2, 0),
(100001202, 'Diego Felipe', 'Quesada', 'Arizabaleta', 1, 3, 5037, 261, '', 0, 0, 0, 'Diego Felipe.Quesada1@sio.com.co', 'Gerente unidad Salud y procedatos', 1, 0),
(100001203, 'Veronica', 'Montero', 'Concha', 1, 3, 2258, 261, '', 0, 0, 0, 'Veronica.Montero1@sio.com.co', 'Gerente Financiera', 2, 0),
(100001204, 'Hernan Felipe', 'Ramirez', 'Garcia', 3, 3, 2258, 257, '', 0, 0, 0, 'Hernan Felipe.Ramirez1@hotmail.com', '', 1, 0),
(100001205, 'Affra', 'Martinez ', 'Quintero', 2, 3, 2258, 257, '', 0, 0, 0, 'Affra.Martinez 1@yahoo.es', 'Direccion Admintrativa', 2, 0),
(100001206, 'Javier', 'Vallecilla', 'Cruz', 1, 3, 2258, 361, '', 0, 0, 0, 'Javier.Vallecilla1@hotmail.com', 'ingeniero mecanico', 1, 0),
(100001207, 'Paulina', 'Rios', 'Diaz', 1, 3, 2257, 361, '', 0, 0, 0, 'Paulina.Rios1@hotmail.com', 'hogar', 2, 0),
(100001208, 'German', 'Restrepo', 'Rojas', 1, 3, 2257, 261, '', 0, 0, 0, 'German.Restrepo1@hotmail.com', 'Independiente', 1, 0),
(100001209, 'Orlando', 'Cifuentes', 'Vargas', 5, 3, 2289, 368, '', 0, 0, 0, 'Orlando.Cifuentes1@colegiobennett.edu.co', 'Comerciante', 1, 0),
(100001210, 'Jara Yohana', 'Orozco', '.', 5, 3, 2258, 368, '', 0, 0, 0, 'Jara Yohana.Orozco1@hotmail.com', 'Diseñadora de Modas', 2, 0),
(100001211, 'Carlos W', 'Uribe', 'Matta', 1, 3, 2264, 371, '', 0, 0, 0, 'Carlos W.Uribe1@aol.com.co', 'pastor', 1, 0),
(100001212, 'Franci Eliana', 'Diaz', 'Ocampo', 3, 3, 2258, 371, '', 0, 0, 0, 'Franci Eliana.Diaz1@gmail.com', 'consejal', 2, 0),
(100001213, 'Walter Gustavo', 'Diaz', 'Diaz', 5, 3, 2258, 361, '', 0, 0, 0, 'Walter Gustavo.Diaz1@hotmail.com', 'Homeopata', 1, 0),
(100001214, 'Carlos Fernando', 'Caicedo', 'Duque', 5, 3, 4446, 368, '', 0, 0, 0, 'Carlos Fernando.Caicedo1@hotmail.com', '', 1, 0),
(100001215, 'Isabel Cristina', 'Cardona', 'Ceballos', 1, 3, 4446, 368, '', 0, 0, 0, 'Isabel Cristina.Cardona1@hotmail.com', 'abogada ', 2, 0),
(100001216, 'Elliud', 'Rodriguez ', 'Gil ', 1, 3, 2258, 317, '', 0, 0, 0, 'Elliud.Rodriguez 1@yahoo.com', 'Pastor Jovenes', 1, 0),
(100001217, 'Astrid Ximena', 'Serna', 'Castellanos', 1, 3, 2258, 317, '', 0, 0, 0, 'Astrid Ximena.Serna1@yahoo.com', 'Pastora de jovenes', 2, 0),
(100001218, 'Carlos Ignacio', 'Perez', 'Giraldo', 1, 3, 2258, 361, '', 0, 0, 0, 'Carlos Ignacio.Perez1@viajarporcolombia.travel', 'Administrador turistico', 1, 0),
(100001219, 'Martha Cecilia', 'Calderon', 'Perdomo', 1, 3, 2258, 361, '', 0, 0, 0, 'Martha Cecilia.Calderon1@viajarporcolombia.travel', 'Administradora', 2, 0),
(100001220, 'Jose Isaias', 'Guzman', 'Guzman', 5, 3, 2257, 321, '', 0, 0, 0, 'Jose Isaias.Guzman1@hotmail.com', 'independiente', 1, 0),
(100001221, 'Jorge Eliecer', 'Erazo', 'Salgado', 1, 3, 2258, 310, '', 0, 0, 0, 'Jorge Eliecer.Erazo1@hotmail.com', 'comerciante', 1, 0),
(100001222, 'Maria Fernanda', 'Fernandez ', 'Lopez', 1, 3, 2258, 310, '', 0, 0, 0, 'Maria Fernanda.Fernandez 1@hotmail.com', 'hogar', 2, 0),
(100001223, 'Donald Said', 'Manuel', 'Barceló', 3, 3, 5126, 370, '', 0, 0, 0, 'Donald Said.Manuel1@hotmail.com', 'Musico', 1, 0),
(100001224, 'Sara Patricia', 'Escobar', 'Castillo', 3, 3, 2258, 285, '', 0, 0, 0, 'Sara Patricia.Escobar1@hotmail.com', 'docente', 2, 0),
(100001225, 'Delso Francisco', 'Ortiz', 'Escobar', 0, 0, 0, 0, '', 0, 0, 0, 'Delso Francisco.Ortiz1@hotmail.com', '', 1, 0),
(100001226, 'Alejandra Maria ', 'Molina', 'Rodriguez', 3, 3, 2258, 262, '', 0, 0, 0, 'Alejandra Maria .Molina1@hotmail.com', 'abogada asesora juridica tercera brigada', 2, 0),
(100001227, 'Juan', 'Gil', 'Rodriguez', 1, 3, 2258, 0, '', 0, 0, 0, 'Juan.Gil1@hotmail.com', '', 1, 0),
(100001228, 'Adriana', 'Serna', 'Gomez', 2, 3, 4457, 278, '', 0, 0, 0, 'Adriana.Serna1@hotmail.com', 'Representante Comercial', 2, 0),
(100001229, 'Carlos Arturo ', 'Pelaez', 'Garcia', 5, 3, 2258, 266, '', 0, 0, 0, 'Carlos Arturo .Pelaez1@yahoo.es', 'Estadistico', 1, 0),
(100001230, 'Sandra Rocio', 'Rivera', 'Caicedo', 5, 3, 2258, 266, '', 0, 0, 0, 'Sandra Rocio.Rivera1@hotmail.com', 'Abogada', 2, 0),
(100001231, 'Aimer', 'Ospina', 'Silva', 1, 3, 2285, 251, '', 0, 0, 0, 'Aimer.Ospina1@hotmail.com', 'comerciante', 1, 0),
(100001232, 'Clarivel', 'Jaramillo', 'Morales', 1, 3, 2258, 251, '', 0, 0, 0, 'Clarivel.Jaramillo1@hotmail.com', 'empleada', 2, 0),
(100001233, 'Danni Julian', 'Sierra', 'Mejia', 1, 3, 2289, 266, '', 0, 0, 0, 'Danni Julian.Sierra1@hotmail.com', 'comerciante ', 1, 0),
(100001234, 'Angelica Andrea', 'Hoyos', 'Quintero', 5, 3, 2258, 266, '', 0, 0, 0, 'Angelica Andrea.Hoyos1@hotmail.com', 'Comerciante', 2, 0),
(100001235, 'Gustavo Adolfo ', 'Paz', 'Arbelaez ', 1, 3, 2258, 361, '', 0, 0, 0, 'Gustavo Adolfo .Paz1@x', 'x', 1, 0),
(100001236, 'Maria Elena', 'Mosquera ', 'Arboleda ', 1, 3, 2258, 361, '', 0, 0, 0, 'Maria Elena.Mosquera 1@colegiobennett.edu.co', 'Administración de Empresas', 2, 0),
(100001237, 'José Andrés', 'Rebelo', 'Gutiérrez', 1, 3, 2279, 372, '', 0, 0, 0, 'José Andrés.Rebelo1@sercomred.net', 'INGENIERO ELECTRONICO ', 1, 0),
(100001238, 'Carolina', 'Manjarres ', 'Piedrahita', 1, 3, 2258, 372, '', 0, 0, 0, 'Carolina.Manjarres 1@hotmail.com', 'HOGAR ', 2, 0),
(100001239, 'Alexander', 'Martínez', '', 0, 1, 0, 0, '', 0, 0, 0, 'Alexander.Martínez1@', '', 0, 0),
(100001240, 'William Roman', 'Zapata', 'Castrillon', 1, 3, 2258, 264, '', 0, 0, 0, 'William Roman.Zapata1@hotmail.com', 'Futbolista', 1, 0),
(100001241, 'Luz Angelly', 'Rodriguez', 'Palta', 1, 3, 2278, 264, '', 0, 0, 0, 'Luz Angelly.Rodriguez1@hotmail.com', 'Comunicadora Social', 2, 0),
(100001242, 'Carlos Andres', 'Garcia ', 'Barco', 5, 3, 2258, 374, '', 0, 0, 0, 'Carlos Andres.Garcia 1@hotmail.com', 'Empresario', 1, 0),
(100001243, 'Ketty', 'Gonzalez', 'Martinez', 2, 3, 2258, 368, '', 0, 0, 0, 'Ketty.Gonzalez1@hotmail.com', 'empresaria', 2, 0),
(100001244, 'Paola Andrea', 'Barón', '-', 5, 3, 2258, 374, '', 0, 0, 0, 'Paola Andrea.Barón1@hotmail.com', 'Empresaria', 2, 0),
(100001245, 'Fabio Orlando', 'Ruiz', 'Tolosa', 1, 3, 2257, 368, '', 0, 0, 0, 'Fabio Orlando.Ruiz1@contourglobal.com', 'Ingeniero eléctrico ', 1, 0),
(100001246, 'Monica Patricia', 'Tovar', 'Gomez', 1, 3, 2264, 368, '', 0, 0, 0, 'Monica Patricia.Tovar1@hotmail.com', 'Ama de casa', 2, 0),
(100001247, 'Alvaro', 'Osorio', 'Santamaria', 1, 3, 5037, 374, '', 0, 0, 0, 'Alvaro.Osorio1@losguayabales.com', 'comeciante', 1, 0),
(100001248, 'Luz Marina', 'Correa', 'Murillo', 1, 3, 5037, 374, '', 0, 0, 0, 'Luz Marina.Correa1@losguayabales.com', 'casa', 2, 0),
(100001249, 'Fernando Julian', 'Calero', 'De La Pava', 1, 3, 2258, 49, '', 0, 0, 0, 'Fernando Julian.Calero1@hotmail.com', 'psicologo', 1, 0),
(100001250, 'Nidia Maria', 'Lopez', 'Galeano', 3, 3, 2258, 51, '', 0, 0, 0, 'Nidia Maria.Lopez1@emcali.net.co', 'gerente', 2, 0),
(100001251, 'Henry', 'Arbelaez', 'Caicedo', 1, 3, 2258, 304, '', 0, 0, 0, 'Henry.Arbelaez1@hotmail.com', 'Ingeniero civil', 1, 0),
(100001252, 'Rosa Maritza', 'Gil', 'Ramirez', 1, 3, 2258, 304, '', 0, 0, 0, 'Rosa Maritza.Gil1@hotmail.com', 'Abogada', 2, 0),
(100001253, 'Nelson Antonio ', 'Torres', 'X', 1, 3, 2258, 363, '', 0, 0, 0, 'Nelson Antonio .Torres1@yahoo.com', 'Abogado', 1, 0),
(100001254, 'Sonia ', 'Giraldo', 'Mosquera', 1, 3, 2258, 363, '', 0, 0, 0, 'Sonia .Giraldo1@hotmail.com', 'contadora', 2, 0),
(100001255, 'Guillermo', 'Parra', 'Lopez', 1, 3, 2289, 265, '', 0, 0, 0, 'Guillermo.Parra1@colegiobennett.edu.co', 'MEDICO', 1, 0),
(100001256, 'Bibian ', 'Castellanos', 'Rengifo', 3, 3, 2289, 265, '', 0, 0, 0, 'Bibian .Castellanos1@hotmail.com', 'eventos y logistica', 2, 0),
(100001257, 'Juan Felipe', 'Gallego ', 'Restrepo', 1, 3, 2258, 258, '', 0, 0, 0, 'Juan Felipe.Gallego 1@hotmail.com', 'Administrador', 1, 0),
(100001258, 'Sandra Mayerly', 'Orozco', 'Zapata', 1, 3, 2258, 258, '', 0, 0, 0, 'Sandra Mayerly.Orozco1@hotmail.com', 'Administradora', 2, 0),
(100001259, 'Jose David', 'Hoyos', 'Aviles', 5, 3, 2258, 251, '', 0, 0, 0, 'Jose David.Hoyos1@yahoo.es', 'ABOGADO', 1, 0),
(100001260, 'Yurany', 'Osorio', 'Cordoba', 1, 3, 2258, 251, '', 0, 0, 0, 'Yurany.Osorio1@live.com', 'Estudiante', 2, 0),
(100001261, 'Oscar Marino', 'Garcia', 'Peña', 1, 3, 2258, 0, '', 0, 0, 0, 'Oscar Marino.Garcia1@hotmail.com', '', 1, 0),
(100001262, 'Maria Del Carmen', 'Calvo', 'Garay', 4, 3, 2258, 269, '', 0, 0, 0, 'Maria Del Carmen.Calvo1@hotmail.com', 'Transportadora', 2, 0),
(100001263, 'Carlos Alberto', 'Mesa', 'Sandoval', 1, 3, 2257, 140, '', 0, 0, 0, 'Carlos Alberto.Mesa1@hotmail.com', 'Comerciante', 1, 0),
(100001264, 'Ana Edith', 'Avila', 'Avila', 1, 3, 4356, 140, '', 0, 0, 0, 'Ana Edith.Avila1@hotmail.com', 'Comerciante', 2, 0),
(100001265, 'Leonardo', 'Medina', 'Patiño', 3, 3, 2258, 304, '', 0, 0, 0, 'Leonardo.Medina1@hotmail.com', 'Abogado', 1, 0),
(100001266, 'Alejandro', 'Grajales', 'Molta', 0, 0, 0, 0, '', 0, 0, 0, 'Alejandro.Grajales1@hotmail.com', '', 1, 0),
(100001267, 'Fernando ', 'Ospina', 'Hernandez', 1, 3, 2257, 362, '', 0, 0, 0, 'Fernando .Ospina1@hotmail.com', 'ingeniero quimico', 1, 0),
(100001268, 'Ofir', 'Cuellar', 'Burgos', 1, 3, 5020, 362, '', 0, 0, 0, 'Ofir.Cuellar1@hotmail.com', 'enfermera', 2, 0),
(100001269, 'Holbedin', 'Loaiza', 'Lame', 1, 3, 2258, 314, '', 0, 0, 0, 'Holbedin.Loaiza1@codinet.net.co', 'Operador Portuario', 1, 0),
(100001270, 'Miriam De Jesus', 'Jaramillo', 'Cardona', 1, 3, 2258, 314, '', 0, 0, 0, 'Miriam De Jesus.Jaramillo1@gmail.com', 'Auxiliar Contable', 2, 0),
(100001271, 'Luis Carlos', 'Salazar', '-', 1, 3, 2258, 301, '', 0, 0, 0, 'Luis Carlos.Salazar1@codinet.net.co', 'Comerciante', 1, 0),
(100001272, 'Fresia', 'Hernandez', '-', 1, 3, 2258, 301, '', 0, 0, 0, 'Fresia.Hernandez1@hotmail.es', 'Comerciante', 2, 0),
(100001273, 'Adolfo', 'Rodriguez', 'Zuñiga', 1, 3, 2258, 317, '', 0, 0, 0, 'Adolfo.Rodriguez1@yahoo.es', 'Administrador', 1, 0),
(100001274, 'Janeth', 'Jimenez', 'Arias', 1, 3, 2258, 317, '', 0, 0, 0, 'Janeth.Jimenez1@hotmail.com', 'Psicologa', 2, 0),
(100001275, 'James Hernan', 'Ramirez', 'Perdomo', 1, 3, 2258, 271, '', 0, 0, 0, 'James Hernan.Ramirez1@quimpac.com.co', 'Ingeniero Mecanico', 1, 0),
(100001276, 'Maria Eugenia', 'Banguero', '-', 1, 3, 2258, 271, '', 0, 0, 0, 'Maria Eugenia.Banguero1@hotmail.com', 'Ingeniera  Agroindustrial', 2, 0),
(100001277, 'Victor Hugo', 'Orndorff', 'Na', 1, 3, 2278, 277, '', 0, 0, 0, 'Victor Hugo.Orndorff1@hotmail.com', 'RENTISTA CAPITAL ', 1, 0),
(100001278, 'Judith', 'Ruiz', 'Na', 1, 3, 2258, 277, '', 0, 0, 0, 'Judith.Ruiz1@hotmail.com', 'HOGAR', 2, 0),
(100001279, 'No Aplica', 'No Aplica', 'No Aplica', 0, 0, 0, 0, '', 0, 0, 0, 'No Aplica.No Aplica1@hotmail.com', '', 1, 0),
(100001280, 'Xiomara', 'Sanchez', 'Henao', 1, 3, 2258, 310, '', 0, 0, 0, 'Xiomara.Sanchez1@hotmail.com', 'Independiente', 2, 0),
(100001281, 'Javier Enrique ', 'Marin', 'Ledesma', 1, 3, 2258, 272, '', 0, 0, 0, 'Javier Enrique .Marin1@gmail.com', 'Arquitecto', 1, 0),
(100001282, 'Claudia Patricia', 'Cruz', 'Borrero', 1, 3, 2258, 272, '', 0, 0, 0, 'Claudia Patricia.Cruz1@hotmail.com', 'Arquitecta', 2, 0),
(100001283, 'Luis Guillermo', 'Londoño', 'Gomez', 1, 3, 2258, 368, '', 0, 0, 0, 'Luis Guillermo.Londoño1@hotmail.com', '.', 1, 0),
(100001284, 'Erika Ximena', 'Duarte', 'Jaimes', 1, 3, 2258, 368, '', 0, 0, 0, 'Erika Ximena.Duarte1@hotmail.com', 'Comerciante Independiente', 2, 0),
(100001285, 'Rodrigo', 'Velez', 'Rendon', 1, 3, 2258, 257, '', 0, 0, 0, 'Rodrigo.Velez1@hotmail.com', 'Administrador De Empresas', 1, 0),
(100001286, 'Jane', 'Manrique', 'Sterling', 1, 3, 2258, 257, '', 0, 0, 0, 'Jane.Manrique1@hotmail.com', 'Administradora De Empresas', 2, 0),
(100001287, 'Roberto Luis', 'Orozco', 'Estrada', 2, 3, 5042, 361, '', 0, 0, 0, 'Roberto Luis.Orozco1@yahoo.com', 'Empresario', 1, 0),
(100001288, 'Martha  Elena', 'Baquero', 'Hoyos', 1, 3, 2258, 284, '', 0, 0, 0, 'Martha  Elena.Baquero1@hotmail.com', 'comerciante', 2, 0),
(100001289, 'Carlos Felipe', 'Jaramillo', '.', 1, 3, 2258, 368, '', 0, 0, 0, 'Carlos Felipe.Jaramillo1@saludsemillas.com', 'Administrador De Empresas', 1, 0),
(100001290, 'Nathalie', 'Mendez', 'Gonzalez', 1, 3, 2258, 368, '', 0, 0, 0, 'Nathalie.Mendez1@yahoo.es', 'Medico', 2, 0),
(100001291, 'Juan Carlos ', 'Guerrero', 'Lozada', 1, 3, 2258, 277, '', 0, 0, 0, 'Juan Carlos .Guerrero1@yahoo.com', 'Ingeniero Civil', 1, 0),
(100001292, 'Claudia Patricia', 'Lopez ', 'Millan', 1, 3, 2258, 277, '', 0, 0, 0, 'Claudia Patricia.Lopez 1@hotmail.com', 'Contadora Publica', 2, 0),
(100001293, 'Alexander', 'Grisales', 'Na', 1, 3, 2258, 261, '', 0, 0, 0, 'Alexander.Grisales1@hotmail.com', 'EMPRESARIO ', 1, 0),
(100001294, 'Manuela Karina', 'Gomez', 'Rosero ', 1, 3, 2258, 261, '', 0, 0, 0, 'Manuela Karina.Gomez1@hotmail.com', 'ESTUDIANTE ', 2, 0),
(100001295, 'Edwin Enrique', 'Velez', 'Calderon', 1, 3, 2258, 295, '', 0, 0, 0, 'Edwin Enrique.Velez1@hotmail.com', '.', 1, 0),
(100001296, 'Martha Lucia', 'Becerra', 'Lopez', 1, 3, 2258, 295, '', 0, 0, 0, 'Martha Lucia.Becerra1@accionsocial.gov.co', 'Psicologa', 2, 0),
(100001297, 'Carlos Enrique', 'Alvarado', 'Silva', 1, 3, 2258, 271, '', 0, 0, 0, 'Carlos Enrique.Alvarado1@hotmail.com', 'Ingeniero Industrial', 1, 0),
(100001298, 'Carolina', 'Diaz', 'Valencia', 1, 3, 2258, 271, '', 0, 0, 0, 'Carolina.Diaz1@hotmail.com', 'Psicologa', 2, 0),
(100001299, 'Gustavo Adolfo', 'Vega', 'Archibold', 1, 3, 2258, 368, '', 0, 0, 0, 'Gustavo Adolfo.Vega1@hotmail.com', '.', 1, 0),
(100001300, 'Maby Yineth', 'Viera', 'Angulo', 1, 3, 2258, 368, '', 0, 0, 0, 'Maby Yineth.Viera1@hotmail.com', 'Comunicadora Social', 2, 0),
(100001301, 'Alejandro ', 'Uribe', 'Restrepo', 1, 3, 2258, 368, '', 0, 0, 0, 'Alejandro .Uribe1@importisa.com', 'Administrador de Empresas', 1, 0),
(100001302, 'Angela Maria', 'Cruz', 'Portilla', 1, 3, 2258, 368, '', 0, 0, 0, 'Angela Maria.Cruz1@hotmail.com', 'Estudiante', 2, 0),
(100001303, 'Carlos Felipe', 'Florez', 'Lamos', 1, 3, 2258, 368, '', 0, 0, 0, 'Carlos Felipe.Florez1@colegiobennett.edu.co', '.', 1, 0),
(100001304, 'Luz Marina', 'Dosman', 'Mayor', 1, 3, 2258, 368, '', 0, 0, 0, 'Luz Marina.Dosman1@gmail.com', '.', 2, 0),
(100001305, 'Leidy', 'Correa', 'Mosquera', 1, 3, 2258, 17, '', 0, 0, 0, 'Leidy.Correa1@HOTMAIL.COM', 'Docente de Preescolar', 2, 0),
(100001306, 'Andres Mauricio', 'Cepeda ', 'Acosta ', 0, 0, 0, 0, '', 0, 0, 0, 'Andres Mauricio.Cepeda 1@colegiobennett.edu.co', '', 1, 0),
(100001307, 'Maria Jimena', 'Durán ', 'Gomez', 3, 3, 2278, 30, '', 0, 0, 0, 'Maria Jimena.Durán 1@hotmail.com', 'JEFE COMERCIAL', 2, 0),
(100001308, 'Rafael Fernando', 'Caicedo', 'Estrada', 1, 3, 2258, 265, '', 0, 0, 0, 'Rafael Fernando.Caicedo1@HOTMAIL.COM', 'arquitecto', 1, 0),
(100001309, 'Paola Andrea', 'Victoria', 'Lopez', 1, 3, 2258, 265, '', 0, 0, 0, 'Paola Andrea.Victoria1@hotmail.com', 'comerciante', 2, 0),
(100001310, 'John Gerardo', 'Rueda', 'Zamudio', 1, 3, 2258, 254, '', 0, 0, 0, 'John Gerardo.Rueda1@yahoo.com', 'ingeniero', 1, 0),
(100001311, 'Sandra Maritza', 'Peña ', 'Estrada', 1, 3, 2258, 254, '', 0, 0, 0, 'Sandra Maritza.Peña 1@hotmail.com', 'docente', 2, 0),
(100001312, 'Jaime Alfredo', 'Eraso', 'Aviles', 1, 3, 2269, 295, '', 0, 0, 0, 'Jaime Alfredo.Eraso1@gmail.com', 'gerente de apoyo', 1, 0),
(100001313, 'Zulma', 'Duque', 'Mejia', 1, 3, 2258, 295, '', 0, 0, 0, 'Zulma.Duque1@gmail.com', 'ama de casa', 2, 0),
(100001314, 'Fernando Jesus', 'Barreiro', 'Muriel', 5, 3, 2258, 368, '', 0, 0, 0, 'Fernando Jesus.Barreiro1@gmail.com', 'Administrador de Empresas', 1, 0),
(100001315, 'Marisol', 'Lugo', 'Bohorquez', 1, 3, 2882, 261, '', 0, 0, 0, 'Marisol.Lugo1@hotmail.com', 'Trabajo de Manualidades', 2, 0),
(100001316, 'Carlos Alberto', 'Sanín', 'Medina', 2, 3, 2258, 304, '', 0, 0, 0, 'Carlos Alberto.Sanín1@gmail.com', 'Comerciante', 1, 0),
(100001317, 'Paola Andrea', 'Restrepo', 'Fray', 1, 3, 2258, 368, '', 0, 0, 0, 'Paola Andrea.Restrepo1@gmail.com', 'Ama de casa', 2, 0),
(100001318, 'Luis Felipe', 'Marroquin', 'Villegas', 1, 3, 2258, 264, '', 0, 0, 0, 'Luis Felipe.Marroquin1@hotmail.com', 'Comerciante', 1, 0),
(100001319, 'Paola', 'Bartis', 'Zorrilla', 2, 3, 2258, 264, '', 0, 0, 0, 'Paola.Bartis1@hotmail.com', 'Hogar', 2, 0),
(100001320, 'Gregory John', 'Schank', 'Mcallister', 1, 5, 3978, 368, '', 0, 0, 0, 'Gregory John.Schank1@hotmail.com', 'Oficial', 1, 0),
(100001321, 'Schirley', 'Schank', '.', 1, 3, 3978, 368, '', 0, 0, 0, 'Schirley.Schank1@hotmail.com', 'Ama de Casa', 2, 0),
(100001322, 'Adriana', 'Gastaldi', 'Calero', 3, 3, 2258, 261, '', 0, 0, 0, 'Adriana.Gastaldi1@gastaldiweb.com', 'docente', 2, 0),
(100001323, 'Alex  Armando', 'Rosero ', 'Ramos', 1, 3, 2258, 368, '', 0, 0, 0, 'Alex  Armando.Rosero 1@hotmail.com', 'Asesor Financiero', 1, 0),
(100001324, 'Oscar Andres', 'Rivas', 'Lopez', 1, 3, 2258, 17, '', 0, 0, 0, 'Oscar Andres.Rivas1@hotmail.com', 'Ingeniero Industrial', 0, 0),
(100001325, 'Sebastian Camilo', 'Ortega', 'Ceballos ', 1, 3, 4791, 258, '', 0, 0, 0, 'Sebastian Camilo.Ortega1@hotmail.com', 'Ganadero', 1, 0),
(100001326, 'Lesly Viviana', 'Erazo ', 'Mejia', 2, 3, 2258, 372, '', 0, 0, 0, 'Lesly Viviana.Erazo 1@colegiobennett.edu.co', 'Comerciante', 2, 0),
(100001327, 'Maria Cristina', 'Aparicio', 'Sierra', 1, 3, 2258, 264, '', 0, 0, 0, 'Maria Cristina.Aparicio1@hotmail.com', 'ADMINISTRADORA DE EMPRESAS', 2, 0),
(100001328, 'Catalina', 'Graciano', 'Salazar', 5, 3, 2276, 368, '', 0, 0, 0, 'Catalina.Graciano1@hotmail.com', 'Ama De Casa', 2, 0),
(100001329, 'Gloria Isabel', 'Perez', '.', 1, 3, 2258, 319, '', 0, 0, 0, 'Gloria Isabel.Perez1@gmail.com', 'Ama de casa', 2, 0),
(100001330, 'Peter', '.', 'Wardenaar', 1, 3, 2258, 319, '', 0, 0, 0, 'Peter..1@hotmail.com', 'Docente', 0, 0),
(100001331, '', '', '', 0, 0, 0, 0, '', 0, 0, 0, '.1@', '', 1, 0),
(100001332, 'Josep', 'Abrahak', 'Mebarak', 1, 2, 65, 275, '', 0, 0, 0, 'Josep.Abrahak1@mixmail.com', 'Ingeniero de Petroleo', 1, 0),
(100001333, 'Angelica María', 'Martinez', 'Cujar', 1, 3, 2258, 275, '', 0, 0, 0, 'Angelica María.Martinez1@hotmail.com', 'Abogada', 2, 0),
(100001334, 'Juan Carlos', 'Gordillo', '.', 1, 3, 2258, 317, '', 0, 0, 0, 'Juan Carlos.Gordillo1@hotmail.com', 'Administrador', 1, 0),
(100001335, 'Ericka ', 'Ordoñez', '.', 1, 3, 2258, 317, '', 0, 0, 0, 'Ericka .Ordoñez1@hotmail.com', 'Comunicador Social', 2, 0),
(100001336, 'Esequiaz', 'Ordonez', '.', 1, 3, 2258, 368, '', 0, 0, 0, 'Esequiaz.Ordonez1@hotmail.com', 'Empresario', 1, 0),
(100001337, 'Yenny Maritza', 'Florez', 'Canabal', 1, 3, 2258, 368, '', 0, 0, 0, 'Yenny Maritza.Florez1@hotmail.com', 'Gerente administrativa', 2, 0),
(100001338, 'Federico', 'Arcila', 'Vieira ', 1, 3, 2286, 262, '', 0, 0, 0, 'Federico.Arcila1@hotmail.com', 'Ingeniero Civil', 1, 0),
(100001339, 'Olga Lucia', 'Sanchez', 'Arteaga', 1, 3, 2264, 262, '', 0, 0, 0, 'Olga Lucia.Sanchez1@colegiobennett.edu.co', 'Odontologa', 2, 0),
(100001340, 'Jesus Alberto', 'Vidal', 'Burbano', 1, 3, 2282, 368, '', 0, 0, 0, 'Jesus Alberto.Vidal1@hotmail.com', 'Ingeniero Civil', 1, 0),
(100001341, 'Elizabeth', 'Satizabal', 'Franco', 1, 3, 2282, 368, '', 0, 0, 0, 'Elizabeth.Satizabal1@hotmail.com', 'Administradora', 2, 0),
(100001342, 'Walter Javier', 'Elinan', 'Rayo', 1, 3, 2258, 368, '', 0, 0, 0, 'Walter Javier.Elinan1@hotmail.com', 'Abogado', 1, 0),
(100001343, 'Sandra Maritza', 'Gil', 'Moreno', 1, 3, 2287, 368, '', 0, 0, 0, 'Sandra Maritza.Gil1@hotmail.com', 'Ama de casa', 2, 0),
(100001344, 'Andres', 'Mendoza', 'Rodriguez', 0, 0, 0, 0, '', 0, 0, 0, 'Andres.Mendoza1@hotmail.com', '', 1, 0),
(100001345, 'Maria Angelica', 'Paris', 'Agredo', 0, 0, 0, 0, '', 0, 0, 0, 'Maria Angelica.Paris1@hotmail.com', '', 2, 0),
(100001346, 'Jairo Enrique', 'Guevara', 'Enciso', 1, 3, 2261, 310, '', 0, 0, 0, 'Jairo Enrique.Guevara1@hotmail.com', 'Ingeniero Industrial', 1, 0),
(100001347, 'Adriana', 'Idarraga', 'Ramirez ', 1, 3, 2258, 310, '', 0, 0, 0, 'Adriana.Idarraga1@hotmail.com', 'Administradora de Empresas', 2, 0),
(100001348, 'Nestor Alexander', 'Gomez', 'Roa', 1, 3, 2258, 264, '', 0, 0, 0, 'Nestor Alexander.Gomez1@hotmail.com', 'Cheff', 1, 0),
(100001349, 'Jane Manrique', 'Sterling', '.', 0, 0, 0, 0, '', 0, 0, 0, 'Jane Manrique.Sterling1@hotmail.com', '', 2, 0),
(100001350, 'Sandra Milena', 'Campo', 'Marin', 1, 3, 2258, 258, '', 0, 0, 0, 'Sandra Milena.Campo1@hotmail.com', 'Ingeniera Industrial', 2, 0),
(100001351, 'Agobardo', 'Reyes ', 'Mejia', 1, 3, 2258, 258, '', 0, 0, 0, 'Agobardo.Reyes 1@hotmail.com', 'Ingeniero Electricista', 1, 0),
(100001352, 'Armando', 'Orobio', 'Quiñones', 1, 3, 2282, 261, '', 0, 0, 0, 'Armando.Orobio1@gmail.com', 'Ingeniero Civil', 1, 0),
(100001353, 'Alba Eugenia', 'Urrea', 'Cardozo', 1, 3, 2282, 261, '', 0, 0, 0, 'Alba Eugenia.Urrea1@gmail.com', 'Ingeniera De Sistemas', 2, 0),
(100001354, 'Javier Francisco', 'Escobar', 'Diez', 1, 3, 2258, 361, '', 0, 0, 0, 'Javier Francisco.Escobar1@titanlat.com', 'Gerente De Ventas', 1, 0),
(100001355, 'Angela Maria', 'Sguerra', 'Oliveros', 1, 3, 2257, 361, '', 0, 0, 0, 'Angela Maria.Sguerra1@hotmail.com', 'Ama De Casa', 2, 0),
(100001356, 'Jhon Jairo', 'Castro', 'Cardona', 1, 3, 2258, 257, '', 0, 0, 0, 'Jhon Jairo.Castro1@hotmail.com', 'Ingeniero Industrial', 1, 0),
(100001357, 'Sandra Catalina', 'Valdes', 'Jordan', 1, 3, 2258, 257, '', 0, 0, 0, 'Sandra Catalina.Valdes1@hotmail.com', 'Administradora de Empresa', 2, 0),
(100001358, 'Mario German', 'López', 'Cárdona', 3, 3, 2258, 361, '', 0, 0, 0, 'Mario German.López1@hotmail.com', 'Contador', 1, 0),
(100001359, 'María Isabel ', 'Zambrano', 'Gúzman', 3, 3, 2258, 361, '', 0, 0, 0, 'María Isabel .Zambrano1@hotmail.com', 'Abogada', 2, 0),
(100001360, 'Pablo Ariel', 'Esquivel', '-', 1, 2, 2257, 34, '', 0, 0, 0, 'Pablo Ariel.Esquivel1@oratechla.com', 'Director de Aplicaciones', 1, 0),
(100001361, 'Lina Maria', 'Useche', 'Gonzalez', 1, 3, 2258, 34, '', 0, 0, 0, 'Lina Maria.Useche1@oratechla.com', 'Gerente de proyectos', 2, 0),
(100001362, 'Doriam Fernando', 'Leyes', 'Bonilla', 2, 3, 2289, 261, '', 0, 0, 0, 'Doriam Fernando.Leyes1@gmail.com', 'Administrador de Empresas', 1, 0),
(100001363, 'Yenny Marcela', 'Campo ', 'Touzardt', 2, 3, 2289, 261, '', 0, 0, 0, 'Yenny Marcela.Campo 1@hotmail.com', 'Psicologa', 2, 0),
(100001364, 'Manuel Esteban', 'López', 'Erazo', 1, 3, 2258, 266, '', 0, 0, 0, 'Manuel Esteban.López1@live.com', 'Ingniero Electrónico', 1, 0),
(100001365, 'Maria Mercedes', 'Rosero ', 'Calderón', 1, 3, 2258, 266, '', 0, 0, 0, 'Maria Mercedes.Rosero 1@hotmail.com', 'Administradora de Empresas', 2, 0),
(100001366, 'Luis Eduardo', 'Angel', 'Angel', 1, 3, 2258, 374, '', 0, 0, 0, 'Luis Eduardo.Angel1@angelyangel.com', 'Gerentede Mercadeo', 1, 0),
(100001367, 'Jessie', 'Torres', 'Quintero', 1, 3, 2258, 374, '', 0, 0, 0, 'Jessie.Torres1@artesgraficasdelvalle.com', 'Abogada', 2, 0),
(100001368, 'Willman Fernando ', 'Conde', 'Roa', 3, 3, 2258, 365, '', 0, 0, 0, 'Willman Fernando .Conde1@hotmail.com', 'Futbolista Profesional', 1, 0),
(100001369, 'Ana Sofia', 'Cruz', 'Bedoya', 3, 3, 2258, 365, '', 0, 0, 0, 'Ana Sofia.Cruz1@hotmail.com', 'Estudiante', 2, 0),
(100001370, 'Jairo Alberto', 'De La Cruz', 'Villarejo', 1, 3, 2258, 323, '', 0, 0, 0, 'Jairo Alberto.De La Cruz1@hotmail.com', 'Arquitecto', 1, 0),
(100001371, 'María Elvira', 'Camacho', 'Viaña', 1, 3, 2258, 323, '', 0, 0, 0, 'María Elvira.Camacho1@hotmail.com', 'Administradora de Empresas', 2, 0),
(100001372, 'Franco Gilberto', 'Guerrero', 'Vargas', 1, 3, 2258, 258, '', 0, 0, 0, 'Franco Gilberto.Guerrero1@transportescaribe.com', 'Gerente General', 1, 0),
(100001373, 'Adriana Milena', 'Díaz ', 'Montoya', 1, 3, 5037, 258, '', 0, 0, 0, 'Adriana Milena.Díaz 1@hotmail.com', 'Ama de Casa', 2, 0),
(100001374, 'Christian David', 'Quesada', 'Arizabaleta', 1, 3, 2258, 258, '', 0, 0, 0, 'Christian David.Quesada1@gmail.com', 'Medico', 1, 0),
(100001375, 'Paula Andrea', 'Manrique', 'Amelines', 1, 3, 2258, 258, '', 0, 0, 0, 'Paula Andrea.Manrique1@hotmail.com', 'Ingeniera Industrial', 2, 0);

-- --------------------------------------------------------

--
-- Estructura de tabla para la tabla `tb_tipo_documento`
--

CREATE TABLE `tb_tipo_documento` (
  `docu_codi` int(10) UNSIGNED NOT NULL COMMENT 'Codigo del documento',
  `docu_nomb` varchar(30) NOT NULL COMMENT 'Nombre del tipo de documento'
) ENGINE=MyISAM DEFAULT CHARSET=latin1 COMMENT='Se almacena la informacion de los tipos de documentos';

--
-- Volcado de datos para la tabla `tb_tipo_documento`
--

INSERT INTO `tb_tipo_documento` (`docu_codi`, `docu_nomb`) VALUES
(1, 'Tarjeta de identidad'),
(2, 'Pasaporte'),
(3, 'Cédula'),
(4, 'N.U.I.P.'),
(5, 'R.U.T.'),
(6, 'N.I.T.'),
(7, 'Registro Civil');

-- --------------------------------------------------------

--
-- Estructura de tabla para la tabla `tb_tipo_sangre`
--

CREATE TABLE `tb_tipo_sangre` (
  `sang_codi` tinyint(10) UNSIGNED NOT NULL COMMENT 'Codigo del tipo de sangre',
  `sang_nomb` varchar(5) NOT NULL COMMENT 'Nombre del tipo de sangre'
) ENGINE=MyISAM DEFAULT CHARSET=latin1 COMMENT='Se almacena la informacion de los tipos de sangre';

--
-- Volcado de datos para la tabla `tb_tipo_sangre`
--

INSERT INTO `tb_tipo_sangre` (`sang_codi`, `sang_nomb`) VALUES
(1, 'O+'),
(2, 'A-'),
(3, 'O-'),
(4, 'A+'),
(5, 'B+'),
(6, 'B-'),
(7, 'AB-'),
(8, 'AB+');

-- --------------------------------------------------------

--
-- Estructura de tabla para la tabla `tb_usuario`
--

CREATE TABLE `tb_usuario` (
  `usua_codi` int(11) NOT NULL,
  `usua_user` varchar(100) COLLATE utf8_spanish2_ci NOT NULL,
  `usua_pass` varchar(100) COLLATE utf8_spanish2_ci NOT NULL,
  `perso_cod` varchar(4) COLLATE utf8_spanish2_ci NOT NULL
) ENGINE=InnoDB DEFAULT CHARSET=utf8 COLLATE=utf8_spanish2_ci;

--
-- Volcado de datos para la tabla `tb_usuario`
--

INSERT INTO `tb_usuario` (`usua_codi`, `usua_user`, `usua_pass`, `perso_cod`) VALUES
(1, 'yovaromo', '202cb962ac59075b964b07152d234b70', '');

--
-- Índices para tablas volcadas
--

--
-- Indices de la tabla `tb_barrio`
--
ALTER TABLE `tb_barrio`
  ADD PRIMARY KEY (`barr_codi`);

--
-- Indices de la tabla `tb_comuna`
--
ALTER TABLE `tb_comuna`
  ADD PRIMARY KEY (`comu_codi`);

--
-- Indices de la tabla `tb_departamento`
--
ALTER TABLE `tb_departamento`
  ADD PRIMARY KEY (`depa_codi`);

--
-- Indices de la tabla `tb_estado_civil`
--
ALTER TABLE `tb_estado_civil`
  ADD PRIMARY KEY (`esta_civi_codi`);

--
-- Indices de la tabla `tb_genero`
--
ALTER TABLE `tb_genero`
  ADD PRIMARY KEY (`gene_codi`);

--
-- Indices de la tabla `tb_municipio`
--
ALTER TABLE `tb_municipio`
  ADD PRIMARY KEY (`muni_codi`);

--
-- Indices de la tabla `tb_pais`
--
ALTER TABLE `tb_pais`
  ADD PRIMARY KEY (`pais_codi`);

--
-- Indices de la tabla `tb_persona`
--
ALTER TABLE `tb_persona`
  ADD PRIMARY KEY (`perso_codi`);

--
-- Indices de la tabla `tb_tipo_documento`
--
ALTER TABLE `tb_tipo_documento`
  ADD PRIMARY KEY (`docu_codi`);

--
-- Indices de la tabla `tb_tipo_sangre`
--
ALTER TABLE `tb_tipo_sangre`
  ADD PRIMARY KEY (`sang_codi`);

--
-- Indices de la tabla `tb_usuario`
--
ALTER TABLE `tb_usuario`
  ADD PRIMARY KEY (`usua_codi`);

--
-- AUTO_INCREMENT de las tablas volcadas
--

--
-- AUTO_INCREMENT de la tabla `tb_barrio`
--
ALTER TABLE `tb_barrio`
  MODIFY `barr_codi` int(10) UNSIGNED NOT NULL AUTO_INCREMENT COMMENT 'Codigo del barrio', AUTO_INCREMENT=377;

--
-- AUTO_INCREMENT de la tabla `tb_comuna`
--
ALTER TABLE `tb_comuna`
  MODIFY `comu_codi` int(10) UNSIGNED NOT NULL AUTO_INCREMENT COMMENT 'Codigo de la comuna', AUTO_INCREMENT=10004;

--
-- AUTO_INCREMENT de la tabla `tb_departamento`
--
ALTER TABLE `tb_departamento`
  MODIFY `depa_codi` int(10) UNSIGNED NOT NULL AUTO_INCREMENT COMMENT 'Codigo del departamento', AUTO_INCREMENT=1423;

--
-- AUTO_INCREMENT de la tabla `tb_estado_civil`
--
ALTER TABLE `tb_estado_civil`
  MODIFY `esta_civi_codi` tinyint(3) UNSIGNED NOT NULL AUTO_INCREMENT COMMENT 'Codigo del estado civil del acudiente', AUTO_INCREMENT=6;

--
-- AUTO_INCREMENT de la tabla `tb_genero`
--
ALTER TABLE `tb_genero`
  MODIFY `gene_codi` int(10) UNSIGNED NOT NULL AUTO_INCREMENT COMMENT 'Codigo del genero', AUTO_INCREMENT=3;

--
-- AUTO_INCREMENT de la tabla `tb_municipio`
--
ALTER TABLE `tb_municipio`
  MODIFY `muni_codi` int(10) UNSIGNED NOT NULL AUTO_INCREMENT COMMENT 'Codigo del municipio', AUTO_INCREMENT=5149;

--
-- AUTO_INCREMENT de la tabla `tb_persona`
--
ALTER TABLE `tb_persona`
  MODIFY `perso_codi` bigint(20) UNSIGNED NOT NULL AUTO_INCREMENT, AUTO_INCREMENT=100001376;

--
-- AUTO_INCREMENT de la tabla `tb_tipo_documento`
--
ALTER TABLE `tb_tipo_documento`
  MODIFY `docu_codi` int(10) UNSIGNED NOT NULL AUTO_INCREMENT COMMENT 'Codigo del documento', AUTO_INCREMENT=8;

--
-- AUTO_INCREMENT de la tabla `tb_tipo_sangre`
--
ALTER TABLE `tb_tipo_sangre`
  MODIFY `sang_codi` tinyint(10) UNSIGNED NOT NULL AUTO_INCREMENT COMMENT 'Codigo del tipo de sangre', AUTO_INCREMENT=9;

--
-- AUTO_INCREMENT de la tabla `tb_usuario`
--
ALTER TABLE `tb_usuario`
  MODIFY `usua_codi` int(11) NOT NULL AUTO_INCREMENT, AUTO_INCREMENT=2;
COMMIT;

/*!40101 SET CHARACTER_SET_CLIENT=@OLD_CHARACTER_SET_CLIENT */;
/*!40101 SET CHARACTER_SET_RESULTS=@OLD_CHARACTER_SET_RESULTS */;
/*!40101 SET COLLATION_CONNECTION=@OLD_COLLATION_CONNECTION */;
